基金名稱,名次,券商,總手續費,總手續費占比,交易金額,股票手續費,平均手續費率,投信,主基金名稱
兆豐ESG台美永續雙盈多重資產基金 (本基金有相當比重投資於非投資等級之高風險債券且配息來源可能為本金),1,凱基證券,116397,20.51%,116270476,116397,0.10%,兆豐投信,兆豐ESG台美永續雙盈多重資產基金
兆豐ESG台美永續雙盈多重資產基金 (本基金有相當比重投資於非投資等級之高風險債券且配息來源可能為本金),2,兆豐證券,86992,15.33%,86738649,86992,0.10%,兆豐投信,兆豐ESG台美永續雙盈多重資產基金
兆豐ESG台美永續雙盈多重資產基金 (本基金有相當比重投資於非投資等級之高風險債券且配息來源可能為本金),3,MS,190193,33.52%,75885856,190193,0.25%,兆豐投信,兆豐ESG台美永續雙盈多重資產基金
兆豐ESG台美永續雙盈多重資產基金 (本基金有相當比重投資於非投資等級之高風險債券且配息來源可能為本金),4,永豐金證券,73229,12.91%,63185381,73229,0.12%,兆豐投信,兆豐ESG台美永續雙盈多重資產基金
兆豐ESG台美永續雙盈多重資產基金 (本基金有相當比重投資於非投資等級之高風險債券且配息來源可能為本金),5,元大證券,30267,5.33%,30147429,30267,0.10%,兆豐投信,兆豐ESG台美永續雙盈多重資產基金
兆豐全球尖端科技多重資產基金 (本基金之配息來源可能為本金),1,凱基證券,348048,21.36%,347972583,348048,0.10%,兆豐投信,兆豐全球尖端科技多重資產基金
兆豐全球尖端科技多重資產基金 (本基金之配息來源可能為本金),2,中信證券,216743,13.30%,215616850,216743,0.10%,兆豐投信,兆豐全球尖端科技多重資產基金
兆豐全球尖端科技多重資產基金 (本基金之配息來源可能為本金),3,永豐金證券,242616,14.89%,203257823,242616,0.12%,兆豐投信,兆豐全球尖端科技多重資產基金
兆豐全球尖端科技多重資產基金 (本基金之配息來源可能為本金),4,MS,420751,25.83%,167901827,420751,0.25%,兆豐投信,兆豐全球尖端科技多重資產基金
兆豐全球尖端科技多重資產基金 (本基金之配息來源可能為本金),5,台新證券,83490,5.12%,69985681,83490,0.12%,兆豐投信,兆豐全球尖端科技多重資產基金
兆豐台美動能股債平衡ETF基金 (基金之配息來源可能為收益平準金),1,凱基證券,142927,23.06%,142627949,142927,0.10%,兆豐投信,兆豐台美動能股債平衡ETF基金
兆豐台美動能股債平衡ETF基金 (基金之配息來源可能為收益平準金),2,兆豐證券,116824,18.85%,116578632,116824,0.10%,兆豐投信,兆豐台美動能股債平衡ETF基金
兆豐台美動能股債平衡ETF基金 (基金之配息來源可能為收益平準金),3,群益金鼎證券,91597,14.78%,91444070,91597,0.10%,兆豐投信,兆豐台美動能股債平衡ETF基金
兆豐台美動能股債平衡ETF基金 (基金之配息來源可能為收益平準金),4,永豐金證券,60076,9.69%,59992209,60076,0.10%,兆豐投信,兆豐台美動能股債平衡ETF基金
兆豐台美動能股債平衡ETF基金 (基金之配息來源可能為收益平準金),5,統一綜合證券,56159,9.06%,56077818,56159,0.10%,兆豐投信,兆豐台美動能股債平衡ETF基金
兆豐台灣豐收主動式 ETF基金 (基金之配息來源可能為收益平準金),1,兆豐證券,2043642,20.49%,2043079917,2043642,0.10%,兆豐投信,兆豐台灣豐收主動式 ETF基金
兆豐台灣豐收主動式 ETF基金 (基金之配息來源可能為收益平準金),2,統一綜合證券,1749044,17.54%,1748226163,1749044,0.10%,兆豐投信,兆豐台灣豐收主動式 ETF基金
兆豐台灣豐收主動式 ETF基金 (基金之配息來源可能為收益平準金),3,群益金鼎證券,1398812,14.03%,1398438827,1398812,0.10%,兆豐投信,兆豐台灣豐收主動式 ETF基金
兆豐台灣豐收主動式 ETF基金 (基金之配息來源可能為收益平準金),4,中信證券,1050575,10.53%,1050078762,1050575,0.10%,兆豐投信,兆豐台灣豐收主動式 ETF基金
兆豐台灣豐收主動式 ETF基金 (基金之配息來源可能為收益平準金),5,永豐金證券,992233,9.95%,990980759,992233,0.10%,兆豐投信,兆豐台灣豐收主動式 ETF基金
兆豐美國戰略智造多重資產基金 (本基金有相當比重投資於非投資等級之高風險債券且配息來源可能為本金),1,凱基證券,219923,21.25%,220143840,219923,0.10%,兆豐投信,兆豐美國戰略智造多重資產基金
兆豐美國戰略智造多重資產基金 (本基金有相當比重投資於非投資等級之高風險債券且配息來源可能為本金),2,永豐金證券,219834,21.24%,183416363,219834,0.12%,兆豐投信,兆豐美國戰略智造多重資產基金
兆豐美國戰略智造多重資產基金 (本基金有相當比重投資於非投資等級之高風險債券且配息來源可能為本金),3,國泰綜合證券,115900,11.20%,144989782,115900,0.08%,兆豐投信,兆豐美國戰略智造多重資產基金
兆豐美國戰略智造多重資產基金 (本基金有相當比重投資於非投資等級之高風險債券且配息來源可能為本金),4,元大證券,143953,13.91%,120104381,143953,0.12%,兆豐投信,兆豐美國戰略智造多重資產基金
兆豐美國戰略智造多重資產基金 (本基金有相當比重投資於非投資等級之高風險債券且配息來源可能為本金),5,統一綜合證券,90794,8.77%,75752982,90794,0.12%,兆豐投信,兆豐美國戰略智造多重資產基金
兆豐第一基金,1,兆豐證券,29981,21.52%,29958354,29981,0.10%,兆豐投信,兆豐第一基金
兆豐第一基金,2,新光證券,24188,17.36%,24114645,24188,0.10%,兆豐投信,兆豐第一基金
兆豐第一基金,3,凱基證券,15180,10.90%,15144325,15180,0.10%,兆豐投信,兆豐第一基金
兆豐第一基金,4,彰化商業銀行,13553,9.73%,13500285,13553,0.10%,兆豐投信,兆豐第一基金
兆豐第一基金,5,玉山綜合證券,11610,8.33%,11602856,11610,0.10%,兆豐投信,兆豐第一基金
兆豐萬全基金,1,兆豐證券,118350,21.41%,118173015,118350,0.10%,兆豐投信,兆豐萬全基金
兆豐萬全基金,2,國泰綜合證券,80443,14.55%,80306918,80443,0.10%,兆豐投信,兆豐萬全基金
兆豐萬全基金,3,第一金證券,72569,13.13%,72438991,72569,0.10%,兆豐投信,兆豐萬全基金
兆豐萬全基金,4,永豐金證券,70460,12.75%,70502813,70460,0.10%,兆豐投信,兆豐萬全基金
兆豐萬全基金,5,凱基證券,51529,9.32%,51442529,51529,0.10%,兆豐投信,兆豐萬全基金
兆豐全球基金,1,凱基證券,735022,20.93%,731939302,735022,0.10%,兆豐投信,兆豐全球基金
兆豐全球基金,2,永豐金證券,560396,15.96%,463271070,560396,0.12%,兆豐投信,兆豐全球基金
兆豐全球基金,3,群益金鼎證券,585774,16.68%,390510113,585774,0.15%,兆豐投信,兆豐全球基金
兆豐全球基金,4,CT,248209,7.07%,278210774,248209,0.09%,兆豐投信,兆豐全球基金
兆豐全球基金,5,DAIWA,523407,14.91%,261669685,523407,0.20%,兆豐投信,兆豐全球基金
兆豐國民基金 ((基金之配息來源可能為收益平準金)),1,統一綜合證券,508337,15.40%,507814850,508337,0.10%,兆豐投信,兆豐國民基金
兆豐國民基金 ((基金之配息來源可能為收益平準金)),2,兆豐證券,396710,12.02%,395987512,396710,0.10%,兆豐投信,兆豐國民基金
兆豐國民基金 ((基金之配息來源可能為收益平準金)),3,彰化商業銀行,366797,11.11%,366149009,366797,0.10%,兆豐投信,兆豐國民基金
兆豐國民基金 ((基金之配息來源可能為收益平準金)),4,富邦證券,364543,11.04%,363855759,364543,0.10%,兆豐投信,兆豐國民基金
兆豐國民基金 ((基金之配息來源可能為收益平準金)),5,群益金鼎證券,241020,7.30%,240776380,241020,0.10%,兆豐投信,兆豐國民基金
兆豐豐台灣基金,1,統一綜合證券,731940,17.35%,731396296,731940,0.10%,兆豐投信,兆豐豐台灣基金
兆豐豐台灣基金,2,兆豐證券,619859,14.70%,619214392,619859,0.10%,兆豐投信,兆豐豐台灣基金
兆豐豐台灣基金,3,群益金鼎證券,566100,13.42%,564843076,566100,0.10%,兆豐投信,兆豐豐台灣基金
兆豐豐台灣基金,4,國泰綜合證券,548706,13.01%,547990268,548706,0.10%,兆豐投信,兆豐豐台灣基金
兆豐豐台灣基金,5,永豐金證券,374967,8.89%,374597734,374967,0.10%,兆豐投信,兆豐豐台灣基金
兆豐生命科學基金,1,凱基證券,16883,20.97%,16864832,16883,0.10%,兆豐投信,兆豐生命科學基金
兆豐生命科學基金,2,永豐金證券,15966,19.83%,13301507,15966,0.12%,兆豐投信,兆豐生命科學基金
兆豐生命科學基金,3,YC2,10833,13.46%,10834180,10833,0.10%,兆豐投信,兆豐生命科學基金
兆豐生命科學基金,4,TY2,11623,14.44%,9674332,11623,0.12%,兆豐投信,兆豐生命科學基金
兆豐生命科學基金,5,富邦證券,12710,15.79%,8470831,12710,0.15%,兆豐投信,兆豐生命科學基金
兆豐中國A股基金,1,凱基證券,1023194,29.86%,1022283914,1023194,0.10%,兆豐投信,兆豐中國A股基金
兆豐中國A股基金,2,元大證券,683998,19.96%,683818275,683998,0.10%,兆豐投信,兆豐中國A股基金
兆豐中國A股基金,3,群益金鼎證券,424707,12.39%,424767198,424707,0.10%,兆豐投信,兆豐中國A股基金
兆豐中國A股基金,4,CITIC,236470,6.90%,236096807,236470,0.10%,兆豐投信,兆豐中國A股基金
兆豐中國A股基金,5,國泰綜合證券,213863,6.24%,213770747,213863,0.10%,兆豐投信,兆豐中國A股基金
兆豐臺灣藍籌30ETF基金,1,兆豐證券,328854,17.53%,327542051,328854,0.10%,兆豐投信,兆豐臺灣藍籌30ETF基金
兆豐臺灣藍籌30ETF基金,2,群益金鼎證券,316239,16.85%,316375092,316239,0.10%,兆豐投信,兆豐臺灣藍籌30ETF基金
兆豐臺灣藍籌30ETF基金,3,永豐金證券,179828,9.58%,180119821,179828,0.10%,兆豐投信,兆豐臺灣藍籌30ETF基金
兆豐臺灣藍籌30ETF基金,4,合作金庫證券,169820,9.05%,169460040,169820,0.10%,兆豐投信,兆豐臺灣藍籌30ETF基金
兆豐臺灣藍籌30ETF基金,5,元大證券,163828,8.73%,163666588,163828,0.10%,兆豐投信,兆豐臺灣藍籌30ETF基金
兆豐電子基金,1,兆豐證券,572515,13.48%,571931907,572515,0.10%,兆豐投信,兆豐電子基金
兆豐電子基金,2,中信證券,477576,11.24%,476932648,477576,0.10%,兆豐投信,兆豐電子基金
兆豐電子基金,3,玉山綜合證券,462695,10.89%,462548179,462695,0.10%,兆豐投信,兆豐電子基金
兆豐電子基金,4,群益金鼎證券,413934,9.74%,413730578,413934,0.10%,兆豐投信,兆豐電子基金
兆豐電子基金,5,國泰綜合證券,375427,8.84%,374711016,375427,0.10%,兆豐投信,兆豐電子基金
兆豐中國內需A股基金,1,凱基證券,1292295,28.16%,1291875158,1292295,0.10%,兆豐投信,兆豐中國內需A股基金
兆豐中國內需A股基金,2,永豐金證券,1187799,25.88%,1187488578,1187799,0.10%,兆豐投信,兆豐中國內需A股基金
兆豐中國內需A股基金,3,群益金鼎證券,685418,14.93%,685222382,685418,0.10%,兆豐投信,兆豐中國內需A股基金
兆豐中國內需A股基金,4,元大證券,428132,9.33%,427895525,428132,0.10%,兆豐投信,兆豐中國內需A股基金
兆豐中國內需A股基金,5,TFI,329768,7.19%,329543968,329768,0.10%,兆豐投信,兆豐中國內需A股基金
兆豐台灣先進通訊基金,1,兆豐證券,289103,17.00%,288830073,289103,0.10%,兆豐投信,兆豐台灣先進通訊基金
兆豐台灣先進通訊基金,2,新光證券,219680,12.92%,219359859,219680,0.10%,兆豐投信,兆豐台灣先進通訊基金
兆豐台灣先進通訊基金,3,中信證券,206224,12.13%,205945241,206224,0.10%,兆豐投信,兆豐台灣先進通訊基金
兆豐台灣先進通訊基金,4,統一綜合證券,173721,10.22%,173606753,173721,0.10%,兆豐投信,兆豐台灣先進通訊基金
兆豐台灣先進通訊基金,5,國泰綜合證券,128832,7.58%,128673313,128832,0.10%,兆豐投信,兆豐台灣先進通訊基金
兆豐台灣金傳精選股息基金,1,兆豐證券,35710,18.56%,35733549,35710,0.10%,兆豐投信,兆豐台灣金傳精選股息基金
兆豐台灣金傳精選股息基金,2,統一綜合證券,34731,18.05%,34769723,34731,0.10%,兆豐投信,兆豐台灣金傳精選股息基金
兆豐台灣金傳精選股息基金,3,合作金庫證券,20612,10.71%,20649003,20612,0.10%,兆豐投信,兆豐台灣金傳精選股息基金
兆豐台灣金傳精選股息基金,4,凱基證券,19583,10.18%,19538048,19583,0.10%,兆豐投信,兆豐台灣金傳精選股息基金
兆豐台灣金傳精選股息基金,5,中信證券,18394,9.56%,18326412,18394,0.10%,兆豐投信,兆豐台灣金傳精選股息基金
兆豐全球元宇宙科技基金,1,凱基證券,92021,17.85%,92000018,92021,0.10%,兆豐投信,兆豐全球元宇宙科技基金
兆豐全球元宇宙科技基金,2,玉山綜合證券,64177,12.45%,64191338,64177,0.10%,兆豐投信,兆豐全球元宇宙科技基金
兆豐全球元宇宙科技基金,3,群益金鼎證券,92755,18.00%,62186942,92755,0.15%,兆豐投信,兆豐全球元宇宙科技基金
兆豐全球元宇宙科技基金,4,兆豐證券,49805,9.66%,48615059,49805,0.10%,兆豐投信,兆豐全球元宇宙科技基金
兆豐全球元宇宙科技基金,5,DAIWA,92151,17.88%,46076136,92151,0.20%,兆豐投信,兆豐全球元宇宙科技基金
兆豐洲際半導體ETF基金,1,凱基證券,353214,24.82%,353362051,353214,0.10%,兆豐投信,兆豐洲際半導體ETF基金
兆豐洲際半導體ETF基金,2,永豐金證券,396006,27.83%,330130914,396006,0.12%,兆豐投信,兆豐洲際半導體ETF基金
兆豐洲際半導體ETF基金,3,國泰綜合證券,201768,14.18%,252312582,201768,0.08%,兆豐投信,兆豐洲際半導體ETF基金
兆豐洲際半導體ETF基金,4,統一綜合證券,156754,11.02%,196101853,156754,0.08%,兆豐投信,兆豐洲際半導體ETF基金
兆豐洲際半導體ETF基金,5,元大證券,199249,14.00%,166138878,199249,0.12%,兆豐投信,兆豐洲際半導體ETF基金
兆豐特選台灣晶圓製造ETF基金,1,兆豐證券,667304,20.97%,667763269,667304,0.10%,兆豐投信,兆豐特選台灣晶圓製造ETF基金
兆豐特選台灣晶圓製造ETF基金,2,富邦證券,458060,14.39%,457818949,458060,0.10%,兆豐投信,兆豐特選台灣晶圓製造ETF基金
兆豐特選台灣晶圓製造ETF基金,3,統一綜合證券,368132,11.57%,368555148,368132,0.10%,兆豐投信,兆豐特選台灣晶圓製造ETF基金
兆豐特選台灣晶圓製造ETF基金,4,凱基證券,334330,10.51%,334782549,334330,0.10%,兆豐投信,兆豐特選台灣晶圓製造ETF基金
兆豐特選台灣晶圓製造ETF基金,5,群益金鼎證券,330377,10.38%,330345078,330377,0.10%,兆豐投信,兆豐特選台灣晶圓製造ETF基金
兆豐台灣產業龍頭存股等權重ETF基金 (本基金之配息來源可能為收益平準金),1,富邦證券,436185,20.11%,434938070,436185,0.10%,兆豐投信,兆豐台灣產業龍頭存股等權重ETF基金
兆豐台灣產業龍頭存股等權重ETF基金 (本基金之配息來源可能為收益平準金),2,凱基證券,406411,18.74%,405467486,406411,0.10%,兆豐投信,兆豐台灣產業龍頭存股等權重ETF基金
兆豐台灣產業龍頭存股等權重ETF基金 (本基金之配息來源可能為收益平準金),3,中信證券,400207,18.45%,400646434,400207,0.10%,兆豐投信,兆豐台灣產業龍頭存股等權重ETF基金
兆豐台灣產業龍頭存股等權重ETF基金 (本基金之配息來源可能為收益平準金),4,群益金鼎證券,252511,11.64%,252612544,252511,0.10%,兆豐投信,兆豐台灣產業龍頭存股等權重ETF基金
兆豐台灣產業龍頭存股等權重ETF基金 (本基金之配息來源可能為收益平準金),5,永豐金證券,165973,7.65%,167224090,165973,0.10%,兆豐投信,兆豐台灣產業龍頭存股等權重ETF基金
兆豐日本優勢多重資產基金 (本基金之配息來源可能為本金),1,中信證券,399312,20.11%,341641972,399312,0.12%,兆豐投信,兆豐日本優勢多重資產基金
兆豐日本優勢多重資產基金 (本基金之配息來源可能為本金),2,凱基證券,396637,19.97%,325769274,396637,0.12%,兆豐投信,兆豐日本優勢多重資產基金
兆豐日本優勢多重資產基金 (本基金之配息來源可能為本金),3,永豐金證券,248268,12.50%,176250245,248268,0.14%,兆豐投信,兆豐日本優勢多重資產基金
兆豐日本優勢多重資產基金 (本基金之配息來源可能為本金),4,群益金鼎證券,256261,12.90%,170812500,256261,0.15%,兆豐投信,兆豐日本優勢多重資產基金
兆豐日本優勢多重資產基金 (本基金之配息來源可能為本金),5,統一綜合證券,184668,9.30%,148056972,184668,0.12%,兆豐投信,兆豐日本優勢多重資產基金
兆豐收益增長多重資產基金 (本基金之配息來源可能為本金),1,凱基證券,275585,20.47%,275410382,275585,0.10%,兆豐投信,兆豐收益增長多重資產基金
兆豐收益增長多重資產基金 (本基金之配息來源可能為本金),2,中信證券,273028,20.28%,272551343,273028,0.10%,兆豐投信,兆豐收益增長多重資產基金
兆豐收益增長多重資產基金 (本基金之配息來源可能為本金),3,MS,418171,31.06%,167044231,418171,0.25%,兆豐投信,兆豐收益增長多重資產基金
兆豐收益增長多重資產基金 (本基金之配息來源可能為本金),4,國泰綜合證券,86989,6.46%,99310658,86989,0.09%,兆豐投信,兆豐收益增長多重資產基金
兆豐收益增長多重資產基金 (本基金之配息來源可能為本金),5,富邦證券,81267,6.04%,91476176,81267,0.09%,兆豐投信,兆豐收益增長多重資產基金
兆豐台灣ESG永續高股息等權重 ETF 基金 (基金之配息來源可能為收益平準金且本基金並無保證收益及配息),1,兆豐證券,926492,16.56%,925620396,926492,0.10%,兆豐投信,兆豐台灣ESG永續高股息等權重 ETF 基金
兆豐台灣ESG永續高股息等權重 ETF 基金 (基金之配息來源可能為收益平準金且本基金並無保證收益及配息),2,永豐金證券,812658,14.52%,816190437,812658,0.10%,兆豐投信,兆豐台灣ESG永續高股息等權重 ETF 基金
兆豐台灣ESG永續高股息等權重 ETF 基金 (基金之配息來源可能為收益平準金且本基金並無保證收益及配息),3,群益金鼎證券,711879,12.72%,711174235,711879,0.10%,兆豐投信,兆豐台灣ESG永續高股息等權重 ETF 基金
兆豐台灣ESG永續高股息等權重 ETF 基金 (基金之配息來源可能為收益平準金且本基金並無保證收益及配息),4,凱基證券,708505,12.66%,707795079,708505,0.10%,兆豐投信,兆豐台灣ESG永續高股息等權重 ETF 基金
兆豐台灣ESG永續高股息等權重 ETF 基金 (基金之配息來源可能為收益平準金且本基金並無保證收益及配息),5,統一綜合證券,560331,10.01%,560657691,560331,0.10%,兆豐投信,兆豐台灣ESG永續高股息等權重 ETF 基金
兆豐台灣電子成長高息等權重ETF基金 (基金之配息來源可能為收益平準金且本基金並無保證收益及配息),1,兆豐證券,343904,28.28%,343737919,343904,0.10%,兆豐投信,兆豐台灣電子成長高息等權重ETF基金
兆豐台灣電子成長高息等權重ETF基金 (基金之配息來源可能為收益平準金且本基金並無保證收益及配息),2,凱基證券,283224,23.29%,283079712,283224,0.10%,兆豐投信,兆豐台灣電子成長高息等權重ETF基金
兆豐台灣電子成長高息等權重ETF基金 (基金之配息來源可能為收益平準金且本基金並無保證收益及配息),3,群益金鼎證券,240376,19.77%,240401189,240376,0.10%,兆豐投信,兆豐台灣電子成長高息等權重ETF基金
兆豐台灣電子成長高息等權重ETF基金 (基金之配息來源可能為收益平準金且本基金並無保證收益及配息),4,永豐金證券,175717,14.45%,175923270,175717,0.10%,兆豐投信,兆豐台灣電子成長高息等權重ETF基金
兆豐台灣電子成長高息等權重ETF基金 (基金之配息來源可能為收益平準金且本基金並無保證收益及配息),5,國泰綜合證券,77549,6.38%,77527745,77549,0.10%,兆豐投信,兆豐台灣電子成長高息等權重ETF基金
第一金量化日本基金,1,第一金證券,1076522,13.05%,897111736,1076522,0.12%,第一金投信,第一金量化日本基金
第一金量化日本基金,2,Mizuho Securities Asia Limited,996903,12.08%,766850187,996903,0.13%,第一金投信,第一金量化日本基金
第一金量化日本基金,3,統一綜合證券,823608,9.98%,686348635,823608,0.12%,第一金投信,第一金量化日本基金
第一金量化日本基金,4,華南永昌綜合證券,701029,8.50%,584190420,701029,0.12%,第一金投信,第一金量化日本基金
第一金量化日本基金,5,群益金鼎證券,1140531,13.82%,570266367,1140531,0.20%,第一金投信,第一金量化日本基金
第一金美元優選收益非投資等級債券ETF基金 (本基金之配息來源可能為收益平準金),1,Jane Street,0,0.00%,0,0,0.00%,第一金投信,第一金美元優選收益非投資等級債券ETF基金
第一金美元優選收益非投資等級債券ETF基金 (本基金之配息來源可能為收益平準金),2,元大證券,0,0.00%,0,0,0.00%,第一金投信,第一金美元優選收益非投資等級債券ETF基金
第一金美元優選收益非投資等級債券ETF基金 (本基金之配息來源可能為收益平準金),3,nan,0,0.00%,0,0,0.00%,第一金投信,第一金美元優選收益非投資等級債券ETF基金
第一金美元優選收益非投資等級債券ETF基金 (本基金之配息來源可能為收益平準金),4,nan,0,0.00%,0,0,0.00%,第一金投信,第一金美元優選收益非投資等級債券ETF基金
第一金美元優選收益非投資等級債券ETF基金 (本基金之配息來源可能為收益平準金),5,nan,0,0.00%,0,0,0.00%,第一金投信,第一金美元優選收益非投資等級債券ETF基金
第一金台股趨勢優選主動式ETF基金 (本基金配息來源可能為收益平準金),1,第一金證券,3804288,20.75%,4227387519,3804288,0.09%,第一金投信,第一金台股趨勢優選主動式ETF基金
第一金台股趨勢優選主動式ETF基金 (本基金配息來源可能為收益平準金),2,群益金鼎證券,2902195,15.83%,3224982032,2902195,0.09%,第一金投信,第一金台股趨勢優選主動式ETF基金
第一金台股趨勢優選主動式ETF基金 (本基金配息來源可能為收益平準金),3,永豐金證券,2789351,15.21%,3099565450,2789351,0.09%,第一金投信,第一金台股趨勢優選主動式ETF基金
第一金台股趨勢優選主動式ETF基金 (本基金配息來源可能為收益平準金),4,凱基證券,2556399,13.94%,2840775354,2556399,0.09%,第一金投信,第一金台股趨勢優選主動式ETF基金
第一金台股趨勢優選主動式ETF基金 (本基金配息來源可能為收益平準金),5,國泰綜合證券,2216569,12.09%,2463066254,2216569,0.09%,第一金投信,第一金台股趨勢優選主動式ETF基金
第一金台股趨勢優股息主動式ETF基金 (本基金並無保證收益及配息且配息來源可能為收益平準金),1,第一金證券,710879,21.93%,789946050,710879,0.09%,第一金投信,第一金台股趨勢優股息主動式ETF基金
第一金台股趨勢優股息主動式ETF基金 (本基金並無保證收益及配息且配息來源可能為收益平準金),2,群益金鼎證券,630357,19.45%,700479750,630357,0.09%,第一金投信,第一金台股趨勢優股息主動式ETF基金
第一金台股趨勢優股息主動式ETF基金 (本基金並無保證收益及配息且配息來源可能為收益平準金),3,元大證券,527258,16.27%,585909150,527258,0.09%,第一金投信,第一金台股趨勢優股息主動式ETF基金
第一金台股趨勢優股息主動式ETF基金 (本基金並無保證收益及配息且配息來源可能為收益平準金),4,統一綜合證券,520239,16.05%,578088750,520239,0.09%,第一金投信,第一金台股趨勢優股息主動式ETF基金
第一金台股趨勢優股息主動式ETF基金 (本基金並無保證收益及配息且配息來源可能為收益平準金),5,永豐金證券,446685,13.78%,496389930,446685,0.09%,第一金投信,第一金台股趨勢優股息主動式ETF基金
第一金全球大趨勢基金,1,第一金證券,492102,21.15%,478509874,492102,0.10%,第一金投信,第一金全球大趨勢基金
第一金全球大趨勢基金,2,永豐金證券,431548,18.54%,359202732,431548,0.12%,第一金投信,第一金全球大趨勢基金
第一金全球大趨勢基金,3,台新證券,340091,14.61%,338848528,340091,0.10%,第一金投信,第一金全球大趨勢基金
第一金全球大趨勢基金,4,國泰綜合證券,336201,14.45%,314799649,336201,0.11%,第一金投信,第一金全球大趨勢基金
第一金全球大趨勢基金,5,富邦證券,337294,14.49%,306764372,337294,0.11%,第一金投信,第一金全球大趨勢基金
第一金亞洲科技基金,1,第一金證券,577687,20.46%,419608822,577687,0.14%,第一金投信,第一金亞洲科技基金
第一金亞洲科技基金,2,永豐金證券,328357,11.63%,224821181,328357,0.15%,第一金投信,第一金亞洲科技基金
第一金亞洲科技基金,3,Okasan International (Asia) Ltd,342690,12.14%,218189163,342690,0.16%,第一金投信,第一金亞洲科技基金
第一金亞洲科技基金,4,富邦證券,334013,11.83%,203503816,334013,0.16%,第一金投信,第一金亞洲科技基金
第一金亞洲科技基金,5,中信證券(香港)有限公司,366904,12.99%,192694653,366904,0.19%,第一金投信,第一金亞洲科技基金
第一金電子基金,1,第一金證券,2097353,13.32%,2330514541,2097353,0.09%,第一金投信,第一金電子基金
第一金電子基金,2,元大證券,1911878,12.14%,2124397483,1911878,0.09%,第一金投信,第一金電子基金
第一金電子基金,3,群益金鼎證券,1447184,9.19%,1608084535,1447184,0.09%,第一金投信,第一金電子基金
第一金電子基金,4,永豐金證券,1263170,8.02%,1403614237,1263170,0.09%,第一金投信,第一金電子基金
第一金電子基金,5,凱基證券,1180790,7.50%,1312055994,1180790,0.09%,第一金投信,第一金電子基金
第一金店頭市場基金,1,第一金證券,82268,19.41%,91431150,82268,0.09%,第一金投信,第一金店頭市場基金
第一金店頭市場基金,2,群益金鼎證券,65287,15.40%,72555450,65287,0.09%,第一金投信,第一金店頭市場基金
第一金店頭市場基金,3,永豐金證券,46124,10.88%,51263350,46124,0.09%,第一金投信,第一金店頭市場基金
第一金店頭市場基金,4,元大證券,44787,10.57%,49776050,44787,0.09%,第一金投信,第一金店頭市場基金
第一金店頭市場基金,5,凱基證券,40979,9.67%,45542350,40979,0.09%,第一金投信,第一金店頭市場基金
第一金中國世紀基金,1,第一金證券,417395,23.89%,278263544,417395,0.15%,第一金投信,第一金中國世紀基金
第一金中國世紀基金,2,QFII國泰海通證券,227221,13.01%,227212731,227221,0.10%,第一金投信,第一金中國世紀基金
第一金中國世紀基金,3,UOB Kay Hian (Hong Kong) Ltd,307611,17.61%,205072977,307611,0.15%,第一金投信,第一金中國世紀基金
第一金中國世紀基金,4,QFII申萬宏源證券,200813,11.50%,200804390,200813,0.10%,第一金投信,第一金中國世紀基金
第一金中國世紀基金,5,中信證券(香港)有限公司,128236,7.34%,85490046,128236,0.15%,第一金投信,第一金中國世紀基金
第一金亞洲新興市場基金,1,第一金證券,12237,16.56%,8157711,12237,0.15%,第一金投信,第一金亞洲新興市場基金
第一金亞洲新興市場基金,2,國泰綜合證券,8836,11.95%,6333067,8836,0.14%,第一金投信,第一金亞洲新興市場基金
第一金亞洲新興市場基金,3,富邦證券,9216,12.47%,6144664,9216,0.15%,第一金投信,第一金亞洲新興市場基金
第一金亞洲新興市場基金,4,元大證券,12064,16.32%,6095167,12064,0.20%,第一金投信,第一金亞洲新興市場基金
第一金亞洲新興市場基金,5,UOB Kay Hian (Singapore) Ltd,11569,15.65%,5784036,11569,0.20%,第一金投信,第一金亞洲新興市場基金
第一金創新趨勢基金,1,第一金證券,1827351,17.42%,2030472939,1827351,0.09%,第一金投信,第一金創新趨勢基金
第一金創新趨勢基金,2,元大證券,1415633,13.50%,1572985669,1415633,0.09%,第一金投信,第一金創新趨勢基金
第一金創新趨勢基金,3,永豐金證券,1167752,11.13%,1297567638,1167752,0.09%,第一金投信,第一金創新趨勢基金
第一金創新趨勢基金,4,群益金鼎證券,1165084,11.11%,1294595978,1165084,0.09%,第一金投信,第一金創新趨勢基金
第一金創新趨勢基金,5,凱基證券,894595,8.53%,994047896,894595,0.09%,第一金投信,第一金創新趨勢基金
第一金全球AI機器人及自動化產業基金,1,第一金證券,196278,25.63%,189170204,196278,0.10%,第一金投信,第一金全球AI機器人及自動化產業基金
第一金全球AI機器人及自動化產業基金,2,統一綜合證券,114704,14.98%,111880959,114704,0.10%,第一金投信,第一金全球AI機器人及自動化產業基金
第一金全球AI機器人及自動化產業基金,3,CLSA Limited,35034,4.57%,94508251,35034,0.04%,第一金投信,第一金全球AI機器人及自動化產業基金
第一金全球AI機器人及自動化產業基金,4,中信證券,109019,14.24%,88030215,109019,0.12%,第一金投信,第一金全球AI機器人及自動化產業基金
第一金全球AI機器人及自動化產業基金,5,大和資本市場香港有限公司,62744,8.19%,75017459,62744,0.08%,第一金投信,第一金全球AI機器人及自動化產業基金
第一金全球AI FinTech金融科技基金,1,第一金證券,122714,26.47%,120871958,122714,0.10%,第一金投信,第一金全球AI FinTech金融科技基金
第一金全球AI FinTech金融科技基金,2,元大證券,80527,17.37%,80525054,80527,0.10%,第一金投信,第一金全球AI FinTech金融科技基金
第一金全球AI FinTech金融科技基金,3,國泰綜合證券,85226,18.39%,78585566,85226,0.11%,第一金投信,第一金全球AI FinTech金融科技基金
第一金全球AI FinTech金融科技基金,4,富邦證券,84259,18.18%,78101603,84259,0.11%,第一金投信,第一金全球AI FinTech金融科技基金
第一金全球AI FinTech金融科技基金,5,State Street Securities Hong Kong,34967,7.54%,73327799,34967,0.05%,第一金投信,第一金全球AI FinTech金融科技基金
第一金全球水電瓦斯及基礎建設收益基金 (本基金之配息來源可能為本金),1,第一金證券,3144180,14.53%,2687469245,3144180,0.12%,第一金投信,第一金全球水電瓦斯及基礎建設收益基金
第一金全球水電瓦斯及基礎建設收益基金 (本基金之配息來源可能為本金),2,統一綜合證券,2476155,11.44%,2395851867,2476155,0.10%,第一金投信,第一金全球水電瓦斯及基礎建設收益基金
第一金全球水電瓦斯及基礎建設收益基金 (本基金之配息來源可能為本金),3,國泰綜合證券,3331518,15.39%,1892849860,3331518,0.18%,第一金投信,第一金全球水電瓦斯及基礎建設收益基金
第一金全球水電瓦斯及基礎建設收益基金 (本基金之配息來源可能為本金),4,永豐金證券,2571349,11.88%,1805318701,2571349,0.14%,第一金投信,第一金全球水電瓦斯及基礎建設收益基金
第一金全球水電瓦斯及基礎建設收益基金 (本基金之配息來源可能為本金),5,群益金鼎證券,2167324,10.01%,1750293972,2167324,0.12%,第一金投信,第一金全球水電瓦斯及基礎建設收益基金
第一金臺灣工業菁英30 ETF基金 (本基金配息來源可能為收益平準金),1,第一金證券,115874,16.20%,128793580,115874,0.09%,第一金投信,第一金臺灣工業菁英30 ETF基金
第一金臺灣工業菁英30 ETF基金 (本基金配息來源可能為收益平準金),2,元大證券,86816,12.14%,96505300,86816,0.09%,第一金投信,第一金臺灣工業菁英30 ETF基金
第一金臺灣工業菁英30 ETF基金 (本基金配息來源可能為收益平準金),3,群益金鼎證券,71881,10.05%,79892060,71881,0.09%,第一金投信,第一金臺灣工業菁英30 ETF基金
第一金臺灣工業菁英30 ETF基金 (本基金配息來源可能為收益平準金),4,凱基證券,71104,9.94%,79039580,71104,0.09%,第一金投信,第一金臺灣工業菁英30 ETF基金
第一金臺灣工業菁英30 ETF基金 (本基金配息來源可能為收益平準金),5,永豐金證券,60219,8.42%,66937765,60219,0.09%,第一金投信,第一金臺灣工業菁英30 ETF基金
第一金全球AI精準醫療基金,1,第一金證券,644594,20.16%,590804046,644594,0.11%,第一金投信,第一金全球AI精準醫療基金
第一金全球AI精準醫療基金,2,統一綜合證券,441229,13.80%,437762706,441229,0.10%,第一金投信,第一金全球AI精準醫療基金
第一金全球AI精準醫療基金,3,群益金鼎證券,399672,12.50%,381884445,399672,0.10%,第一金投信,第一金全球AI精準醫療基金
第一金全球AI精準醫療基金,4,中信證券,266234,8.33%,263357355,266234,0.10%,第一金投信,第一金全球AI精準醫療基金
第一金全球AI精準醫療基金,5,國泰綜合證券,276888,8.66%,251864234,276888,0.11%,第一金投信,第一金全球AI精準醫療基金
第一金全球AI人工智慧基金,1,第一金證券,1101427,20.27%,1103098490,1101427,0.10%,第一金投信,第一金全球AI人工智慧基金
第一金全球AI人工智慧基金,2,群益金鼎證券,847571,15.60%,832227696,847571,0.10%,第一金投信,第一金全球AI人工智慧基金
第一金全球AI人工智慧基金,3,永豐金證券,900201,16.57%,816020268,900201,0.11%,第一金投信,第一金全球AI人工智慧基金
第一金全球AI人工智慧基金,4,統一綜合證券,610931,11.24%,613679925,610931,0.10%,第一金投信,第一金全球AI人工智慧基金
第一金全球AI人工智慧基金,5,台新證券,401815,7.39%,409025911,401815,0.10%,第一金投信,第一金全球AI人工智慧基金
第一金小型精選基金,1,第一金證券,266700,18.16%,296368100,266700,0.09%,第一金投信,第一金小型精選基金
第一金小型精選基金,2,群益金鼎證券,238234,16.22%,264740000,238234,0.09%,第一金投信,第一金小型精選基金
第一金小型精選基金,3,元大證券,193925,13.20%,215512500,193925,0.09%,第一金投信,第一金小型精選基金
第一金小型精選基金,4,永豐金證券,184103,12.54%,204590720,184103,0.09%,第一金投信,第一金小型精選基金
第一金小型精選基金,5,統一綜合證券,177978,12.12%,197785000,177978,0.09%,第一金投信,第一金小型精選基金
第一金彭博美國10年期以上金融債券指數ETF基金,1,Jane Street,0,0.00%,0,0,0.00%,第一金投信,第一金彭博美國10年期以上金融債券指數ETF基金
第一金彭博美國10年期以上金融債券指數ETF基金,2,nan,0,0.00%,0,0,0.00%,第一金投信,第一金彭博美國10年期以上金融債券指數ETF基金
第一金彭博美國10年期以上金融債券指數ETF基金,3,nan,0,0.00%,0,0,0.00%,第一金投信,第一金彭博美國10年期以上金融債券指數ETF基金
第一金彭博美國10年期以上金融債券指數ETF基金,4,nan,0,0.00%,0,0,0.00%,第一金投信,第一金彭博美國10年期以上金融債券指數ETF基金
第一金彭博美國10年期以上金融債券指數ETF基金,5,nan,0,0.00%,0,0,0.00%,第一金投信,第一金彭博美國10年期以上金融債券指數ETF基金
第一金全球Fitness健康瘦身基金,1,第一金證券,68701,24.23%,61073938,68701,0.11%,第一金投信,第一金全球Fitness健康瘦身基金
第一金全球Fitness健康瘦身基金,2,統一綜合證券,56459,19.91%,55589562,56459,0.10%,第一金投信,第一金全球Fitness健康瘦身基金
第一金全球Fitness健康瘦身基金,3,永豐金證券,42718,15.06%,35784591,42718,0.12%,第一金投信,第一金全球Fitness健康瘦身基金
第一金全球Fitness健康瘦身基金,4,凱基證券,35648,12.57%,28644506,35648,0.12%,第一金投信,第一金全球Fitness健康瘦身基金
第一金全球Fitness健康瘦身基金,5,元大證券,27573,9.72%,25509350,27573,0.11%,第一金投信,第一金全球Fitness健康瘦身基金
第一金全球eSports電競基金,1,第一金證券,235039,23.51%,219137558,235039,0.11%,第一金投信,第一金全球eSports電競基金
第一金全球eSports電競基金,2,統一綜合證券,179073,17.91%,177509898,179073,0.10%,第一金投信,第一金全球eSports電競基金
第一金全球eSports電競基金,3,群益金鼎證券,162236,16.23%,137164986,162236,0.12%,第一金投信,第一金全球eSports電競基金
第一金全球eSports電競基金,4,CLSA Limited,96082,9.61%,133787653,96082,0.07%,第一金投信,第一金全球eSports電競基金
第一金全球eSports電競基金,5,大和資本市場香港有限公司,89015,8.90%,122504413,89015,0.07%,第一金投信,第一金全球eSports電競基金
第一金台灣核心戰略建設基金 (本基金配息來源可能為本金),1,第一金證券,1347938,20.43%,1497885977,1347938,0.09%,第一金投信,第一金台灣核心戰略建設基金
第一金台灣核心戰略建設基金 (本基金配息來源可能為本金),2,元大證券,1057266,16.03%,1174876649,1057266,0.09%,第一金投信,第一金台灣核心戰略建設基金
第一金台灣核心戰略建設基金 (本基金配息來源可能為本金),3,凱基證券,792350,12.01%,880498022,792350,0.09%,第一金投信,第一金台灣核心戰略建設基金
第一金台灣核心戰略建設基金 (本基金配息來源可能為本金),4,永豐金證券,712908,10.81%,792233300,712908,0.09%,第一金投信,第一金台灣核心戰略建設基金
第一金台灣核心戰略建設基金 (本基金配息來源可能為本金),5,統一綜合證券,698765,10.59%,776474217,698765,0.09%,第一金投信,第一金台灣核心戰略建設基金
第一金太空衛星ETF基金,1,第一金證券,3181185,21.94%,2999901901,3181185,0.11%,第一金投信,第一金太空衛星ETF基金
第一金太空衛星ETF基金,2,永豐金證券,1819789,12.55%,1564714557,1819789,0.12%,第一金投信,第一金太空衛星ETF基金
第一金太空衛星ETF基金,3,群益金鼎證券,1569173,10.82%,1535018997,1569173,0.10%,第一金投信,第一金太空衛星ETF基金
第一金太空衛星ETF基金,4,凱基證券,1771577,12.22%,1218346175,1771577,0.15%,第一金投信,第一金太空衛星ETF基金
第一金太空衛星ETF基金,5,元大證券,1198187,8.26%,1191742153,1198187,0.10%,第一金投信,第一金太空衛星ETF基金
第一金全球永續影響力投資多重資產基金 (本基金有一定比重得投資於非投資等級之高風險債券且配息來源可能為本金或收益平準金),1,中信證券,0,0.00%,0,0,0.00%,第一金投信,第一金全球永續影響力投資多重資產基金
第一金全球永續影響力投資多重資產基金 (本基金有一定比重得投資於非投資等級之高風險債券且配息來源可能為本金或收益平準金),2,第一金證券,23792,21.91%,22035617,23792,0.11%,第一金投信,第一金全球永續影響力投資多重資產基金
第一金全球永續影響力投資多重資產基金 (本基金有一定比重得投資於非投資等級之高風險債券且配息來源可能為本金或收益平準金),3,群益金鼎證券,18456,16.99%,16900838,18456,0.11%,第一金投信,第一金全球永續影響力投資多重資產基金
第一金全球永續影響力投資多重資產基金 (本基金有一定比重得投資於非投資等級之高風險債券且配息來源可能為本金或收益平準金),4,永豐金證券,19543,17.99%,16850522,19543,0.12%,第一金投信,第一金全球永續影響力投資多重資產基金
第一金全球永續影響力投資多重資產基金 (本基金有一定比重得投資於非投資等級之高風險債券且配息來源可能為本金或收益平準金),5,統一綜合證券,14239,13.11%,14237558,14239,0.10%,第一金投信,第一金全球永續影響力投資多重資產基金
第一金中概平衡基金,1,第一金證券,197994,16.85%,220121390,197994,0.09%,第一金投信,第一金中概平衡基金
第一金中概平衡基金,2,永豐金證券,163584,13.92%,181819145,163584,0.09%,第一金投信,第一金中概平衡基金
第一金中概平衡基金,3,元大證券,162045,13.79%,180125813,162045,0.09%,第一金投信,第一金中概平衡基金
第一金中概平衡基金,4,統一綜合證券,128833,10.96%,143198414,128833,0.09%,第一金投信,第一金中概平衡基金
第一金中概平衡基金,5,凱基證券,113546,9.66%,126219666,113546,0.09%,第一金投信,第一金中概平衡基金
匯豐超核心優化多重資產基金 (本基金有相當比重投資於非投資等級之高風險債券且本基金配息來源可能為本金及收益平準金),1,BNP PARIBAS SECURITIES (ASIA) LTD,99284,22.34%,43879065,12460,0.03%,匯豐投信,匯豐超核心優化多重資產基金
匯豐超核心優化多重資產基金 (本基金有相當比重投資於非投資等級之高風險債券且本基金配息來源可能為本金及收益平準金),2,美商高盛亞洲證券有限公司台北分公司,57892,13.03%,31628932,13692,0.04%,匯豐投信,匯豐超核心優化多重資產基金
匯豐超核心優化多重資產基金 (本基金有相當比重投資於非投資等級之高風險債券且本基金配息來源可能為本金及收益平準金),3,美林證券,93439,21.03%,137928346,93439,0.07%,匯豐投信,匯豐超核心優化多重資產基金
匯豐超核心優化多重資產基金 (本基金有相當比重投資於非投資等級之高風險債券且本基金配息來源可能為本金及收益平準金),4,JP MORGAN SECURITIES LTD,28104,6.32%,86814979,28104,0.03%,匯豐投信,匯豐超核心優化多重資產基金
匯豐超核心優化多重資產基金 (本基金有相當比重投資於非投資等級之高風險債券且本基金配息來源可能為本金及收益平準金),5,香港商麥格理資本台灣證券分公司,35228,7.93%,42905987,21387,0.05%,匯豐投信,匯豐超核心優化多重資產基金
匯豐AI人型機器人多重資產基金 (本基金有相當比重投資於非投資等級之高風險債券且本基金配息來源可能為本金),1,BNP PARIBAS SECURITIES (ASIA) LTD,240116,16.47%,73967602,22190,0.03%,匯豐投信,匯豐AI人型機器人多重資產基金
匯豐AI人型機器人多重資產基金 (本基金有相當比重投資於非投資等級之高風險債券且本基金配息來源可能為本金),2,香港上海滙豐證券,147586,10.12%,547687458,147586,0.03%,匯豐投信,匯豐AI人型機器人多重資產基金
匯豐AI人型機器人多重資產基金 (本基金有相當比重投資於非投資等級之高風險債券且本基金配息來源可能為本金),3,香港商麥格理資本台灣證券分公司,196184,13.45%,0,0,0.00%,匯豐投信,匯豐AI人型機器人多重資產基金
匯豐AI人型機器人多重資產基金 (本基金有相當比重投資於非投資等級之高風險債券且本基金配息來源可能為本金),4,美林證券,114192,7.83%,295450463,114192,0.04%,匯豐投信,匯豐AI人型機器人多重資產基金
匯豐AI人型機器人多重資產基金 (本基金有相當比重投資於非投資等級之高風險債券且本基金配息來源可能為本金),5,JP MORGAN SECURITIES LTD,63033,4.32%,279135284,63033,0.02%,匯豐投信,匯豐AI人型機器人多重資產基金
匯豐安富基金,1,香港上海滙豐證券,244434,20.28%,271825674,244434,0.09%,匯豐投信,匯豐安富基金
匯豐安富基金,2,大和國泰證券,223365,18.53%,248347996,223365,0.09%,匯豐投信,匯豐安富基金
匯豐安富基金,3,台新證券,24918,2.07%,27695255,24918,0.09%,匯豐投信,匯豐安富基金
匯豐安富基金,4,花旗環球證券,177367,14.71%,161321775,177367,0.11%,匯豐投信,匯豐安富基金
匯豐安富基金,5,統一綜合證券,133330,11.06%,148244060,133330,0.09%,匯豐投信,匯豐安富基金
匯豐龍鳳基金,1,大和國泰證券,1177880,20.77%,1309126661,1177880,0.09%,匯豐投信,匯豐龍鳳基金
匯豐龍鳳基金,2,香港商麥格理資本台灣證券分公司,958638,16.91%,1065475535,958638,0.09%,匯豐投信,匯豐龍鳳基金
匯豐龍鳳基金,3,香港上海滙豐證券,842232,14.85%,936387551,842232,0.09%,匯豐投信,匯豐龍鳳基金
匯豐龍鳳基金,4,統一綜合證券,777451,13.71%,864595059,777451,0.09%,匯豐投信,匯豐龍鳳基金
匯豐龍鳳基金,5,台灣摩根士丹利證券,671991,11.85%,747036225,671991,0.09%,匯豐投信,匯豐龍鳳基金
匯豐中國動力基金,1,CITIC SECURITIES COMPANY LIMITED,342947,30.18%,381043256,342947,0.09%,匯豐投信,匯豐中國動力基金
匯豐中國動力基金,2,HAITONG SECURITIES CO LTD,305055,26.85%,305030617,305055,0.10%,匯豐投信,匯豐中國動力基金
匯豐中國動力基金,3,CHINA INTERNATIONAL,261403,23.00%,217831879,261403,0.12%,匯豐投信,匯豐中國動力基金
匯豐中國動力基金,4,大和國泰證券,83402,7.34%,92735508,83402,0.09%,匯豐投信,匯豐中國動力基金
匯豐中國動力基金,5,凱基證券,39370,3.46%,44093578,39370,0.09%,匯豐投信,匯豐中國動力基金
匯豐中國A股匯聚基金,1,CITIC SECURITIES COMPANY LIMITED,3537040,37.88%,3930011018,3537040,0.09%,匯豐投信,匯豐中國A股匯聚基金
匯豐中國A股匯聚基金,2,HAITONG SECURITIES CO LTD,2743482,29.38%,2743364272,2743482,0.10%,匯豐投信,匯豐中國A股匯聚基金
匯豐中國A股匯聚基金,3,CHINA INTERNATIONAL,2387594,25.57%,1989669696,2387594,0.12%,匯豐投信,匯豐中國A股匯聚基金
匯豐中國A股匯聚基金,4,GF Securities Co. Ltd.,157988,1.69%,131656720,157988,0.12%,匯豐投信,匯豐中國A股匯聚基金
匯豐中國A股匯聚基金,5,ORIENT SECURITIES LIMITED BULDING NO2,74826,0.80%,74822893,74826,0.10%,匯豐投信,匯豐中國A股匯聚基金
匯豐金磚動力基金,1,香港上海滙豐證券,64538,9.55%,188296993,64538,0.03%,匯豐投信,匯豐金磚動力基金
匯豐金磚動力基金,2,MORGAN STANLEY & CO. LLC,55351,8.19%,98773122,55351,0.06%,匯豐投信,匯豐金磚動力基金
匯豐金磚動力基金,3,香港商麥格理資本台灣證券分公司,42523,6.29%,57228354,42523,0.07%,匯豐投信,匯豐金磚動力基金
匯豐金磚動力基金,4,CLSA LIMITED,80211,11.87%,53474155,80211,0.15%,匯豐投信,匯豐金磚動力基金
匯豐金磚動力基金,5,INSTINET PACIFIC LTD,77096,11.41%,46493543,77096,0.17%,匯豐投信,匯豐金磚動力基金
匯豐新鑽動力基金,1,香港上海滙豐證券,60006,14.33%,163680886,60006,0.04%,匯豐投信,匯豐新鑽動力基金
匯豐新鑽動力基金,2,JP MORGAN SECURITIES LTD,72731,17.37%,47405368,72731,0.15%,匯豐投信,匯豐新鑽動力基金
匯豐新鑽動力基金,3,CITIGROUP GLOBAL MARKETS INC,77532,18.52%,39770058,77532,0.19%,匯豐投信,匯豐新鑽動力基金
匯豐新鑽動力基金,4,美商高盛亞洲證券有限公司台北分公司,31609,7.55%,38800024,31609,0.08%,匯豐投信,匯豐新鑽動力基金
匯豐新鑽動力基金,5,永豐金證券,32579,7.78%,34947635,32579,0.09%,匯豐投信,匯豐新鑽動力基金
匯豐全球關鍵資源基金,1,BNP PARIBAS SECURITIES (ASIA) LTD,96008,10.95%,382540787,96008,0.03%,匯豐投信,匯豐全球關鍵資源基金
匯豐全球關鍵資源基金,2,永豐金證券,216817,24.73%,240907370,216817,0.09%,匯豐投信,匯豐全球關鍵資源基金
匯豐全球關鍵資源基金,3,JP MORGAN SECURITIES LTD,55888,6.37%,187502992,55888,0.03%,匯豐投信,匯豐全球關鍵資源基金
匯豐全球關鍵資源基金,4,CITIGROUP GLOBAL MARKETS INC,56269,6.42%,166682268,56269,0.03%,匯豐投信,匯豐全球關鍵資源基金
匯豐全球關鍵資源基金,5,國泰綜合證券,154050,17.57%,154025798,154050,0.10%,匯豐投信,匯豐全球關鍵資源基金
匯豐台灣精典基金 (本基金配息來源可能為本金),1,大和國泰證券,431718,22.63%,480021439,431718,0.09%,匯豐投信,匯豐台灣精典基金
匯豐台灣精典基金 (本基金配息來源可能為本金),2,香港上海滙豐證券,325901,17.08%,362473350,325901,0.09%,匯豐投信,匯豐台灣精典基金
匯豐台灣精典基金 (本基金配息來源可能為本金),3,統一綜合證券,292261,15.32%,324887285,292261,0.09%,匯豐投信,匯豐台灣精典基金
匯豐台灣精典基金 (本基金配息來源可能為本金),4,永豐金證券,185156,9.71%,205855854,185156,0.09%,匯豐投信,匯豐台灣精典基金
匯豐台灣精典基金 (本基金配息來源可能為本金),5,凱基證券,178655,9.36%,198815800,178655,0.09%,匯豐投信,匯豐台灣精典基金
匯豐成功基金,1,台新證券,24539,21.79%,27330255,24539,0.09%,匯豐投信,匯豐成功基金
匯豐成功基金,2,大和國泰證券,19620,17.42%,21835140,19620,0.09%,匯豐投信,匯豐成功基金
匯豐成功基金,3,香港上海滙豐證券,16465,14.62%,18322975,16465,0.09%,匯豐投信,匯豐成功基金
匯豐成功基金,4,統一綜合證券,12005,10.66%,13371800,12005,0.09%,匯豐投信,匯豐成功基金
匯豐成功基金,5,凱基證券,11819,10.50%,13164300,11819,0.09%,匯豐投信,匯豐成功基金
匯豐全球基礎建設收益基金 (本基金配息來源可能為本金及收益平準金),1,香港上海滙豐證券,25595,18.21%,87968837,25595,0.03%,匯豐投信,匯豐全球基礎建設收益基金
匯豐全球基礎建設收益基金 (本基金配息來源可能為本金及收益平準金),2,美林證券,30978,22.03%,54951853,30978,0.06%,匯豐投信,匯豐全球基礎建設收益基金
匯豐全球基礎建設收益基金 (本基金配息來源可能為本金及收益平準金),3,JP MORGAN SECURITIES LTD,29319,20.85%,38997024,29319,0.08%,匯豐投信,匯豐全球基礎建設收益基金
匯豐全球基礎建設收益基金 (本基金配息來源可能為本金及收益平準金),4,CITIGROUP GLOBAL MARKETS INC,8076,5.74%,17906228,8076,0.05%,匯豐投信,匯豐全球基礎建設收益基金
匯豐全球基礎建設收益基金 (本基金配息來源可能為本金及收益平準金),5,BNP PARIBAS SECURITIES (ASIA) LTD,2660,1.89%,12531311,2660,0.02%,匯豐投信,匯豐全球基礎建設收益基金
匯豐龍騰電子基金,1,大和國泰證券,1209274,17.28%,1344089756,1209274,0.09%,匯豐投信,匯豐龍騰電子基金
匯豐龍騰電子基金,2,香港上海滙豐證券,1208747,17.28%,1343751011,1208747,0.09%,匯豐投信,匯豐龍騰電子基金
匯豐龍騰電子基金,3,摩根大通證券,1097754,15.69%,1220211285,1097754,0.09%,匯豐投信,匯豐龍騰電子基金
匯豐龍騰電子基金,4,香港商麥格理資本台灣證券分公司,735680,10.51%,817759041,735680,0.09%,匯豐投信,匯豐龍騰電子基金
匯豐龍騰電子基金,5,台灣摩根士丹利證券,719638,10.29%,800170299,719638,0.09%,匯豐投信,匯豐龍騰電子基金
匯豐超核心多重資產基金 (本基金有相當比重投資於非投資等級之高風險債券且本基金配息來源可能為本金及收益平準金),1,JP MORGAN SECURITIES LTD,109200,22.33%,286087848,109200,0.04%,匯豐投信,匯豐超核心多重資產基金
匯豐超核心多重資產基金 (本基金有相當比重投資於非投資等級之高風險債券且本基金配息來源可能為本金及收益平準金),2,BNP PARIBAS SECURITIES (ASIA) LTD,64616,13.21%,79157656,15963,0.02%,匯豐投信,匯豐超核心多重資產基金
匯豐超核心多重資產基金 (本基金有相當比重投資於非投資等級之高風險債券且本基金配息來源可能為本金及收益平準金),3,香港商麥格理資本台灣證券分公司,122913,25.13%,98964162,50349,0.05%,匯豐投信,匯豐超核心多重資產基金
匯豐超核心多重資產基金 (本基金有相當比重投資於非投資等級之高風險債券且本基金配息來源可能為本金及收益平準金),4,美林證券,31024,6.34%,97436736,31024,0.03%,匯豐投信,匯豐超核心多重資產基金
匯豐超核心多重資產基金 (本基金有相當比重投資於非投資等級之高風險債券且本基金配息來源可能為本金及收益平準金),5,香港上海滙豐證券,20151,4.12%,70868797,20151,0.03%,匯豐投信,匯豐超核心多重資產基金
元大全球航太與防衛科技ETF基金,1,元大證券,1995978,29.96%,4034380402,1995978,0.05%,元大投信,元大全球航太與防衛科技ETF基金
元大全球航太與防衛科技ETF基金,2,元大韓國,1241544,18.64%,2483248126,1241544,0.05%,元大投信,元大全球航太與防衛科技ETF基金
元大全球航太與防衛科技ETF基金,3,大和國泰證券,1179680,17.71%,2452839379,1179680,0.05%,元大投信,元大全球航太與防衛科技ETF基金
元大全球航太與防衛科技ETF基金,4,美林證券,1159069,17.40%,1931782148,1159069,0.06%,元大投信,元大全球航太與防衛科技ETF基金
元大全球航太與防衛科技ETF基金,5,摩根大通證券,501621,7.53%,1198039140,501621,0.04%,元大投信,元大全球航太與防衛科技ETF基金
元大優息10年期以上美國政府債券ETF基金 (本基金之配息來源可能為收益平準金且並無保證收益及配息),1,國泰綜合證券,0,0.00%,0,0,0.00%,元大投信,元大優息10年期以上美國政府債券ETF基金
元大優息10年期以上美國政府債券ETF基金 (本基金之配息來源可能為收益平準金且並無保證收益及配息),2,元大證券,0,0.00%,0,0,0.00%,元大投信,元大優息10年期以上美國政府債券ETF基金
元大優息10年期以上美國政府債券ETF基金 (本基金之配息來源可能為收益平準金且並無保證收益及配息),3,JSF,0,0.00%,0,0,0.00%,元大投信,元大優息10年期以上美國政府債券ETF基金
元大優息10年期以上美國政府債券ETF基金 (本基金之配息來源可能為收益平準金且並無保證收益及配息),4,nan,0,0.00%,0,0,0.00%,元大投信,元大優息10年期以上美國政府債券ETF基金
元大優息10年期以上美國政府債券ETF基金 (本基金之配息來源可能為收益平準金且並無保證收益及配息),5,nan,0,0.00%,0,0,0.00%,元大投信,元大優息10年期以上美國政府債券ETF基金
元大零息超長期美國政府債券ETF基金,1,元大證券,0,0.00%,0,0,0.00%,元大投信,元大零息超長期美國政府債券ETF基金
元大零息超長期美國政府債券ETF基金,2,國泰綜合證券,0,0.00%,0,0,0.00%,元大投信,元大零息超長期美國政府債券ETF基金
元大零息超長期美國政府債券ETF基金,3,JSF,0,0.00%,0,0,0.00%,元大投信,元大零息超長期美國政府債券ETF基金
元大零息超長期美國政府債券ETF基金,4,nan,0,0.00%,0,0,0.00%,元大投信,元大零息超長期美國政府債券ETF基金
元大零息超長期美國政府債券ETF基金,5,nan,0,0.00%,0,0,0.00%,元大投信,元大零息超長期美國政府債券ETF基金
元大優息10年期以上已開發市場投資級美元公司債券ETF基金 (本基金之配息來源可能為收益平準金且並無保證收益及配息),1,JSF,0,0.00%,0,0,0.00%,元大投信,元大優息10年期以上已開發市場投資級美元公司債券ETF基金
元大優息10年期以上已開發市場投資級美元公司債券ETF基金 (本基金之配息來源可能為收益平準金且並無保證收益及配息),2,元大證券,0,0.00%,0,0,0.00%,元大投信,元大優息10年期以上已開發市場投資級美元公司債券ETF基金
元大優息10年期以上已開發市場投資級美元公司債券ETF基金 (本基金之配息來源可能為收益平準金且並無保證收益及配息),3,國泰綜合證券,0,0.00%,0,0,0.00%,元大投信,元大優息10年期以上已開發市場投資級美元公司債券ETF基金
元大優息10年期以上已開發市場投資級美元公司債券ETF基金 (本基金之配息來源可能為收益平準金且並無保證收益及配息),4,nan,0,0.00%,0,0,0.00%,元大投信,元大優息10年期以上已開發市場投資級美元公司債券ETF基金
元大優息10年期以上已開發市場投資級美元公司債券ETF基金 (本基金之配息來源可能為收益平準金且並無保證收益及配息),5,nan,0,0.00%,0,0,0.00%,元大投信,元大優息10年期以上已開發市場投資級美元公司債券ETF基金
元大全球航太與防衛科技ETF連結基金,1,元大證券,819603,99.76%,0,0,0.00%,元大投信,元大全球航太與防衛科技ETF連結基金
元大全球航太與防衛科技ETF連結基金,2,nan,0,0.00%,0,0,0.00%,元大投信,元大全球航太與防衛科技ETF連結基金
元大全球航太與防衛科技ETF連結基金,3,nan,0,0.00%,0,0,0.00%,元大投信,元大全球航太與防衛科技ETF連結基金
元大全球航太與防衛科技ETF連結基金,4,nan,0,0.00%,0,0,0.00%,元大投信,元大全球航太與防衛科技ETF連結基金
元大全球航太與防衛科技ETF連結基金,5,nan,0,0.00%,0,0,0.00%,元大投信,元大全球航太與防衛科技ETF連結基金
元大標普500ETF連結基金,1,元大證券,569005,100.00%,0,0,0.00%,元大投信,元大標普500ETF連結基金
元大標普500ETF連結基金,2,nan,0,0.00%,0,0,0.00%,元大投信,元大標普500ETF連結基金
元大標普500ETF連結基金,3,nan,0,0.00%,0,0,0.00%,元大投信,元大標普500ETF連結基金
元大標普500ETF連結基金,4,nan,0,0.00%,0,0,0.00%,元大投信,元大標普500ETF連結基金
元大標普500ETF連結基金,5,nan,0,0.00%,0,0,0.00%,元大投信,元大標普500ETF連結基金
元大全球AI新經濟主動式ETF基金,1,元大證券,59395829,51.75%,137763549376,59395829,0.04%,元大投信,元大全球AI新經濟主動式ETF基金
元大全球AI新經濟主動式ETF基金,2,大和國泰證券,12483445,10.88%,32541013452,12483445,0.04%,元大投信,元大全球AI新經濟主動式ETF基金
元大全球AI新經濟主動式ETF基金,3,台灣摩根士丹利證券,12583442,10.96%,30367954681,12583442,0.04%,元大投信,元大全球AI新經濟主動式ETF基金
元大全球AI新經濟主動式ETF基金,4,美林證券,15546665,13.55%,27598649161,15546665,0.06%,元大投信,元大全球AI新經濟主動式ETF基金
元大全球AI新經濟主動式ETF基金,5,元大韓國,5704337,4.97%,11408688082,5704337,0.05%,元大投信,元大全球AI新經濟主動式ETF基金
元大納斯達克100增強成長精選ETF基金,1,元大證券,7277760,60.45%,24259162458,7277760,0.03%,元大投信,元大納斯達克100增強成長精選ETF基金
元大納斯達克100增強成長精選ETF基金,2,Instinet Pacific Ltd,1793271,14.89%,5977569146,1793271,0.03%,元大投信,元大納斯達克100增強成長精選ETF基金
元大納斯達克100增強成長精選ETF基金,3,大和國泰證券,1634852,13.58%,5449502417,1634852,0.03%,元大投信,元大納斯達克100增強成長精選ETF基金
元大納斯達克100增強成長精選ETF基金,4,摩根大通證券,782848,6.50%,2609492859,782848,0.03%,元大投信,元大納斯達克100增強成長精選ETF基金
元大納斯達克100增強成長精選ETF基金,5,台灣摩根士丹利證券,394598,3.28%,1315323227,394598,0.03%,元大投信,元大納斯達克100增強成長精選ETF基金
元大優質收益成長多重資產基金 (本基金之配息來源可能為本金),1,元大證券,22430885,62.64%,20156259121,19044057,0.09%,元大投信,元大優質收益成長多重資產基金
元大優質收益成長多重資產基金 (本基金之配息來源可能為本金),2,富邦證券,1925758,5.38%,1717278292,1738933,0.10%,元大投信,元大優質收益成長多重資產基金
元大優質收益成長多重資產基金 (本基金之配息來源可能為本金),3,UBS Securities,2408389,6.73%,2129387643,2129388,0.10%,元大投信,元大優質收益成長多重資產基金
元大優質收益成長多重資產基金 (本基金之配息來源可能為本金),4,統一綜合證券,1684429,4.70%,2292865238,1605006,0.07%,元大投信,元大優質收益成長多重資產基金
元大優質收益成長多重資產基金 (本基金之配息來源可能為本金),5,群益金鼎證券,1935396,5.40%,1839253292,1839253,0.10%,元大投信,元大優質收益成長多重資產基金
元大2001基金,1,元大證券,2929719,28.43%,3169894653,2929719,0.09%,元大投信,元大2001基金
元大2001基金,2,國票綜合證券,1287037,12.49%,1393136350,1287037,0.09%,元大投信,元大2001基金
元大2001基金,3,台新證券,1199525,11.64%,1298271650,1199525,0.09%,元大投信,元大2001基金
元大2001基金,4,犇亞證券,1176462,11.42%,1273470700,1176462,0.09%,元大投信,元大2001基金
元大2001基金,5,玉山綜合證券,684553,6.64%,740726300,684553,0.09%,元大投信,元大2001基金
元大多福基金,1,元大證券,2426985,29.48%,2626882300,2426985,0.09%,元大投信,元大多福基金
元大多福基金,2,犇亞證券,987368,11.99%,1068120300,987368,0.09%,元大投信,元大多福基金
元大多福基金,3,台新證券,774135,9.40%,838746800,774135,0.09%,元大投信,元大多福基金
元大多福基金,4,中信證券,648149,7.87%,701206500,648149,0.09%,元大投信,元大多福基金
元大多福基金,5,華南永昌綜合證券,468130,5.69%,506451400,468130,0.09%,元大投信,元大多福基金
元大全球農業商機基金,1,元大證券,200216,46.64%,133463980,128608,0.10%,元大投信,元大全球農業商機基金
元大全球農業商機基金,2,永豐金證券,129586,30.19%,97403720,110960,0.11%,元大投信,元大全球農業商機基金
元大全球農業商機基金,3,大和國泰證券,76084,17.72%,35319105,44421,0.13%,元大投信,元大全球農業商機基金
元大全球農業商機基金,4,中信証券經紀(香港),20922,4.87%,16662517,11584,0.07%,元大投信,元大全球農業商機基金
元大全球農業商機基金,5,中信證券,2249,0.52%,3748170,2249,0.06%,元大投信,元大全球農業商機基金
元大新主流基金,1,元大證券,38471546,29.28%,41599226400,38471546,0.09%,元大投信,元大新主流基金
元大新主流基金,2,台新證券,9436124,7.18%,10203658000,9436124,0.09%,元大投信,元大新主流基金
元大新主流基金,3,凱基證券,8254550,6.28%,8925021000,8254550,0.09%,元大投信,元大新主流基金
元大新主流基金,4,中信證券,7939247,6.04%,8585612500,7939247,0.09%,元大投信,元大新主流基金
元大新主流基金,5,群益金鼎證券,7231803,5.50%,7819022600,7231803,0.09%,元大投信,元大新主流基金
元大店頭基金,1,元大證券,854910,29.07%,925780614,854910,0.09%,元大投信,元大店頭基金
元大店頭基金,2,中信證券,453492,15.42%,490967950,453492,0.09%,元大投信,元大店頭基金
元大店頭基金,3,台新證券,240059,8.16%,259856200,240059,0.09%,元大投信,元大店頭基金
元大店頭基金,4,國票綜合證券,235351,8.00%,255089800,235351,0.09%,元大投信,元大店頭基金
元大店頭基金,5,新加坡商瑞銀證券台北分公司,228740,7.78%,247742450,228740,0.09%,元大投信,元大店頭基金
元大新中國基金,1,元大香港,202879,32.40%,202878511,202879,0.10%,元大投信,元大新中國基金
元大新中國基金,2,元大證券,170061,27.16%,184220246,170061,0.09%,元大投信,元大新中國基金
元大新中國基金,3,中信証券經紀(香港),125578,20.05%,125578091,125578,0.10%,元大投信,元大新中國基金
元大新中國基金,4,申萬宏源(香港),93092,14.87%,93091761,93092,0.10%,元大投信,元大新中國基金
元大新中國基金,5,大和國泰證券,33423,5.34%,36231650,33423,0.09%,元大投信,元大新中國基金
元大大中華價值指數基金,1,元大香港,23182,33.03%,25366214,20293,0.08%,元大投信,元大大中華價值指數基金
元大大中華價值指數基金,2,中信証券經紀(香港),14121,20.12%,17581131,14121,0.08%,元大投信,元大大中華價值指數基金
元大大中華價值指數基金,3,申萬宏源(香港),11959,17.04%,14949038,11959,0.08%,元大投信,元大大中華價值指數基金
元大大中華價值指數基金,4,元大證券,9807,13.97%,10626300,9807,0.09%,元大投信,元大大中華價值指數基金
元大大中華價值指數基金,5,統一綜合證券,4009,5.71%,4362429,4009,0.09%,元大投信,元大大中華價值指數基金
元大標智滬深300基金,1,元大香港,121212,28.54%,0,0,0.00%,元大投信,元大標智滬深300基金
元大標智滬深300基金,2,中信証券經紀(香港),100462,23.66%,0,0,0.00%,元大投信,元大標智滬深300基金
元大標智滬深300基金,3,申萬宏源(香港),80937,19.06%,0,0,0.00%,元大投信,元大標智滬深300基金
元大標智滬深300基金,4,元大證券,78394,18.46%,0,0,0.00%,元大投信,元大標智滬深300基金
元大標智滬深300基金,5,大和國泰證券,42172,9.93%,0,0,0.00%,元大投信,元大標智滬深300基金
元大印度基金,1,Spark Institutional,137547,71.02%,91697954,137547,0.15%,元大投信,元大印度基金
元大印度基金,2,群益金鼎證券,50738,26.20%,33826681,50738,0.15%,元大投信,元大印度基金
元大印度基金,3,Instinet Pacific Ltd,1954,1.01%,0,0,0.00%,元大投信,元大印度基金
元大印度基金,4,nan,0,0.00%,0,0,0.00%,元大投信,元大印度基金
元大印度基金,5,nan,0,0.00%,0,0,0.00%,元大投信,元大印度基金
元大新興亞洲基金,1,元大證券,1186007,74.41%,946646631,1186007,0.13%,元大投信,元大新興亞洲基金
元大新興亞洲基金,2,群益金鼎證券,219174,13.75%,146120809,219174,0.15%,元大投信,元大新興亞洲基金
元大新興亞洲基金,3,大和國泰證券,70221,4.41%,75822006,70221,0.09%,元大投信,元大新興亞洲基金
元大新興亞洲基金,4,Samsung Secs Co Ltd,109186,6.85%,72793470,109186,0.15%,元大投信,元大新興亞洲基金
元大新興亞洲基金,5,國泰綜合證券,47588,2.99%,67981511,47588,0.07%,元大投信,元大新興亞洲基金
元大印尼指數基金,1,Instinet Pacific Ltd,180302,97.73%,180302367,180302,0.10%,元大投信,元大印尼指數基金
元大印尼指數基金,2,nan,0,0.00%,0,0,0.00%,元大投信,元大印尼指數基金
元大印尼指數基金,3,nan,0,0.00%,0,0,0.00%,元大投信,元大印尼指數基金
元大印尼指數基金,4,nan,0,0.00%,0,0,0.00%,元大投信,元大印尼指數基金
元大印尼指數基金,5,nan,0,0.00%,0,0,0.00%,元大投信,元大印尼指數基金
元大巴西指數基金,1,Instinet Pacific Ltd,50029,99.08%,69589451,50029,0.07%,元大投信,元大巴西指數基金
元大巴西指數基金,2,nan,0,0.00%,0,0,0.00%,元大投信,元大巴西指數基金
元大巴西指數基金,3,nan,0,0.00%,0,0,0.00%,元大投信,元大巴西指數基金
元大巴西指數基金,4,nan,0,0.00%,0,0,0.00%,元大投信,元大巴西指數基金
元大巴西指數基金,5,nan,0,0.00%,0,0,0.00%,元大投信,元大巴西指數基金
元大富櫃50基金,1,元大證券,205210,29.32%,222079381,205210,0.09%,元大投信,元大富櫃50基金
元大富櫃50基金,2,富邦證券,125970,18.00%,136381089,125970,0.09%,元大投信,元大富櫃50基金
元大富櫃50基金,3,統一綜合證券,122273,17.47%,132420557,122273,0.09%,元大投信,元大富櫃50基金
元大富櫃50基金,4,群益金鼎證券,97757,13.97%,105784413,97757,0.09%,元大投信,元大富櫃50基金
元大富櫃50基金,5,凱基證券,96500,13.79%,104456781,96500,0.09%,元大投信,元大富櫃50基金
元大摩臺基金,1,元大證券,46604,29.09%,50429505,46604,0.09%,元大投信,元大摩臺基金
元大摩臺基金,2,富邦證券,30896,19.28%,33431298,30896,0.09%,元大投信,元大摩臺基金
元大摩臺基金,3,永豐金證券,26025,16.24%,28149550,26025,0.09%,元大投信,元大摩臺基金
元大摩臺基金,4,統一綜合證券,23412,14.61%,25363900,23412,0.09%,元大投信,元大摩臺基金
元大摩臺基金,5,凱基證券,20253,12.64%,21907200,20253,0.09%,元大投信,元大摩臺基金
元大上證50基金,1,元大香港,274304,56.11%,274303089,274304,0.10%,元大投信,元大上證50基金
元大上證50基金,2,中信証券經紀(香港),117623,24.06%,117622651,117623,0.10%,元大投信,元大上證50基金
元大上證50基金,3,申萬宏源(香港),93925,19.21%,93924879,93925,0.10%,元大投信,元大上證50基金
元大上證50基金,4,元大證券,9668,1.98%,9667942,9668,0.10%,元大投信,元大上證50基金
元大上證50基金,5,國泰海通證券,720,0.15%,719610,720,0.10%,元大投信,元大上證50基金
元大台灣50單日正向2倍基金 (本基金為策略交易型產品且投資具有槓桿操作風險，故本基金不適合長期持有，僅符合臺灣證券交易所訂適格條件之投資人始得交易),1,元大證券,28905956,29.59%,31250845000,28905956,0.09%,元大投信,元大台灣50單日正向2倍基金
元大台灣50單日正向2倍基金 (本基金為策略交易型產品且投資具有槓桿操作風險，故本基金不適合長期持有，僅符合臺灣證券交易所訂適格條件之投資人始得交易),2,凱基證券,24249149,24.82%,26216375000,24249149,0.09%,元大投信,元大台灣50單日正向2倍基金
元大台灣50單日正向2倍基金 (本基金為策略交易型產品且投資具有槓桿操作風險，故本基金不適合長期持有，僅符合臺灣證券交易所訂適格條件之投資人始得交易),3,群益金鼎證券,23552595,24.11%,25463195000,23552595,0.09%,元大投信,元大台灣50單日正向2倍基金
元大台灣50單日正向2倍基金 (本基金為策略交易型產品且投資具有槓桿操作風險，故本基金不適合長期持有，僅符合臺灣證券交易所訂適格條件之投資人始得交易),4,統一綜合證券,17158758,17.57%,18550990000,17158758,0.09%,元大投信,元大台灣50單日正向2倍基金
元大台灣50單日正向2倍基金 (本基金為策略交易型產品且投資具有槓桿操作風險，故本基金不適合長期持有，僅符合臺灣證券交易所訂適格條件之投資人始得交易),5,富邦證券,2146156,2.20%,2320465000,2146156,0.09%,元大投信,元大台灣50單日正向2倍基金
元大大中華TMT基金,1,大和國泰證券,438862,50.36%,438862024,438862,0.10%,元大投信,元大大中華TMT基金
元大大中華TMT基金,2,元大證券,272947,31.32%,315584823,272947,0.09%,元大投信,元大大中華TMT基金
元大大中華TMT基金,3,統一綜合證券,96873,11.12%,104854500,96873,0.09%,元大投信,元大大中華TMT基金
元大大中華TMT基金,4,富邦證券,61329,7.04%,66440000,61329,0.09%,元大投信,元大大中華TMT基金
元大大中華TMT基金,5,nan,0,0.00%,0,0,0.00%,元大投信,元大大中華TMT基金
元大滬深300單日正向2倍基金 (本基金為策略交易型產品且投資具有槓桿操作風險，故本基金不適合長期持有，僅符合臺灣證券交易所訂適格條件之投資人始得交易),1,元大證券,49827,100.00%,0,0,0.00%,元大投信,元大滬深300單日正向2倍基金
元大滬深300單日正向2倍基金 (本基金為策略交易型產品且投資具有槓桿操作風險，故本基金不適合長期持有，僅符合臺灣證券交易所訂適格條件之投資人始得交易),2,nan,0,0.00%,0,0,0.00%,元大投信,元大滬深300單日正向2倍基金
元大滬深300單日正向2倍基金 (本基金為策略交易型產品且投資具有槓桿操作風險，故本基金不適合長期持有，僅符合臺灣證券交易所訂適格條件之投資人始得交易),3,nan,0,0.00%,0,0,0.00%,元大投信,元大滬深300單日正向2倍基金
元大滬深300單日正向2倍基金 (本基金為策略交易型產品且投資具有槓桿操作風險，故本基金不適合長期持有，僅符合臺灣證券交易所訂適格條件之投資人始得交易),4,nan,0,0.00%,0,0,0.00%,元大投信,元大滬深300單日正向2倍基金
元大滬深300單日正向2倍基金 (本基金為策略交易型產品且投資具有槓桿操作風險，故本基金不適合長期持有，僅符合臺灣證券交易所訂適格條件之投資人始得交易),5,nan,0,0.00%,0,0,0.00%,元大投信,元大滬深300單日正向2倍基金
元大全球股票入息基金 (本基金之配息來源可能為本金且並無保證收益及配息),1,元大證券,172023,37.39%,180115450,172023,0.10%,元大投信,元大全球股票入息基金
元大全球股票入息基金 (本基金之配息來源可能為本金且並無保證收益及配息),2,國泰綜合證券,135291,29.41%,173830119,135291,0.08%,元大投信,元大全球股票入息基金
元大全球股票入息基金 (本基金之配息來源可能為本金且並無保證收益及配息),3,Instinet Pacific Ltd,53347,11.60%,110006749,53347,0.05%,元大投信,元大全球股票入息基金
元大全球股票入息基金 (本基金之配息來源可能為本金且並無保證收益及配息),4,永豐金證券,90985,19.78%,86781741,90985,0.10%,元大投信,元大全球股票入息基金
元大全球股票入息基金 (本基金之配息來源可能為本金且並無保證收益及配息),5,大和國泰證券,6009,1.31%,0,0,0.00%,元大投信,元大全球股票入息基金
元大標普500基金,1,元大證券,1245593,34.85%,4151983395,1245593,0.03%,元大投信,元大標普500基金
元大標普500基金,2,大和國泰證券,770745,21.56%,2569114275,770745,0.03%,元大投信,元大標普500基金
元大標普500基金,3,Instinet Pacific Ltd,645721,18.07%,2152404700,645721,0.03%,元大投信,元大標普500基金
元大標普500基金,4,摩根大通證券,579583,16.22%,1932007743,579583,0.03%,元大投信,元大標普500基金
元大標普500基金,5,永豐金證券,324404,9.08%,1081341566,324404,0.03%,元大投信,元大標普500基金
元大日經225基金,1,台灣摩根士丹利證券,169488,54.77%,282626184,169488,0.06%,元大投信,元大日經225基金
元大日經225基金,2,美林證券,116323,37.59%,193869505,116323,0.06%,元大投信,元大日經225基金
元大日經225基金,3,大和國泰證券,21674,7.00%,36148231,21674,0.06%,元大投信,元大日經225基金
元大日經225基金,4,nan,0,0.00%,0,0,0.00%,元大投信,元大日經225基金
元大日經225基金,5,nan,0,0.00%,0,0,0.00%,元大投信,元大日經225基金
元大歐洲50基金,1,Instinet Pacific Ltd,23254,58.74%,38757937,23254,0.06%,元大投信,元大歐洲50基金
元大歐洲50基金,2,大和國泰證券,16161,40.82%,26935641,16161,0.06%,元大投信,元大歐洲50基金
元大歐洲50基金,3,nan,0,0.00%,0,0,0.00%,元大投信,元大歐洲50基金
元大歐洲50基金,4,nan,0,0.00%,0,0,0.00%,元大投信,元大歐洲50基金
元大歐洲50基金,5,nan,0,0.00%,0,0,0.00%,元大投信,元大歐洲50基金
元大新東協平衡基金 (本基金有相當比重投資於非投資等級之高風險債券),1,元大證券,92309,25.45%,95224040,92309,0.10%,元大投信,元大新東協平衡基金
元大新東協平衡基金 (本基金有相當比重投資於非投資等級之高風險債券),2,國泰綜合證券,83519,23.02%,73525700,83519,0.11%,元大投信,元大新東協平衡基金
元大新東協平衡基金 (本基金有相當比重投資於非投資等級之高風險債券),3,MIZUHO SECS ASIA,77979,21.50%,48744393,77979,0.16%,元大投信,元大新東協平衡基金
元大新東協平衡基金 (本基金有相當比重投資於非投資等級之高風險債券),4,元大泰國,23346,6.44%,38909331,23346,0.06%,元大投信,元大新東協平衡基金
元大新東協平衡基金 (本基金有相當比重投資於非投資等級之高風險債券),5,UOB (HK),33967,9.36%,22644572,33967,0.15%,元大投信,元大新東協平衡基金
元大美國政府20年期(以上)債券基金 (本基金之配息來源可能為收益平準金),1,元大證券,0,0.00%,0,0,0.00%,元大投信,元大美國政府20年期(以上)債券基金
元大美國政府20年期(以上)債券基金 (本基金之配息來源可能為收益平準金),2,JSF,0,0.00%,0,0,0.00%,元大投信,元大美國政府20年期(以上)債券基金
元大美國政府20年期(以上)債券基金 (本基金之配息來源可能為收益平準金),3,nan,0,0.00%,0,0,0.00%,元大投信,元大美國政府20年期(以上)債券基金
元大美國政府20年期(以上)債券基金 (本基金之配息來源可能為收益平準金),4,nan,0,0.00%,0,0,0.00%,元大投信,元大美國政府20年期(以上)債券基金
元大美國政府20年期(以上)債券基金 (本基金之配息來源可能為收益平準金),5,nan,0,0.00%,0,0,0.00%,元大投信,元大美國政府20年期(以上)債券基金
元大美國政府7至10年期債券基金,1,JSF,0,0.00%,0,0,0.00%,元大投信,元大美國政府7至10年期債券基金
元大美國政府7至10年期債券基金,2,國泰綜合證券,0,0.00%,0,0,0.00%,元大投信,元大美國政府7至10年期債券基金
元大美國政府7至10年期債券基金,3,元大證券,0,0.00%,0,0,0.00%,元大投信,元大美國政府7至10年期債券基金
元大美國政府7至10年期債券基金,4,nan,0,0.00%,0,0,0.00%,元大投信,元大美國政府7至10年期債券基金
元大美國政府7至10年期債券基金,5,nan,0,0.00%,0,0,0.00%,元大投信,元大美國政府7至10年期債券基金
元大亞太優質高股息100指數基金 (基金之收益分配由經理公司得依收益之情況自行決定當季配息型受益權單位配息與否及分配之金額，故每季分配之金額並非一定相同且並無保證收益及配息),1,Instinet Pacific Ltd,45485,44.04%,75550359,45485,0.06%,元大投信,元大亞太優質高股息100指數基金
元大亞太優質高股息100指數基金 (基金之收益分配由經理公司得依收益之情況自行決定當季配息型受益權單位配息與否及分配之金額，故每季分配之金額並非一定相同且並無保證收益及配息),2,大和國泰證券,35128,34.02%,55159555,35128,0.06%,元大投信,元大亞太優質高股息100指數基金
元大亞太優質高股息100指數基金 (基金之收益分配由經理公司得依收益之情況自行決定當季配息型受益權單位配息與否及分配之金額，故每季分配之金額並非一定相同且並無保證收益及配息),3,台灣摩根士丹利證券,22604,21.89%,37733703,22604,0.06%,元大投信,元大亞太優質高股息100指數基金
元大亞太優質高股息100指數基金 (基金之收益分配由經理公司得依收益之情況自行決定當季配息型受益權單位配息與否及分配之金額，故每季分配之金額並非一定相同且並無保證收益及配息),4,nan,0,0.00%,0,0,0.00%,元大投信,元大亞太優質高股息100指數基金
元大亞太優質高股息100指數基金 (基金之收益分配由經理公司得依收益之情況自行決定當季配息型受益權單位配息與否及分配之金額，故每季分配之金額並非一定相同且並無保證收益及配息),5,nan,0,0.00%,0,0,0.00%,元大投信,元大亞太優質高股息100指數基金
元大台灣高股息低波動ETF基金 (本基金之配息來源可能為收益平準金且並無保證收益及配息),1,元大證券,35915350,30.43%,38875498250,35915350,0.09%,元大投信,元大台灣高股息低波動ETF基金
元大台灣高股息低波動ETF基金 (本基金之配息來源可能為收益平準金且並無保證收益及配息),2,富邦證券,15911392,13.48%,17341451200,15911392,0.09%,元大投信,元大台灣高股息低波動ETF基金
元大台灣高股息低波動ETF基金 (本基金之配息來源可能為收益平準金且並無保證收益及配息),3,永豐金證券,14457992,12.25%,15657566550,14457992,0.09%,元大投信,元大台灣高股息低波動ETF基金
元大台灣高股息低波動ETF基金 (本基金之配息來源可能為收益平準金且並無保證收益及配息),4,群益金鼎證券,9443882,8.00%,10237390900,9443882,0.09%,元大投信,元大台灣高股息低波動ETF基金
元大台灣高股息低波動ETF基金 (本基金之配息來源可能為收益平準金且並無保證收益及配息),5,統一綜合證券,7381821,6.25%,7999103450,7381821,0.09%,元大投信,元大台灣高股息低波動ETF基金
元大20年期以上BBB級美元公司債券ETF基金 (本基金之配息來源可能為收益平準金),1,元大證券,0,0.00%,0,0,0.00%,元大投信,元大20年期以上BBB級美元公司債券ETF基金
元大20年期以上BBB級美元公司債券ETF基金 (本基金之配息來源可能為收益平準金),2,JSF,0,0.00%,0,0,0.00%,元大投信,元大20年期以上BBB級美元公司債券ETF基金
元大20年期以上BBB級美元公司債券ETF基金 (本基金之配息來源可能為收益平準金),3,國泰綜合證券,0,0.00%,0,0,0.00%,元大投信,元大20年期以上BBB級美元公司債券ETF基金
元大20年期以上BBB級美元公司債券ETF基金 (本基金之配息來源可能為收益平準金),4,富邦證券,0,0.00%,0,0,0.00%,元大投信,元大20年期以上BBB級美元公司債券ETF基金
元大20年期以上BBB級美元公司債券ETF基金 (本基金之配息來源可能為收益平準金),5,nan,0,0.00%,0,0,0.00%,元大投信,元大20年期以上BBB級美元公司債券ETF基金
元大美國政府1至3年期債券ETF基金,1,元大證券,0,0.00%,0,0,0.00%,元大投信,元大美國政府1至3年期債券ETF基金
元大美國政府1至3年期債券ETF基金,2,JSF,0,0.00%,0,0,0.00%,元大投信,元大美國政府1至3年期債券ETF基金
元大美國政府1至3年期債券ETF基金,3,國泰綜合證券,0,0.00%,0,0,0.00%,元大投信,元大美國政府1至3年期債券ETF基金
元大美國政府1至3年期債券ETF基金,4,nan,0,0.00%,0,0,0.00%,元大投信,元大美國政府1至3年期債券ETF基金
元大美國政府1至3年期債券ETF基金,5,nan,0,0.00%,0,0,0.00%,元大投信,元大美國政府1至3年期債券ETF基金
元大亞太成長基金,1,元大證券,747410,55.08%,621789086,747410,0.12%,元大投信,元大亞太成長基金
元大亞太成長基金,2,富邦證券,193079,14.23%,159619642,193079,0.12%,元大投信,元大亞太成長基金
元大亞太成長基金,3,UOB (HK),189506,13.96%,157922301,189506,0.12%,元大投信,元大亞太成長基金
元大亞太成長基金,4,岡三國際(亞洲),138952,10.24%,115795448,138952,0.12%,元大投信,元大亞太成長基金
元大亞太成長基金,5,台灣摩根士丹利證券,35334,2.60%,58892298,35334,0.06%,元大投信,元大亞太成長基金
元大台灣中型100基金,1,元大證券,710169,30.68%,768519507,710169,0.09%,元大投信,元大台灣中型100基金
元大台灣中型100基金,2,群益金鼎證券,467549,20.20%,505660726,467549,0.09%,元大投信,元大台灣中型100基金
元大台灣中型100基金,3,統一綜合證券,365097,15.77%,395047044,365097,0.09%,元大投信,元大台灣中型100基金
元大台灣中型100基金,4,台新證券,361836,15.63%,391575477,361836,0.09%,元大投信,元大台灣中型100基金
元大台灣中型100基金,5,凱基證券,324643,14.02%,351207500,324643,0.09%,元大投信,元大台灣中型100基金
元大台灣金融基金,1,元大證券,63058,29.55%,68221250,63058,0.09%,元大投信,元大台灣金融基金
元大台灣金融基金,2,統一綜合證券,48315,22.64%,52241300,48315,0.09%,元大投信,元大台灣金融基金
元大台灣金融基金,3,富邦證券,42924,20.11%,46423650,42924,0.09%,元大投信,元大台灣金融基金
元大台灣金融基金,4,凱基證券,22504,10.54%,24344750,22504,0.09%,元大投信,元大台灣金融基金
元大台灣金融基金,5,台新證券,21812,10.22%,23582500,21812,0.09%,元大投信,元大台灣金融基金
元大台灣電子科技基金,1,元大證券,416834,30.88%,450968350,416834,0.09%,元大投信,元大台灣電子科技基金
元大台灣電子科技基金,2,凱基證券,248560,18.42%,268950118,248560,0.09%,元大投信,元大台灣電子科技基金
元大台灣電子科技基金,3,富邦證券,231285,17.14%,250243008,231285,0.09%,元大投信,元大台灣電子科技基金
元大台灣電子科技基金,4,香港商野村國際證券有限公司台北分公司,68521,5.08%,171326200,68521,0.04%,元大投信,元大台灣電子科技基金
元大台灣電子科技基金,5,台新證券,147149,10.90%,159163928,147149,0.09%,元大投信,元大台灣電子科技基金
元大台灣高股息基金 (本基金之配息來源可能為收益平準金且並無保證收益及配息),1,元大證券,107726306,31.42%,116490087600,107726306,0.09%,元大投信,元大台灣高股息基金
元大台灣高股息基金 (本基金之配息來源可能為收益平準金且並無保證收益及配息),2,永豐金證券,41701020,12.16%,45101471050,41701020,0.09%,元大投信,元大台灣高股息基金
元大台灣高股息基金 (本基金之配息來源可能為收益平準金且並無保證收益及配息),3,凱基證券,35236449,10.28%,38105139150,35236449,0.09%,元大投信,元大台灣高股息基金
元大台灣高股息基金 (本基金之配息來源可能為收益平準金且並無保證收益及配息),4,富邦證券,34484674,10.06%,37387572500,34484674,0.09%,元大投信,元大台灣高股息基金
元大台灣高股息基金 (本基金之配息來源可能為收益平準金且並無保證收益及配息),5,群益金鼎證券,33997370,9.91%,36773968900,33997370,0.09%,元大投信,元大台灣高股息基金
元大MSCI中國A股國際通ETF基金,1,元大香港,196716,68.12%,196713060,196716,0.10%,元大投信,元大MSCI中國A股國際通ETF基金
元大MSCI中國A股國際通ETF基金,2,申萬宏源(香港),53958,18.68%,53957953,53958,0.10%,元大投信,元大MSCI中國A股國際通ETF基金
元大MSCI中國A股國際通ETF基金,3,中信証券經紀(香港),42153,14.60%,42151253,42153,0.10%,元大投信,元大MSCI中國A股國際通ETF基金
元大MSCI中國A股國際通ETF基金,4,元大證券,314,0.11%,313654,314,0.10%,元大投信,元大MSCI中國A股國際通ETF基金
元大MSCI中國A股國際通ETF基金,5,nan,0,0.00%,0,0,0.00%,元大投信,元大MSCI中國A股國際通ETF基金
元大20年期以上AAA至A級美元公司債券ETF基金 (本基金之配息來源可能為收益平準金),1,元大證券,0,0.00%,0,0,0.00%,元大投信,元大20年期以上AAA至A級美元公司債券ETF基金
元大20年期以上AAA至A級美元公司債券ETF基金 (本基金之配息來源可能為收益平準金),2,JSF,0,0.00%,0,0,0.00%,元大投信,元大20年期以上AAA至A級美元公司債券ETF基金
元大20年期以上AAA至A級美元公司債券ETF基金 (本基金之配息來源可能為收益平準金),3,國泰綜合證券,0,0.00%,0,0,0.00%,元大投信,元大20年期以上AAA至A級美元公司債券ETF基金
元大20年期以上AAA至A級美元公司債券ETF基金 (本基金之配息來源可能為收益平準金),4,富邦證券,0,0.00%,0,0,0.00%,元大投信,元大20年期以上AAA至A級美元公司債券ETF基金
元大20年期以上AAA至A級美元公司債券ETF基金 (本基金之配息來源可能為收益平準金),5,nan,0,0.00%,0,0,0.00%,元大投信,元大20年期以上AAA至A級美元公司債券ETF基金
元大全球人工智慧ETF基金,1,元大證券,1493866,66.29%,4693851119,1493866,0.03%,元大投信,元大全球人工智慧ETF基金
元大全球人工智慧ETF基金,2,Instinet Pacific Ltd,668985,29.69%,1394852490,668985,0.05%,元大投信,元大全球人工智慧ETF基金
元大全球人工智慧ETF基金,3,美林證券,96506,4.28%,167014858,96506,0.06%,元大投信,元大全球人工智慧ETF基金
元大全球人工智慧ETF基金,4,永豐金證券,9614,0.43%,32047698,9614,0.03%,元大投信,元大全球人工智慧ETF基金
元大全球人工智慧ETF基金,5,nan,0,0.00%,0,0,0.00%,元大投信,元大全球人工智慧ETF基金
元大標普美國高息特別股ETF基金 (本基金並無保證收益及配息),1,永豐金證券,13149,99.76%,43832475,13149,0.03%,元大投信,元大標普美國高息特別股ETF基金
元大標普美國高息特別股ETF基金 (本基金並無保證收益及配息),2,nan,0,0.00%,0,0,0.00%,元大投信,元大標普美國高息特別股ETF基金
元大標普美國高息特別股ETF基金 (本基金並無保證收益及配息),3,nan,0,0.00%,0,0,0.00%,元大投信,元大標普美國高息特別股ETF基金
元大標普美國高息特別股ETF基金 (本基金並無保證收益及配息),4,nan,0,0.00%,0,0,0.00%,元大投信,元大標普美國高息特別股ETF基金
元大標普美國高息特別股ETF基金 (本基金並無保證收益及配息),5,nan,0,0.00%,0,0,0.00%,元大投信,元大標普美國高息特別股ETF基金
元大10年期以上美元投資級銀行債券ETF基金,1,JSF,0,0.00%,0,0,0.00%,元大投信,元大10年期以上美元投資級銀行債券ETF基金
元大10年期以上美元投資級銀行債券ETF基金,2,國泰綜合證券,0,0.00%,0,0,0.00%,元大投信,元大10年期以上美元投資級銀行債券ETF基金
元大10年期以上美元投資級銀行債券ETF基金,3,元大證券,0,0.00%,0,0,0.00%,元大投信,元大10年期以上美元投資級銀行債券ETF基金
元大10年期以上美元投資級銀行債券ETF基金,4,nan,0,0.00%,0,0,0.00%,元大投信,元大10年期以上美元投資級銀行債券ETF基金
元大10年期以上美元投資級銀行債券ETF基金,5,nan,0,0.00%,0,0,0.00%,元大投信,元大10年期以上美元投資級銀行債券ETF基金
元大10年期以上美元投資級醫療保健債券ETF基金,1,JSF,0,0.00%,0,0,0.00%,元大投信,元大10年期以上美元投資級醫療保健債券ETF基金
元大10年期以上美元投資級醫療保健債券ETF基金,2,國泰綜合證券,0,0.00%,0,0,0.00%,元大投信,元大10年期以上美元投資級醫療保健債券ETF基金
元大10年期以上美元投資級醫療保健債券ETF基金,3,元大證券,0,0.00%,0,0,0.00%,元大投信,元大10年期以上美元投資級醫療保健債券ETF基金
元大10年期以上美元投資級醫療保健債券ETF基金,4,nan,0,0.00%,0,0,0.00%,元大投信,元大10年期以上美元投資級醫療保健債券ETF基金
元大10年期以上美元投資級醫療保健債券ETF基金,5,nan,0,0.00%,0,0,0.00%,元大投信,元大10年期以上美元投資級醫療保健債券ETF基金
元大10年期以上美元投資級公共事業電能債券ETF基金,1,JSF,0,0.00%,0,0,0.00%,元大投信,元大10年期以上美元投資級公共事業電能債券ETF基金
元大10年期以上美元投資級公共事業電能債券ETF基金,2,國泰綜合證券,0,0.00%,0,0,0.00%,元大投信,元大10年期以上美元投資級公共事業電能債券ETF基金
元大10年期以上美元投資級公共事業電能債券ETF基金,3,元大證券,0,0.00%,0,0,0.00%,元大投信,元大10年期以上美元投資級公共事業電能債券ETF基金
元大10年期以上美元投資級公共事業電能債券ETF基金,4,nan,0,0.00%,0,0,0.00%,元大投信,元大10年期以上美元投資級公共事業電能債券ETF基金
元大10年期以上美元投資級公共事業電能債券ETF基金,5,nan,0,0.00%,0,0,0.00%,元大投信,元大10年期以上美元投資級公共事業電能債券ETF基金
元大台灣高股息ETF連結基金 (本基金並無保證收益及配息),1,元大證券,1264105,100.00%,0,0,0.00%,元大投信,元大台灣高股息ETF連結基金
元大台灣高股息ETF連結基金 (本基金並無保證收益及配息),2,nan,0,0.00%,0,0,0.00%,元大投信,元大台灣高股息ETF連結基金
元大台灣高股息ETF連結基金 (本基金並無保證收益及配息),3,nan,0,0.00%,0,0,0.00%,元大投信,元大台灣高股息ETF連結基金
元大台灣高股息ETF連結基金 (本基金並無保證收益及配息),4,nan,0,0.00%,0,0,0.00%,元大投信,元大台灣高股息ETF連結基金
元大台灣高股息ETF連結基金 (本基金並無保證收益及配息),5,nan,0,0.00%,0,0,0.00%,元大投信,元大台灣高股息ETF連結基金
元大台灣卓越50ETF連結基金,1,元大證券,27318332,100.00%,0,0,0.00%,元大投信,元大台灣卓越50ETF連結基金
元大台灣卓越50ETF連結基金,2,nan,0,0.00%,0,0,0.00%,元大投信,元大台灣卓越50ETF連結基金
元大台灣卓越50ETF連結基金,3,nan,0,0.00%,0,0,0.00%,元大投信,元大台灣卓越50ETF連結基金
元大台灣卓越50ETF連結基金,4,nan,0,0.00%,0,0,0.00%,元大投信,元大台灣卓越50ETF連結基金
元大台灣卓越50ETF連結基金,5,nan,0,0.00%,0,0,0.00%,元大投信,元大台灣卓越50ETF連結基金
元大富櫃50ETF連結基金,1,元大證券,142701,100.00%,0,0,0.00%,元大投信,元大富櫃50ETF連結基金
元大富櫃50ETF連結基金,2,nan,0,0.00%,0,0,0.00%,元大投信,元大富櫃50ETF連結基金
元大富櫃50ETF連結基金,3,nan,0,0.00%,0,0,0.00%,元大投信,元大富櫃50ETF連結基金
元大富櫃50ETF連結基金,4,nan,0,0.00%,0,0,0.00%,元大投信,元大富櫃50ETF連結基金
元大富櫃50ETF連結基金,5,nan,0,0.00%,0,0,0.00%,元大投信,元大富櫃50ETF連結基金
元大臺灣ESG永續ETF基金 (本基金之配息來源可能為收益平準金),1,元大證券,2563968,29.60%,2772337450,2563968,0.09%,元大投信,元大臺灣ESG永續ETF基金
元大臺灣ESG永續ETF基金 (本基金之配息來源可能為收益平準金),2,富邦證券,1420134,16.40%,1535866550,1420134,0.09%,元大投信,元大臺灣ESG永續ETF基金
元大臺灣ESG永續ETF基金 (本基金之配息來源可能為收益平準金),3,統一綜合證券,1303987,15.05%,1410704950,1303987,0.09%,元大投信,元大臺灣ESG永續ETF基金
元大臺灣ESG永續ETF基金 (本基金之配息來源可能為收益平準金),4,凱基證券,1132362,13.07%,1225137000,1132362,0.09%,元大投信,元大臺灣ESG永續ETF基金
元大臺灣ESG永續ETF基金 (本基金之配息來源可能為收益平準金),5,永豐金證券,1111069,12.83%,1201775600,1111069,0.09%,元大投信,元大臺灣ESG永續ETF基金
元大全球未來通訊ETF基金,1,元大證券,380169,44.40%,767335743,380169,0.05%,元大投信,元大全球未來通訊ETF基金
元大全球未來通訊ETF基金,2,Instinet Pacific Ltd,159621,18.64%,522026617,159621,0.03%,元大投信,元大全球未來通訊ETF基金
元大全球未來通訊ETF基金,3,元大韓國,169231,19.76%,338463031,169231,0.05%,元大投信,元大全球未來通訊ETF基金
元大全球未來通訊ETF基金,4,大和國泰證券,148541,17.35%,303303148,148541,0.05%,元大投信,元大全球未來通訊ETF基金
元大全球未來通訊ETF基金,5,永豐金證券,8865,1.04%,29550325,8865,0.03%,元大投信,元大全球未來通訊ETF基金
元大15年期以上新興市場主權債ETF基金 (本基金之配息來源可能為收益平準金),1,JSF,0,0.00%,0,0,0.00%,元大投信,元大15年期以上新興市場主權債ETF基金
元大15年期以上新興市場主權債ETF基金 (本基金之配息來源可能為收益平準金),2,元大證券,0,0.00%,0,0,0.00%,元大投信,元大15年期以上新興市場主權債ETF基金
元大15年期以上新興市場主權債ETF基金 (本基金之配息來源可能為收益平準金),3,nan,0,0.00%,0,0,0.00%,元大投信,元大15年期以上新興市場主權債ETF基金
元大15年期以上新興市場主權債ETF基金 (本基金之配息來源可能為收益平準金),4,nan,0,0.00%,0,0,0.00%,元大投信,元大15年期以上新興市場主權債ETF基金
元大15年期以上新興市場主權債ETF基金 (本基金之配息來源可能為收益平準金),5,nan,0,0.00%,0,0,0.00%,元大投信,元大15年期以上新興市場主權債ETF基金
元大台灣高股息優質龍頭基金 (本基金之配息來源可能為收益平準金且並無保證收益及配息),1,元大證券,36389735,31.77%,34758177500,32145595,0.09%,元大投信,元大台灣高股息優質龍頭基金
元大台灣高股息優質龍頭基金 (本基金之配息來源可能為收益平準金且並無保證收益及配息),2,富邦證券,15782458,13.78%,17079181400,15782458,0.09%,元大投信,元大台灣高股息優質龍頭基金
元大台灣高股息優質龍頭基金 (本基金之配息來源可能為收益平準金且並無保證收益及配息),3,永豐金證券,12896070,11.26%,13947591650,12896070,0.09%,元大投信,元大台灣高股息優質龍頭基金
元大台灣高股息優質龍頭基金 (本基金之配息來源可能為收益平準金且並無保證收益及配息),4,凱基證券,10998827,9.60%,11899694900,10998827,0.09%,元大投信,元大台灣高股息優質龍頭基金
元大台灣高股息優質龍頭基金 (本基金之配息來源可能為收益平準金且並無保證收益及配息),5,群益金鼎證券,7843672,6.85%,8483672850,7843672,0.09%,元大投信,元大台灣高股息優質龍頭基金
元大全球5G關鍵科技ETF基金,1,元大證券,1004634,63.49%,1496114529,1004634,0.07%,元大投信,元大全球5G關鍵科技ETF基金
元大全球5G關鍵科技ETF基金,2,大和國泰證券,264934,16.74%,528198233,264934,0.05%,元大投信,元大全球5G關鍵科技ETF基金
元大全球5G關鍵科技ETF基金,3,摩根大通證券,124288,7.85%,268694330,124288,0.05%,元大投信,元大全球5G關鍵科技ETF基金
元大全球5G關鍵科技ETF基金,4,美林證券,118519,7.49%,197662006,118519,0.06%,元大投信,元大全球5G關鍵科技ETF基金
元大全球5G關鍵科技ETF基金,5,Instinet Pacific Ltd,29834,1.89%,52960454,29834,0.06%,元大投信,元大全球5G關鍵科技ETF基金
元大高科技基金,1,元大證券,24375372,29.23%,26355583456,24375372,0.09%,元大投信,元大高科技基金
元大高科技基金,2,永豐金證券,5354799,6.42%,5789272750,5354799,0.09%,元大投信,元大高科技基金
元大高科技基金,3,中信證券,4878151,5.85%,5277068000,4878151,0.09%,元大投信,元大高科技基金
元大高科技基金,4,統一綜合證券,4679220,5.61%,5058804000,4679220,0.09%,元大投信,元大高科技基金
元大高科技基金,5,群益金鼎證券,4417387,5.30%,4777138650,4417387,0.09%,元大投信,元大高科技基金
元大經貿基金,1,元大證券,6031908,28.79%,6525015300,6031908,0.09%,元大投信,元大經貿基金
元大經貿基金,2,新光證券,2474273,11.81%,2676365600,2474273,0.09%,元大投信,元大經貿基金
元大經貿基金,3,國票綜合證券,1710925,8.17%,1851456800,1710925,0.09%,元大投信,元大經貿基金
元大經貿基金,4,華南永昌綜合證券,1400107,6.68%,1515121500,1400107,0.09%,元大投信,元大經貿基金
元大經貿基金,5,摩根大通證券,1341614,6.40%,1452421000,1341614,0.09%,元大投信,元大經貿基金
元大全球優質龍頭平衡基金,1,元大證券,25452805,46.49%,21545512333,25452805,0.12%,元大投信,元大全球優質龍頭平衡基金
元大全球優質龍頭平衡基金,2,群益金鼎證券,4210665,7.69%,4143728891,4210665,0.10%,元大投信,元大全球優質龍頭平衡基金
元大全球優質龍頭平衡基金,3,TD Execution Services Limited,3916162,7.15%,3994046198,3916162,0.10%,元大投信,元大全球優質龍頭平衡基金
元大全球優質龍頭平衡基金,4,Citigroup Global,3427917,6.26%,3423326949,3427917,0.10%,元大投信,元大全球優質龍頭平衡基金
元大全球優質龍頭平衡基金,5,UBS Securities,3276944,5.99%,3276944402,3276944,0.10%,元大投信,元大全球優質龍頭平衡基金
元大多多基金,1,元大證券,15675866,29.33%,16949571276,15675866,0.09%,元大投信,元大多多基金
元大多多基金,2,台新證券,3997870,7.48%,4323778400,3997870,0.09%,元大投信,元大多多基金
元大多多基金,3,玉山綜合證券,3709659,6.94%,4011461400,3709659,0.09%,元大投信,元大多多基金
元大多多基金,4,華南永昌綜合證券,3299508,6.17%,3569498900,3299508,0.09%,元大投信,元大多多基金
元大多多基金,5,群益金鼎證券,3195607,5.98%,3455075800,3195607,0.09%,元大投信,元大多多基金
元大卓越基金,1,元大證券,4669346,29.82%,5051460850,4669346,0.09%,元大投信,元大卓越基金
元大卓越基金,2,台新證券,1593810,10.18%,1725973650,1593810,0.09%,元大投信,元大卓越基金
元大卓越基金,3,華南永昌綜合證券,1163894,7.43%,1259395650,1163894,0.09%,元大投信,元大卓越基金
元大卓越基金,4,新光證券,1051026,6.71%,1137814900,1051026,0.09%,元大投信,元大卓越基金
元大卓越基金,5,玉山綜合證券,850858,5.43%,920243000,850858,0.09%,元大投信,元大卓越基金
元大日本龍頭企業基金,1,元大證券,50129908,42.56%,51897924501,50129908,0.10%,元大投信,元大日本龍頭企業基金
元大日本龍頭企業基金,2,台灣摩根士丹利證券,6034871,5.12%,10643923188,6034871,0.06%,元大投信,元大日本龍頭企業基金
元大日本龍頭企業基金,3,岡三國際(亞洲),10835240,9.20%,9029373434,10835240,0.12%,元大投信,元大日本龍頭企業基金
元大日本龍頭企業基金,4,華南永昌綜合證券,8378162,7.11%,8218960360,8150952,0.10%,元大投信,元大日本龍頭企業基金
元大日本龍頭企業基金,5,Jefferies International,7356889,6.25%,7356888673,7356889,0.10%,元大投信,元大日本龍頭企業基金
元大台灣高股息低波動ETF連結基金 (本基金之配息來源可能為收益平準金且並無保證收益及配息),1,元大證券,307288,100.00%,0,0,0.00%,元大投信,元大台灣高股息低波動ETF連結基金
元大台灣高股息低波動ETF連結基金 (本基金之配息來源可能為收益平準金且並無保證收益及配息),2,nan,0,0.00%,0,0,0.00%,元大投信,元大台灣高股息低波動ETF連結基金
元大台灣高股息低波動ETF連結基金 (本基金之配息來源可能為收益平準金且並無保證收益及配息),3,nan,0,0.00%,0,0,0.00%,元大投信,元大台灣高股息低波動ETF連結基金
元大台灣高股息低波動ETF連結基金 (本基金之配息來源可能為收益平準金且並無保證收益及配息),4,nan,0,0.00%,0,0,0.00%,元大投信,元大台灣高股息低波動ETF連結基金
元大台灣高股息低波動ETF連結基金 (本基金之配息來源可能為收益平準金且並無保證收益及配息),5,nan,0,0.00%,0,0,0.00%,元大投信,元大台灣高股息低波動ETF連結基金
元大臺灣ESG永續ETF連結基金 (本基金之配息來源可能為收益平準金),1,元大證券,152882,100.00%,0,0,0.00%,元大投信,元大臺灣ESG永續ETF連結基金
元大臺灣ESG永續ETF連結基金 (本基金之配息來源可能為收益平準金),2,nan,0,0.00%,0,0,0.00%,元大投信,元大臺灣ESG永續ETF連結基金
元大臺灣ESG永續ETF連結基金 (本基金之配息來源可能為收益平準金),3,nan,0,0.00%,0,0,0.00%,元大投信,元大臺灣ESG永續ETF連結基金
元大臺灣ESG永續ETF連結基金 (本基金之配息來源可能為收益平準金),4,nan,0,0.00%,0,0,0.00%,元大投信,元大臺灣ESG永續ETF連結基金
元大臺灣ESG永續ETF連結基金 (本基金之配息來源可能為收益平準金),5,nan,0,0.00%,0,0,0.00%,元大投信,元大臺灣ESG永續ETF連結基金
元大臺灣價值高息ETF基金 (本基金之配息來源可能為收益平準金且並無保證收益及配息),1,元大證券,26610433,30.38%,28806912400,26610433,0.09%,元大投信,元大臺灣價值高息ETF基金
元大臺灣價值高息ETF基金 (本基金之配息來源可能為收益平準金且並無保證收益及配息),2,富邦證券,15975715,18.24%,17352571050,15975715,0.09%,元大投信,元大臺灣價值高息ETF基金
元大臺灣價值高息ETF基金 (本基金之配息來源可能為收益平準金且並無保證收益及配息),3,永豐金證券,15846473,18.09%,17158615650,15846473,0.09%,元大投信,元大臺灣價值高息ETF基金
元大臺灣價值高息ETF基金 (本基金之配息來源可能為收益平準金且並無保證收益及配息),4,群益金鼎證券,6209014,7.09%,6731674800,6209014,0.09%,元大投信,元大臺灣價值高息ETF基金
元大臺灣價值高息ETF基金 (本基金之配息來源可能為收益平準金且並無保證收益及配息),5,統一綜合證券,5900704,6.74%,6399780050,5900704,0.09%,元大投信,元大臺灣價值高息ETF基金
元大台灣卓越50基金,1,元大證券,43238726,44.50%,46748266829,43238726,0.09%,元大投信,元大台灣卓越50基金
元大台灣卓越50基金,2,大和國泰證券,17763962,18.28%,44416040600,17763962,0.04%,元大投信,元大台灣卓越50基金
元大台灣卓越50基金,3,國泰綜合證券,15143560,15.59%,37865359300,15143560,0.04%,元大投信,元大台灣卓越50基金
元大台灣卓越50基金,4,香港上海滙豐證券,11564623,11.90%,28916707500,11564623,0.04%,元大投信,元大台灣卓越50基金
元大台灣卓越50基金,5,統一綜合證券,3590145,3.69%,3882454967,3590145,0.09%,元大投信,元大台灣卓越50基金
元大台灣加權股價指數基金,1,元大證券,2360016,28.99%,2552685550,2360016,0.09%,元大投信,元大台灣加權股價指數基金
元大台灣加權股價指數基金,2,群益金鼎證券,1366943,16.79%,1478128550,1366943,0.09%,元大投信,元大台灣加權股價指數基金
元大台灣加權股價指數基金,3,永豐金證券,1168903,14.36%,1264172400,1168903,0.09%,元大投信,元大台灣加權股價指數基金
元大台灣加權股價指數基金,4,富邦證券,1116924,13.72%,1208245550,1116924,0.09%,元大投信,元大台灣加權股價指數基金
元大台灣加權股價指數基金,5,統一綜合證券,1025251,12.59%,1109007950,1025251,0.09%,元大投信,元大台灣加權股價指數基金
景順全球康健基金,1,CITIGROUP GLOBAL MARKETS INC.,8681,51.09%,35003083,8681,0.02%,景順投信,景順全球康健基金
景順全球康健基金,2,MORGAN STANLEY,3060,18.01%,27629856,3060,0.01%,景順投信,景順全球康健基金
景順全球康健基金,3,BANK OF AMERICA MERRILL LYNCH,989,5.82%,19206236,989,0.01%,景順投信,景順全球康健基金
景順全球康健基金,4,UBS AG,1880,11.06%,17158449,1880,0.01%,景順投信,景順全球康健基金
景順全球康健基金,5,JPMorgan,2040,12.01%,16671295,2040,0.01%,景順投信,景順全球康健基金
景順主流基金,1,美林證券,118001,10.44%,117999161,118001,0.10%,景順投信,景順主流基金
景順主流基金,2,台灣摩根士丹利證券,116318,10.29%,116316232,116318,0.10%,景順投信,景順主流基金
景順主流基金,3,摩根大通證券,114366,10.12%,114364489,114366,0.10%,景順投信,景順主流基金
景順主流基金,4,香港上海滙豐證券,103646,9.17%,103642573,103646,0.10%,景順投信,景順主流基金
景順主流基金,5,大和國泰證券,84292,7.46%,93658095,84292,0.09%,景順投信,景順主流基金
景順台灣科技基金,1,大和國泰證券,71131,10.07%,79039692,71131,0.09%,景順投信,景順台灣科技基金
景順台灣科技基金,2,美商高盛亞洲證券有限公司台北分公司,78070,11.05%,78071321,78070,0.10%,景順投信,景順台灣科技基金
景順台灣科技基金,3,台灣摩根士丹利證券,77322,10.94%,77319248,77322,0.10%,景順投信,景順台灣科技基金
景順台灣科技基金,4,摩根大通證券,76640,10.85%,76634561,76640,0.10%,景順投信,景順台灣科技基金
景順台灣科技基金,5,新加坡商瑞銀證券台北分公司,66173,9.36%,66173832,66173,0.10%,景順投信,景順台灣科技基金
景順潛力基金,1,美商高盛亞洲證券有限公司台北分公司,222444,12.66%,222443073,222444,0.10%,景順投信,景順潛力基金
景順潛力基金,2,台灣摩根士丹利證券,198950,11.33%,198947483,198950,0.10%,景順投信,景順潛力基金
景順潛力基金,3,摩根大通證券,172091,9.80%,172091139,172091,0.10%,景順投信,景順潛力基金
景順潛力基金,4,大和國泰證券,151895,8.65%,168773870,151895,0.09%,景順投信,景順潛力基金
景順潛力基金,5,新加坡商瑞銀證券台北分公司,160879,9.16%,160877077,160879,0.10%,景順投信,景順潛力基金
景順全球科技基金 (本基金配息來源可能為本金),1,CITIGROUP GLOBAL MARKETS INC.,68189,12.64%,507345330,68189,0.01%,景順投信,景順全球科技基金
景順全球科技基金 (本基金配息來源可能為本金),2,MORGAN STANLEY,50054,9.28%,447590499,50054,0.01%,景順投信,景順全球科技基金
景順全球科技基金 (本基金配息來源可能為本金),3,JPMorgan,49649,9.21%,214751152,49649,0.02%,景順投信,景順全球科技基金
景順全球科技基金 (本基金配息來源可能為本金),4,BANK OF AMERICA MERRILL LYNCH,10582,1.96%,192018855,10582,0.01%,景順投信,景順全球科技基金
景順全球科技基金 (本基金配息來源可能為本金),5,GOLDMAN SACHS US,16602,3.08%,188945388,16602,0.01%,景順投信,景順全球科技基金
瀚亞亞洲科技資本家股票基金 (本基金配息來源可能為本金),1,PRESIDENT SECURITIES CORPORATION,796864,17.15%,728271291,796864,0.11%,瀚亞投信,瀚亞亞洲科技資本家股票基金
瀚亞亞洲科技資本家股票基金 (本基金配息來源可能為本金),2,凱基證券,607020,13.06%,510067571,607020,0.12%,瀚亞投信,瀚亞亞洲科技資本家股票基金
瀚亞亞洲科技資本家股票基金 (本基金配息來源可能為本金),3,GOLDMAN SACHS INTERNATIONAL,568531,12.24%,501391160,568531,0.11%,瀚亞投信,瀚亞亞洲科技資本家股票基金
瀚亞亞洲科技資本家股票基金 (本基金配息來源可能為本金),4,富邦證券,472009,10.16%,472041350,472009,0.10%,瀚亞投信,瀚亞亞洲科技資本家股票基金
瀚亞亞洲科技資本家股票基金 (本基金配息來源可能為本金),5,中信證券,379598,8.17%,343421015,379598,0.11%,瀚亞投信,瀚亞亞洲科技資本家股票基金
瀚亞環球智慧數據股息基金 (本基金配息來源可能為本金且基金並無保證收益及配息),1,JPMORGAN CHASE & CO. NEW YORK,3557047,38.95%,2590478023,3552488,0.14%,瀚亞投信,瀚亞環球智慧數據股息基金
瀚亞環球智慧數據股息基金 (本基金配息來源可能為本金且基金並無保證收益及配息),2,台灣摩根士丹利證券,1541358,16.88%,1247709995,1540598,0.12%,瀚亞投信,瀚亞環球智慧數據股息基金
瀚亞環球智慧數據股息基金 (本基金配息來源可能為本金且基金並無保證收益及配息),3,GOLDMAN SACHS INTERNATIONAL,799101,8.75%,844179014,797201,0.09%,瀚亞投信,瀚亞環球智慧數據股息基金
瀚亞環球智慧數據股息基金 (本基金配息來源可能為本金且基金並無保證收益及配息),4,Cathay,702539,7.69%,627872021,700773,0.11%,瀚亞投信,瀚亞環球智慧數據股息基金
瀚亞環球智慧數據股息基金 (本基金配息來源可能為本金且基金並無保證收益及配息),5,中信證券,596861,6.54%,540654692,587849,0.11%,瀚亞投信,瀚亞環球智慧數據股息基金
瀚亞非洲基金 (本基金之配息來源可能為本金),1,NEDBANK LIMITED,75308,16.47%,49655358,75308,0.15%,瀚亞投信,瀚亞非洲基金
瀚亞非洲基金 (本基金之配息來源可能為本金),2,JPMORGAN CHASE & CO. NEW YORK,59285,12.97%,39523573,59285,0.15%,瀚亞投信,瀚亞非洲基金
瀚亞非洲基金 (本基金之配息來源可能為本金),3,INVESTEC SECURITIES,53661,11.74%,35773915,53661,0.15%,瀚亞投信,瀚亞非洲基金
瀚亞非洲基金 (本基金之配息來源可能為本金),4,MORGAN STANLEY,41802,9.14%,27868253,41802,0.15%,瀚亞投信,瀚亞非洲基金
瀚亞非洲基金 (本基金之配息來源可能為本金),5,AFRICAN ALLIANCE STOCKBROKING HLDGS LTD,94449,20.66%,21916785,94449,0.43%,瀚亞投信,瀚亞非洲基金
瀚亞美國高科技基金,1,Cathay,3501453,23.35%,2899642815,3501453,0.12%,瀚亞投信,瀚亞美國高科技基金
瀚亞美國高科技基金,2,凱基證券,2891202,19.28%,2570352639,2891202,0.11%,瀚亞投信,瀚亞美國高科技基金
瀚亞美國高科技基金,3,中信證券,2435849,16.24%,2267542792,2435849,0.11%,瀚亞投信,瀚亞美國高科技基金
瀚亞美國高科技基金,4,PRESIDENT SECURITIES CORPORATION,2528655,16.86%,2196175312,2528655,0.12%,瀚亞投信,瀚亞美國高科技基金
瀚亞美國高科技基金,5,JPMORGAN CHASE & CO. NEW YORK,952931,6.35%,1184312929,952931,0.08%,瀚亞投信,瀚亞美國高科技基金
瀚亞歐洲基金,1,台灣摩根士丹利證券,1298309,14.81%,1300171014,1298309,0.10%,瀚亞投信,瀚亞歐洲基金
瀚亞歐洲基金,2,JPMORGAN CHASE & CO. NEW YORK,1688965,19.27%,1154020482,1688965,0.15%,瀚亞投信,瀚亞歐洲基金
瀚亞歐洲基金,3,Cathay,944329,10.78%,729075301,944329,0.13%,瀚亞投信,瀚亞歐洲基金
瀚亞歐洲基金,4,中信證券,748738,8.54%,623948749,748738,0.12%,瀚亞投信,瀚亞歐洲基金
瀚亞歐洲基金,5,凱基證券,673390,7.68%,619374024,673390,0.11%,瀚亞投信,瀚亞歐洲基金
瀚亞理財通基金 (本基金配息來源可能為本金),1,永豐金證券,0,0.00%,0,0,0.00%,瀚亞投信,瀚亞理財通基金
瀚亞理財通基金 (本基金配息來源可能為本金),2,凱基證券,72103,4.91%,24393000,24367,0.10%,瀚亞投信,瀚亞理財通基金
瀚亞理財通基金 (本基金配息來源可能為本金),3,JPMORGAN CHASE & CO. NEW YORK,318640,21.71%,280329100,280257,0.10%,瀚亞投信,瀚亞理財通基金
瀚亞理財通基金 (本基金配息來源可能為本金),4,群益金鼎證券,248241,16.91%,248300600,248241,0.10%,瀚亞投信,瀚亞理財通基金
瀚亞理財通基金 (本基金配息來源可能為本金),5,CL SECURITIES TAIWAN COMPANY LIMITE,158005,10.76%,158004640,158005,0.10%,瀚亞投信,瀚亞理財通基金
瀚亞印度基金 (本基金配息來源可能為本金),1,台灣摩根士丹利證券,784651,16.98%,795545189,784651,0.10%,瀚亞投信,瀚亞印度基金
瀚亞印度基金 (本基金配息來源可能為本金),2,GOLDMAN SACHS INTERNATIONAL,694644,15.03%,771826490,694644,0.09%,瀚亞投信,瀚亞印度基金
瀚亞印度基金 (本基金配息來源可能為本金),3,香港商麥格理資本股份有限公司台灣證券分公司,655435,14.18%,728261265,655435,0.09%,瀚亞投信,瀚亞印度基金
瀚亞印度基金 (本基金配息來源可能為本金),4,MERRILL LYNCH INTERNATIONAL,902214,19.52%,578541713,902214,0.16%,瀚亞投信,瀚亞印度基金
瀚亞印度基金 (本基金配息來源可能為本金),5,UBS AG,591974,12.81%,359377106,591974,0.16%,瀚亞投信,瀚亞印度基金
瀚亞巴西基金,1,ITAU UNIBANCO S/A,399749,80.82%,265779134,399749,0.15%,瀚亞投信,瀚亞巴西基金
瀚亞巴西基金,2,MERRILL LYNCH INTERNATIONAL,33953,6.86%,84649233,33953,0.04%,瀚亞投信,瀚亞巴西基金
瀚亞巴西基金,3,CITIGROUP GLOBAL MARKETS AUST PTY LTD,22736,4.60%,75786179,22736,0.03%,瀚亞投信,瀚亞巴西基金
瀚亞巴西基金,4,UBS AG,38175,7.72%,25449765,38175,0.15%,瀚亞投信,瀚亞巴西基金
瀚亞巴西基金,5,nan,0,0.00%,0,0,0.00%,瀚亞投信,瀚亞巴西基金
瀚亞中國A股基金,1,HAITONG INTL SECURITIES COMPANY LIMITED,1505431,38.06%,1505431259,1505431,0.10%,瀚亞投信,瀚亞中國A股基金
瀚亞中國A股基金,2,MERRILL LYNCH INTERNATIONAL,664784,16.81%,658275486,664784,0.10%,瀚亞投信,瀚亞中國A股基金
瀚亞中國A股基金,3,香港商麥格理資本股份有限公司台灣證券分公司,606797,15.34%,612734198,606797,0.10%,瀚亞投信,瀚亞中國A股基金
瀚亞中國A股基金,4,台灣摩根士丹利證券,423547,10.71%,428680525,423547,0.10%,瀚亞投信,瀚亞中國A股基金
瀚亞中國A股基金,5,CLSA AUSTRALIA PTY LTD,247227,6.25%,384252596,247227,0.06%,瀚亞投信,瀚亞中國A股基金
瀚亞亞太豐收平衡基金 (本基金有相當比重投資於非投資等級之高風險債券且配息來源可能為本金),1,香港商麥格理資本股份有限公司台灣證券分公司,5732,23.69%,11782715,4791,0.04%,瀚亞投信,瀚亞亞太豐收平衡基金
瀚亞亞太豐收平衡基金 (本基金有相當比重投資於非投資等級之高風險債券且配息來源可能為本金),2,CLSA AUSTRALIA PTY LTD,8862,36.62%,13253052,8595,0.06%,瀚亞投信,瀚亞亞太豐收平衡基金
瀚亞亞太豐收平衡基金 (本基金有相當比重投資於非投資等級之高風險債券且配息來源可能為本金),3,MERRILL LYNCH INTERNATIONAL,1049,4.33%,1165755,1049,0.09%,瀚亞投信,瀚亞亞太豐收平衡基金
瀚亞亞太豐收平衡基金 (本基金有相當比重投資於非投資等級之高風險債券且配息來源可能為本金),4,NOMURA INTERNATIONAL PLC,0,0.00%,0,0,0.00%,瀚亞投信,瀚亞亞太豐收平衡基金
瀚亞亞太豐收平衡基金 (本基金有相當比重投資於非投資等級之高風險債券且配息來源可能為本金),5,AUSTRALIA AND NEW ZEALAND BANKING GP LTD,0,0.00%,0,0,0.00%,瀚亞投信,瀚亞亞太豐收平衡基金
瀚亞策略印度傘型基金之印度策略收益平衡基金 (本子基金有相當比重投資於非投資等級之高風險債券且配息來源可能為本金),1,ICAP SECURITIES LTD,2080,4.57%,0,0,0.00%,瀚亞投信,瀚亞策略印度傘型基金之印度策略收益平衡基金 (本子基金
瀚亞策略印度傘型基金之印度策略收益平衡基金 (本子基金有相當比重投資於非投資等級之高風險債券且配息來源可能為本金),2,LKP SECURITIES LTD,2496,5.49%,0,0,0.00%,瀚亞投信,瀚亞策略印度傘型基金之印度策略收益平衡基金 (本子基金
瀚亞策略印度傘型基金之印度策略收益平衡基金 (本子基金有相當比重投資於非投資等級之高風險債券且配息來源可能為本金),3,TRUST FINANCIAL CONSULT SERVICES PVT LTD,1664,3.66%,0,0,0.00%,瀚亞投信,瀚亞策略印度傘型基金之印度策略收益平衡基金 (本子基金
瀚亞策略印度傘型基金之印度策略收益平衡基金 (本子基金有相當比重投資於非投資等級之高風險債券且配息來源可能為本金),4,台灣摩根士丹利證券,6988,15.36%,7764398,6988,0.09%,瀚亞投信,瀚亞策略印度傘型基金之印度策略收益平衡基金 (本子基金
瀚亞策略印度傘型基金之印度策略收益平衡基金 (本子基金有相當比重投資於非投資等級之高風險債券且配息來源可能為本金),5,WELLS FARGO SECURITIES LLC,0,0.00%,0,0,0.00%,瀚亞投信,瀚亞策略印度傘型基金之印度策略收益平衡基金 (本子基金
瀚亞亞太高股息基金 (本基金配息來源可能為本金且基金並無保證收益及配息),1,NOMURA INTERNATIONAL PLC,126979,23.73%,126978400,126979,0.10%,瀚亞投信,瀚亞亞太高股息基金
瀚亞亞太高股息基金 (本基金配息來源可能為本金且基金並無保證收益及配息),2,CLSA AUSTRALIA PTY LTD,67629,12.64%,98981968,67629,0.07%,瀚亞投信,瀚亞亞太高股息基金
瀚亞亞太高股息基金 (本基金配息來源可能為本金且基金並無保證收益及配息),3,CITIGROUP GLOBAL MARKETS AUST PTY LTD,66117,12.36%,79141299,66117,0.08%,瀚亞投信,瀚亞亞太高股息基金
瀚亞亞太高股息基金 (本基金配息來源可能為本金且基金並無保證收益及配息),4,香港商麥格理資本股份有限公司台灣證券分公司,54631,10.21%,75737260,54631,0.07%,瀚亞投信,瀚亞亞太高股息基金
瀚亞亞太高股息基金 (本基金配息來源可能為本金且基金並無保證收益及配息),5,JPMORGAN CHASE & CO. NEW YORK,47222,8.82%,44572441,47222,0.11%,瀚亞投信,瀚亞亞太高股息基金
瀚亞亞太基礎建設基金,1,CLSA AUSTRALIA PTY LTD,15043,27.70%,23636777,15043,0.06%,瀚亞投信,瀚亞亞太基礎建設基金
瀚亞亞太基礎建設基金,2,台灣摩根士丹利證券,18467,34.01%,20519058,18467,0.09%,瀚亞投信,瀚亞亞太基礎建設基金
瀚亞亞太基礎建設基金,3,CITIGROUP GLOBAL MARKETS AUST PTY LTD,12214,22.49%,6106782,12214,0.20%,瀚亞投信,瀚亞亞太基礎建設基金
瀚亞亞太基礎建設基金,4,香港商麥格理資本股份有限公司台灣證券分公司,3486,6.42%,5810822,3486,0.06%,瀚亞投信,瀚亞亞太基礎建設基金
瀚亞亞太基礎建設基金,5,凱基證券,2500,4.60%,2500000,2500,0.10%,瀚亞投信,瀚亞亞太基礎建設基金
瀚亞2030目標日期收益優化多重資產基金 (本基金配息來源可能為本金),1,瀚亞證券投資信託股份有限公司,0,0.00%,0,0,0.00%,瀚亞投信,瀚亞2030目標日期收益優化多重資產基金
瀚亞2030目標日期收益優化多重資產基金 (本基金配息來源可能為本金),2,GOLDMAN SACHS INTERNATIONAL,1111,7.25%,0,0,0.00%,瀚亞投信,瀚亞2030目標日期收益優化多重資產基金
瀚亞2030目標日期收益優化多重資產基金 (本基金配息來源可能為本金),3,JPMORGAN CHASE & CO. NEW YORK,9539,62.27%,0,0,0.00%,瀚亞投信,瀚亞2030目標日期收益優化多重資產基金
瀚亞2030目標日期收益優化多重資產基金 (本基金配息來源可能為本金),4,MERRILL LYNCH INTERNATIONAL,4062,26.52%,0,0,0.00%,瀚亞投信,瀚亞2030目標日期收益優化多重資產基金
瀚亞2030目標日期收益優化多重資產基金 (本基金配息來源可能為本金),5,SMBC NIKKO SECURITIES (SINGAPORE)PTE LTD,0,0.00%,0,0,0.00%,瀚亞投信,瀚亞2030目標日期收益優化多重資產基金
瀚亞中小型股基金,1,JPMORGAN CHASE & CO. NEW YORK,885383,12.00%,885451685,885383,0.10%,瀚亞投信,瀚亞中小型股基金
瀚亞中小型股基金,2,GOLDMAN SACHS INTERNATIONAL,795248,10.78%,795249300,795248,0.10%,瀚亞投信,瀚亞中小型股基金
瀚亞中小型股基金,3,PRESIDENT SECURITIES CORPORATION,765387,10.37%,765484500,765387,0.10%,瀚亞投信,瀚亞中小型股基金
瀚亞中小型股基金,4,CL SECURITIES TAIWAN COMPANY LIMITE,718140,9.73%,718138240,718140,0.10%,瀚亞投信,瀚亞中小型股基金
瀚亞中小型股基金,5,兆豐證券,695374,9.42%,695459700,695374,0.10%,瀚亞投信,瀚亞中小型股基金
瀚亞2031目標日期收益成長多重資產基金 (本基金配息來源可能為本金),1,瀚亞證券投資信託股份有限公司,0,0.00%,0,0,0.00%,瀚亞投信,瀚亞2031目標日期收益成長多重資產基金
瀚亞2031目標日期收益成長多重資產基金 (本基金配息來源可能為本金),2,The Hongkong and Shanghai Banking Corpor,0,0.00%,0,0,0.00%,瀚亞投信,瀚亞2031目標日期收益成長多重資產基金
瀚亞2031目標日期收益成長多重資產基金 (本基金配息來源可能為本金),3,台灣摩根士丹利證券,6070,66.60%,0,0,0.00%,瀚亞投信,瀚亞2031目標日期收益成長多重資產基金
瀚亞2031目標日期收益成長多重資產基金 (本基金配息來源可能為本金),4,TORONTO DOMINION BK LDN,0,0.00%,0,0,0.00%,瀚亞投信,瀚亞2031目標日期收益成長多重資產基金
瀚亞2031目標日期收益成長多重資產基金 (本基金配息來源可能為本金),5,MERRILL LYNCH INTERNATIONAL,3044,33.40%,0,0,0.00%,瀚亞投信,瀚亞2031目標日期收益成長多重資產基金
瀚亞高科技基金,1,台灣摩根士丹利證券,769785,16.34%,769784455,769785,0.10%,瀚亞投信,瀚亞高科技基金
瀚亞高科技基金,2,CL SECURITIES TAIWAN COMPANY LIMITE,593394,12.60%,593393500,593394,0.10%,瀚亞投信,瀚亞高科技基金
瀚亞高科技基金,3,GOLDMAN SACHS INTERNATIONAL,507841,10.78%,507841360,507841,0.10%,瀚亞投信,瀚亞高科技基金
瀚亞高科技基金,4,康和綜合證券,439808,9.34%,439835700,439808,0.10%,瀚亞投信,瀚亞高科技基金
瀚亞高科技基金,5,富邦證券,407582,8.65%,407670000,407582,0.10%,瀚亞投信,瀚亞高科技基金
瀚亞外銷基金,1,CL SECURITIES TAIWAN COMPANY LIMITE,3146141,12.93%,3146139959,3146141,0.10%,瀚亞投信,瀚亞外銷基金
瀚亞外銷基金,2,台灣摩根士丹利證券,2820851,11.59%,2820848910,2820851,0.10%,瀚亞投信,瀚亞外銷基金
瀚亞外銷基金,3,GOLDMAN SACHS INTERNATIONAL,2244472,9.22%,2244474500,2244472,0.10%,瀚亞投信,瀚亞外銷基金
瀚亞外銷基金,4,富邦證券,2226850,9.15%,2227256000,2226850,0.10%,瀚亞投信,瀚亞外銷基金
瀚亞外銷基金,5,PRESIDENT SECURITIES CORPORATION,2165475,8.90%,2165579500,2165475,0.10%,瀚亞投信,瀚亞外銷基金
瀚亞菁華基金,1,元大證券,1422132,15.44%,1422347000,1422132,0.10%,瀚亞投信,瀚亞菁華基金
瀚亞菁華基金,2,Cathay,983282,10.68%,983281000,983282,0.10%,瀚亞投信,瀚亞菁華基金
瀚亞菁華基金,3,JPMORGAN CHASE & CO. NEW YORK,965128,10.48%,965142920,965128,0.10%,瀚亞投信,瀚亞菁華基金
瀚亞菁華基金,4,群益金鼎證券,849754,9.23%,849790000,849754,0.10%,瀚亞投信,瀚亞菁華基金
瀚亞菁華基金,5,凱基證券,787148,8.55%,787166315,787148,0.10%,瀚亞投信,瀚亞菁華基金
玉山臺灣市值動能50 ETF 基金 (本基金之配息可能為收益平準金),1,元大證券,299922,8.56%,328591250,299922,0.09%,玉山投信,玉山臺灣市值動能50 ETF 基金
玉山臺灣市值動能50 ETF 基金 (本基金之配息可能為收益平準金),2,玉山綜合證券,293846,8.38%,326527900,293846,0.09%,玉山投信,玉山臺灣市值動能50 ETF 基金
玉山臺灣市值動能50 ETF 基金 (本基金之配息可能為收益平準金),3,凱基證券,286997,8.19%,318907300,286997,0.09%,玉山投信,玉山臺灣市值動能50 ETF 基金
玉山臺灣市值動能50 ETF 基金 (本基金之配息可能為收益平準金),4,富邦證券,285010,8.13%,311484790,285010,0.09%,玉山投信,玉山臺灣市值動能50 ETF 基金
玉山臺灣市值動能50 ETF 基金 (本基金之配息可能為收益平準金),5,華南永昌綜合證券,281685,8.04%,307136700,281685,0.09%,玉山投信,玉山臺灣市值動能50 ETF 基金
玉山全球跨國藍籌100ETF基金 (本基金之配息來源可能為收益平準金),1,國泰綜合證券,49308,28.56%,39581513,49308,0.12%,玉山投信,玉山全球跨國藍籌100ETF基金
玉山全球跨國藍籌100ETF基金 (本基金之配息來源可能為收益平準金),2,富邦證券,41076,23.79%,36714327,41076,0.11%,玉山投信,玉山全球跨國藍籌100ETF基金
玉山全球跨國藍籌100ETF基金 (本基金之配息來源可能為收益平準金),3,元大證券,30239,17.52%,33920594,30239,0.09%,玉山投信,玉山全球跨國藍籌100ETF基金
玉山全球跨國藍籌100ETF基金 (本基金之配息來源可能為收益平準金),4,永豐金證券,35186,20.38%,28393659,35186,0.12%,玉山投信,玉山全球跨國藍籌100ETF基金
玉山全球跨國藍籌100ETF基金 (本基金之配息來源可能為收益平準金),5,華南永昌綜合證券,23664,13.71%,23136185,23664,0.10%,玉山投信,玉山全球跨國藍籌100ETF基金
玉山美元嚴選非投資等級債券ETF基金 (本基金之配息來源可能為收益平準金),1,Jane Street Hong Kong Limited,0,0.00%,0,0,0.00%,玉山投信,玉山美元嚴選非投資等級債券ETF基金
玉山美元嚴選非投資等級債券ETF基金 (本基金之配息來源可能為收益平準金),2,國泰綜合證券,0,0.00%,0,0,0.00%,玉山投信,玉山美元嚴選非投資等級債券ETF基金
玉山美元嚴選非投資等級債券ETF基金 (本基金之配息來源可能為收益平準金),3,Jefferies,0,0.00%,0,0,0.00%,玉山投信,玉山美元嚴選非投資等級債券ETF基金
玉山美元嚴選非投資等級債券ETF基金 (本基金之配息來源可能為收益平準金),4,元大證券,0,0.00%,0,0,0.00%,玉山投信,玉山美元嚴選非投資等級債券ETF基金
玉山美元嚴選非投資等級債券ETF基金 (本基金之配息來源可能為收益平準金),5,永豐金證券,0,0.00%,0,0,0.00%,玉山投信,玉山美元嚴選非投資等級債券ETF基金
玉山未來全球算力ETF基金 (本基金之配息來源可能為收益平準金),1,玉山綜合證券,278582,40.76%,545620494,278582,0.05%,玉山投信,玉山未來全球算力ETF基金
玉山未來全球算力ETF基金 (本基金之配息來源可能為收益平準金),2,兆豐證券,480820,70.35%,336161914,480820,0.14%,玉山投信,玉山未來全球算力ETF基金
玉山未來全球算力ETF基金 (本基金之配息來源可能為收益平準金),3,群益金鼎證券,29783,4.36%,33093000,29783,0.09%,玉山投信,玉山未來全球算力ETF基金
玉山未來全球算力ETF基金 (本基金之配息來源可能為收益平準金),4,永豐金證券,12267,1.79%,10222835,12267,0.12%,玉山投信,玉山未來全球算力ETF基金
玉山未來全球算力ETF基金 (本基金之配息來源可能為收益平準金),5,nan,0,0.00%,0,0,0.00%,玉山投信,玉山未來全球算力ETF基金
玉山高成長基金,1,第一金證券,1483143,9.60%,1546463735,1483143,0.10%,玉山投信,玉山高成長基金
玉山高成長基金,2,凱基證券,1204981,7.80%,1339080241,1204981,0.09%,玉山投信,玉山高成長基金
玉山高成長基金,3,台新證券,1122832,7.27%,1247854055,1122832,0.09%,玉山投信,玉山高成長基金
玉山高成長基金,4,富邦證券,1158596,7.50%,1202041700,1158596,0.10%,玉山投信,玉山高成長基金
玉山高成長基金,5,玉山綜合證券,934753,6.05%,1038737506,934753,0.09%,玉山投信,玉山高成長基金
玉山全球消費商機基金,1,MERRILL LYNCH INTERNATIONAL,568895,46.90%,264245058,568895,0.22%,玉山投信,玉山全球消費商機基金
玉山全球消費商機基金,2,Morgan Stanley & Co.， LLC,248071,20.45%,244511222,248071,0.10%,玉山投信,玉山全球消費商機基金
玉山全球消費商機基金,3,Citigroup Global Market Limited,117306,9.67%,214226849,117306,0.05%,玉山投信,玉山全球消費商機基金
玉山全球消費商機基金,4,State Street (HK),211917,17.47%,214172261,211917,0.10%,玉山投信,玉山全球消費商機基金
玉山全球消費商機基金,5,INSTINET(HK),224323,18.49%,170607490,224323,0.13%,玉山投信,玉山全球消費商機基金
玉山全球醫療生化基金,1,Morgan Stanley & Co.， LLC,1566475,10.77%,3007993044,1566475,0.05%,玉山投信,玉山全球醫療生化基金
玉山全球醫療生化基金,2,INSTINET(HK),1432368,9.84%,2728971747,1432368,0.05%,玉山投信,玉山全球醫療生化基金
玉山全球醫療生化基金,3,JP MORGAN GROUP,1652323,11.36%,2693972450,1652323,0.06%,玉山投信,玉山全球醫療生化基金
玉山全球醫療生化基金,4,高盛集團,909034,6.25%,2512206945,909034,0.04%,玉山投信,玉山全球醫療生化基金
玉山全球醫療生化基金,5,元大證券,2422133,16.65%,2491895745,2422133,0.10%,玉山投信,玉山全球醫療生化基金
玉山新世紀基金,1,兆豐證券,227575,8.17%,236628328,227575,0.10%,玉山投信,玉山新世紀基金
玉山新世紀基金,2,統一綜合證券,221948,7.97%,228473370,221948,0.10%,玉山投信,玉山新世紀基金
玉山新世紀基金,3,元大證券,216211,7.76%,224886000,216211,0.10%,玉山投信,玉山新世紀基金
玉山新世紀基金,4,凱基證券,192675,6.92%,214193500,192675,0.09%,玉山投信,玉山新世紀基金
玉山新世紀基金,5,玉山綜合證券,184258,6.61%,204762800,184258,0.09%,玉山投信,玉山新世紀基金
玉山金平衡基金 (本基金有相當比重投資於非投資等級之高風險債券),1,玉山綜合證券,210410,8.10%,233877566,210410,0.09%,玉山投信,玉山金平衡基金
玉山金平衡基金 (本基金有相當比重投資於非投資等級之高風險債券),2,統一綜合證券,200015,7.70%,208891765,200015,0.10%,玉山投信,玉山金平衡基金
玉山金平衡基金 (本基金有相當比重投資於非投資等級之高風險債券),3,永豐金證券,140695,5.42%,145330100,140695,0.10%,玉山投信,玉山金平衡基金
玉山金平衡基金 (本基金有相當比重投資於非投資等級之高風險債券),4,富邦證券,176405,6.79%,181944400,176405,0.10%,玉山投信,玉山金平衡基金
玉山金平衡基金 (本基金有相當比重投資於非投資等級之高風險債券),5,國票綜合證券,156447,6.02%,173868976,156447,0.09%,玉山投信,玉山金平衡基金
玉山拉丁美洲基金,1,MERRILL LYNCH INTERNATIONAL,328611,30.89%,130149052,328611,0.25%,玉山投信,玉山拉丁美洲基金
玉山拉丁美洲基金,2,Morgan Stanley & Co.， LLC,241269,22.68%,116076078,241269,0.21%,玉山投信,玉山拉丁美洲基金
玉山拉丁美洲基金,3,State Street (HK),177332,16.67%,95200890,177332,0.19%,玉山投信,玉山拉丁美洲基金
玉山拉丁美洲基金,4,Citigroup Global Market Limited,146467,13.77%,64852268,146467,0.23%,玉山投信,玉山拉丁美洲基金
玉山拉丁美洲基金,5,BTIG(HK),68837,6.47%,50019156,68837,0.14%,玉山投信,玉山拉丁美洲基金
玉山中國品牌基金,1,中信證券,2011363,25.78%,1424119561,2011363,0.14%,玉山投信,玉山中國品牌基金
玉山中國品牌基金,2,國投證券（香港）有限公司,1802402,23.10%,1312920696,1802402,0.14%,玉山投信,玉山中國品牌基金
玉山中國品牌基金,3,富邦證券,1407152,18.04%,885695299,1407152,0.16%,玉山投信,玉山中國品牌基金
玉山中國品牌基金,4,TFI Securities,1050601,13.47%,764626408,1050601,0.14%,玉山投信,玉山中國品牌基金
玉山中國品牌基金,5,國泰君安證券,1032917,13.24%,741191231,1032917,0.14%,玉山投信,玉山中國品牌基金
玉山中國中小基金,1,中信證券,699242,20.37%,502196773,699242,0.14%,玉山投信,玉山中國中小基金
玉山中國中小基金,2,國投證券（香港）有限公司,506023,14.74%,369227013,506023,0.14%,玉山投信,玉山中國中小基金
玉山中國中小基金,3,國金證券,488384,14.23%,365697407,488384,0.13%,玉山投信,玉山中國中小基金
玉山中國中小基金,4,申萬宏源,534621,15.57%,348297540,534621,0.15%,玉山投信,玉山中國中小基金
玉山中國中小基金,5,中金公司,473004,13.78%,303688905,473004,0.16%,玉山投信,玉山中國中小基金
玉山中國好時平衡基金 (本基金有相當比重投資於非投資等級之高風險債券且基金之配息來源可能為本金),1,國泰綜合證券,0,0.00%,0,0,0.00%,玉山投信,玉山中國好時平衡基金
玉山中國好時平衡基金 (本基金有相當比重投資於非投資等級之高風險債券且基金之配息來源可能為本金),2,MIZUHO FINANCIAL GROUP,0,0.00%,0,0,0.00%,玉山投信,玉山中國好時平衡基金
玉山中國好時平衡基金 (本基金有相當比重投資於非投資等級之高風險債券且基金之配息來源可能為本金),3,富邦證券,72194,28.70%,54161481,72194,0.13%,玉山投信,玉山中國好時平衡基金
玉山中國好時平衡基金 (本基金有相當比重投資於非投資等級之高風險債券且基金之配息來源可能為本金),4,TFI Securities,63074,25.08%,44704014,63074,0.14%,玉山投信,玉山中國好時平衡基金
玉山中國好時平衡基金 (本基金有相當比重投資於非投資等級之高風險債券且基金之配息來源可能為本金),5,中信證券,63018,25.06%,41947793,63018,0.15%,玉山投信,玉山中國好時平衡基金
玉山全球資源基金,1,Morgan Stanley & Co.， LLC,600303,17.64%,602346339,600303,0.10%,玉山投信,玉山全球資源基金
玉山全球資源基金,2,State Street (HK),478540,14.06%,560599262,478540,0.09%,玉山投信,玉山全球資源基金
玉山全球資源基金,3,MERRILL LYNCH INTERNATIONAL,1218334,35.80%,549977196,1218334,0.22%,玉山投信,玉山全球資源基金
玉山全球資源基金,4,Citigroup Global Market Limited,367561,10.80%,439291211,367561,0.08%,玉山投信,玉山全球資源基金
玉山全球資源基金,5,富邦證券,611234,17.96%,348906497,611234,0.18%,玉山投信,玉山全球資源基金
玉山全球基礎建設基金,1,State Street (HK),192260,29.11%,122912603,192260,0.16%,玉山投信,玉山全球基礎建設基金
玉山全球基礎建設基金,2,MERRILL LYNCH INTERNATIONAL,334400,50.64%,110518627,334400,0.30%,玉山投信,玉山全球基礎建設基金
玉山全球基礎建設基金,3,JP MORGAN GROUP,83429,12.63%,92714596,83429,0.09%,玉山投信,玉山全球基礎建設基金
玉山全球基礎建設基金,4,Citigroup Global Market Limited,56309,8.53%,91454855,56309,0.06%,玉山投信,玉山全球基礎建設基金
玉山全球基礎建設基金,5,INSTINET(HK),98744,14.95%,82283696,98744,0.12%,玉山投信,玉山全球基礎建設基金
玉山科技島基金,1,第一金證券,1164062,11.91%,1210954669,1164062,0.10%,玉山投信,玉山科技島基金
玉山科技島基金,2,凱基證券,701289,7.18%,779625340,701289,0.09%,玉山投信,玉山科技島基金
玉山科技島基金,3,群益金鼎證券,681731,6.98%,757819525,681731,0.09%,玉山投信,玉山科技島基金
玉山科技島基金,4,玉山綜合證券,658698,6.74%,732098199,658698,0.09%,玉山投信,玉山科技島基金
玉山科技島基金,5,富邦證券,658624,6.74%,692039033,658624,0.10%,玉山投信,玉山科技島基金
玉山大中華基金,1,中信證券,1008129,27.96%,608578022,1008129,0.17%,玉山投信,玉山大中華基金
玉山大中華基金,2,元大證券,558186,15.48%,552302011,558186,0.10%,玉山投信,玉山大中華基金
玉山大中華基金,3,國投證券（香港）有限公司,781665,21.68%,459481841,781665,0.17%,玉山投信,玉山大中華基金
玉山大中華基金,4,國泰綜合證券,607770,16.86%,376321478,607770,0.16%,玉山投信,玉山大中華基金
玉山大中華基金,5,申萬宏源,573971,15.92%,375010819,573971,0.15%,玉山投信,玉山大中華基金
玉山中小型股基金,1,玉山綜合證券,1044705,7.78%,1161146128,1044705,0.09%,玉山投信,玉山中小型股基金
玉山中小型股基金,2,凱基證券,1013552,7.55%,1126409630,1013552,0.09%,玉山投信,玉山中小型股基金
玉山中小型股基金,3,統一綜合證券,995156,7.42%,1061176389,995156,0.09%,玉山投信,玉山中小型股基金
玉山中小型股基金,4,富邦證券,946422,7.05%,999896691,946422,0.09%,玉山投信,玉山中小型股基金
玉山中小型股基金,5,元大證券,929644,6.93%,986294225,929644,0.09%,玉山投信,玉山中小型股基金
玉山全球新供應鏈基金 (本基金之配息來源可能為本金),1,State Street (HK),74455,20.88%,116836172,74455,0.06%,玉山投信,玉山全球新供應鏈基金
玉山全球新供應鏈基金 (本基金之配息來源可能為本金),2,INSTINET(HK),71132,19.95%,100810983,71132,0.07%,玉山投信,玉山全球新供應鏈基金
玉山全球新供應鏈基金 (本基金之配息來源可能為本金),3,Morgan Stanley & Co.， LLC,79596,22.32%,95374265,79596,0.08%,玉山投信,玉山全球新供應鏈基金
玉山全球新供應鏈基金 (本基金之配息來源可能為本金),4,高盛集團,36382,10.20%,82410444,36382,0.04%,玉山投信,玉山全球新供應鏈基金
玉山全球新供應鏈基金 (本基金之配息來源可能為本金),5,JP MORGAN GROUP,24298,6.81%,39722127,24298,0.06%,玉山投信,玉山全球新供應鏈基金
玉山全球生態友善ESG多重資產基金 (本基金有相當比重投資於非投資等級之高風險債券且基金之配息來源可能為本金),1,JP MORGAN GROUP,261234,17.96%,313029421,261234,0.08%,玉山投信,玉山全球生態友善ESG多重資產基金
玉山全球生態友善ESG多重資產基金 (本基金有相當比重投資於非投資等級之高風險債券且基金之配息來源可能為本金),2,MERRILL LYNCH INTERNATIONAL,616668,42.40%,298060490,616668,0.21%,玉山投信,玉山全球生態友善ESG多重資產基金
玉山全球生態友善ESG多重資產基金 (本基金有相當比重投資於非投資等級之高風險債券且基金之配息來源可能為本金),3,INSTINET(HK),269320,18.52%,228590945,269320,0.12%,玉山投信,玉山全球生態友善ESG多重資產基金
玉山全球生態友善ESG多重資產基金 (本基金有相當比重投資於非投資等級之高風險債券且基金之配息來源可能為本金),4,Citigroup Global Market Limited,187847,12.92%,214692943,187847,0.09%,玉山投信,玉山全球生態友善ESG多重資產基金
玉山全球生態友善ESG多重資產基金 (本基金有相當比重投資於非投資等級之高風險債券且基金之配息來源可能為本金),5,BTIG(HK),145050,9.97%,112691218,145050,0.13%,玉山投信,玉山全球生態友善ESG多重資產基金
玉山金滿意基金,1,富邦證券,911378,9.11%,937099847,911378,0.10%,玉山投信,玉山金滿意基金
玉山金滿意基金,2,凱基證券,752933,7.52%,836825189,752933,0.09%,玉山投信,玉山金滿意基金
玉山金滿意基金,3,群益金鼎證券,743482,7.43%,826448305,743482,0.09%,玉山投信,玉山金滿意基金
玉山金滿意基金,4,元大證券,722503,7.22%,740381485,722503,0.10%,玉山投信,玉山金滿意基金
玉山金滿意基金,5,統一綜合證券,701475,7.01%,715541840,701475,0.10%,玉山投信,玉山金滿意基金
玉山亞太基金,1,元大證券,191779,14.39%,196206445,191779,0.10%,玉山投信,玉山亞太基金
玉山亞太基金,2,國泰綜合證券,402337,30.19%,174069461,402337,0.23%,玉山投信,玉山亞太基金
玉山亞太基金,3,INSTINET(HK),637030,47.79%,145903507,637030,0.44%,玉山投信,玉山亞太基金
玉山亞太基金,4,國投證券（香港）有限公司,213416,16.01%,128804000,213416,0.17%,玉山投信,玉山亞太基金
玉山亞太基金,5,玉山綜合證券,92683,6.95%,103114850,92683,0.09%,玉山投信,玉山亞太基金
玉山店頭市場基金,1,元大證券,114139,8.73%,117013550,114139,0.10%,玉山投信,玉山店頭市場基金
玉山店頭市場基金,2,統一綜合證券,112791,8.63%,115030481,112791,0.10%,玉山投信,玉山店頭市場基金
玉山店頭市場基金,3,國票綜合證券,90405,6.92%,100512083,90405,0.09%,玉山投信,玉山店頭市場基金
玉山店頭市場基金,4,凱基證券,87498,6.70%,97256830,87498,0.09%,玉山投信,玉山店頭市場基金
玉山店頭市場基金,5,華南永昌綜合證券,92283,7.06%,95525948,92283,0.10%,玉山投信,玉山店頭市場基金
玉山全球中小基金,1,MERRILL LYNCH INTERNATIONAL,439199,39.89%,193044255,439199,0.23%,玉山投信,玉山全球中小基金
玉山全球中小基金,2,Morgan Stanley & Co.， LLC,143367,13.02%,169869501,143367,0.08%,玉山投信,玉山全球中小基金
玉山全球中小基金,3,Citigroup Global Market Limited,69456,6.31%,127494211,69456,0.05%,玉山投信,玉山全球中小基金
玉山全球中小基金,4,永豐金證券,143808,13.06%,107919856,143808,0.13%,玉山投信,玉山全球中小基金
玉山全球中小基金,5,INSTINET(HK),160644,14.59%,103612640,160644,0.16%,玉山投信,玉山全球中小基金
統一全球15年以上BBB優選ESG公司債ETF基金 (基金之配息來源可能為收益平準金),1,Jane Street Group-HK,0,0.00%,862539460,0,0.00%,統一投信,統一全球15年以上BBB優選ESG公司債ETF基金
統一全球15年以上BBB優選ESG公司債ETF基金 (基金之配息來源可能為收益平準金),2,Susquehanna International,0,0.00%,535777711,0,0.00%,統一投信,統一全球15年以上BBB優選ESG公司債ETF基金
統一全球15年以上BBB優選ESG公司債ETF基金 (基金之配息來源可能為收益平準金),3,JP Morgan,0,0.00%,116846284,0,0.00%,統一投信,統一全球15年以上BBB優選ESG公司債ETF基金
統一全球15年以上BBB優選ESG公司債ETF基金 (基金之配息來源可能為收益平準金),4,nan,0,0.00%,0,0,0.00%,統一投信,統一全球15年以上BBB優選ESG公司債ETF基金
統一全球15年以上BBB優選ESG公司債ETF基金 (基金之配息來源可能為收益平準金),5,nan,0,0.00%,0,0,0.00%,統一投信,統一全球15年以上BBB優選ESG公司債ETF基金
統一優選低波多重資產基金 (基金之配息來源可能為本金及收益平準金),1,統一綜合證券,605445,20.10%,605766938,605445,0.10%,統一投信,統一優選低波多重資產基金
統一優選低波多重資產基金 (基金之配息來源可能為本金及收益平準金),2,凱基證券,315339,10.47%,315693900,315339,0.10%,統一投信,統一優選低波多重資產基金
統一優選低波多重資產基金 (基金之配息來源可能為本金及收益平準金),3,國泰綜合證券,281696,9.35%,281707500,281696,0.10%,統一投信,統一優選低波多重資產基金
統一優選低波多重資產基金 (基金之配息來源可能為本金及收益平準金),4,兆豐證券,252693,8.39%,252721250,252693,0.10%,統一投信,統一優選低波多重資產基金
統一優選低波多重資產基金 (基金之配息來源可能為本金及收益平準金),5,富邦證券,248573,8.25%,249280100,248573,0.10%,統一投信,統一優選低波多重資產基金
統一台股增長主動式ETF基金 (基金之配息來源可能為收益平準金),1,統一綜合證券,125839202,30.15%,125845594970,125839202,0.10%,統一投信,統一台股增長主動式ETF基金
統一台股增長主動式ETF基金 (基金之配息來源可能為收益平準金),2,元大證券,65431897,15.68%,65434480560,65431897,0.10%,統一投信,統一台股增長主動式ETF基金
統一台股增長主動式ETF基金 (基金之配息來源可能為收益平準金),3,凱基證券,42522176,10.19%,42523232500,42522176,0.10%,統一投信,統一台股增長主動式ETF基金
統一台股增長主動式ETF基金 (基金之配息來源可能為收益平準金),4,永豐金證券,33170408,7.95%,33172770944,33170408,0.10%,統一投信,統一台股增長主動式ETF基金
統一台股增長主動式ETF基金 (基金之配息來源可能為收益平準金),5,富邦證券,32935689,7.89%,32937131350,32935689,0.10%,統一投信,統一台股增長主動式ETF基金
統一美國50ETF 基金 (基金之配息來源可能為收益平準金),1,統一綜合證券,1099671,47.85%,1374592979,1099671,0.08%,統一投信,統一美國50ETF 基金
統一美國50ETF 基金 (基金之配息來源可能為收益平準金),2,元大證券,331655,14.43%,414565526,331655,0.08%,統一投信,統一美國50ETF 基金
統一美國50ETF 基金 (基金之配息來源可能為收益平準金),3,富邦證券,318742,13.87%,398423690,318742,0.08%,統一投信,統一美國50ETF 基金
統一美國50ETF 基金 (基金之配息來源可能為收益平準金),4,凱基證券,229224,9.97%,286531993,229224,0.08%,統一投信,統一美國50ETF 基金
統一美國50ETF 基金 (基金之配息來源可能為收益平準金),5,永豐金證券,216925,9.44%,271157541,216925,0.08%,統一投信,統一美國50ETF 基金
統一全球創新主動式ETF基金 (基金之配息來源可能為收益平準金),1,統一綜合證券,66691684,29.52%,51982210328,64417094,0.12%,統一投信,統一全球創新主動式ETF基金
統一全球創新主動式ETF基金 (基金之配息來源可能為收益平準金),2,永豐金證券,34125490,15.11%,24743728372,33181195,0.13%,統一投信,統一全球創新主動式ETF基金
統一全球創新主動式ETF基金 (基金之配息來源可能為收益平準金),3,富邦證券,29725925,13.16%,22719763786,28195012,0.12%,統一投信,統一全球創新主動式ETF基金
統一全球創新主動式ETF基金 (基金之配息來源可能為收益平準金),4,華南永昌綜合證券,30006516,13.28%,22061949964,29065032,0.13%,統一投信,統一全球創新主動式ETF基金
統一全球創新主動式ETF基金 (基金之配息來源可能為收益平準金),5,元大證券,24923000,11.03%,21655816228,24653424,0.11%,統一投信,統一全球創新主動式ETF基金
統一台股升級50主動式ETF基金 (基金之配息來源可能為收益平準金),1,統一綜合證券,91932620,29.52%,91936121100,91932620,0.10%,統一投信,統一台股升級50主動式ETF基金
統一台股升級50主動式ETF基金 (基金之配息來源可能為收益平準金),2,元大證券,44279733,14.22%,44281327900,44279733,0.10%,統一投信,統一台股升級50主動式ETF基金
統一台股升級50主動式ETF基金 (基金之配息來源可能為收益平準金),3,凱基證券,41984623,13.48%,41986015800,41984623,0.10%,統一投信,統一台股升級50主動式ETF基金
統一台股升級50主動式ETF基金 (基金之配息來源可能為收益平準金),4,群益金鼎證券,26590898,8.54%,26593298500,26590898,0.10%,統一投信,統一台股升級50主動式ETF基金
統一台股升級50主動式ETF基金 (基金之配息來源可能為收益平準金),5,富邦證券,26220099,8.42%,26222678600,26220099,0.10%,統一投信,統一台股升級50主動式ETF基金
統一股債傘型基金之統一美國公債量化增益主動式ETF基金 (基金之配息來源可能為收益平準金),1,JP Morgan,0,0.00%,359222563,0,0.00%,統一投信,統一股債傘型基金之統一美國公債量化增益主動式ETF基金
統一股債傘型基金之統一美國公債量化增益主動式ETF基金 (基金之配息來源可能為收益平準金),2,Jane Street Group-HK,0,0.00%,341350476,0,0.00%,統一投信,統一股債傘型基金之統一美國公債量化增益主動式ETF基金
統一股債傘型基金之統一美國公債量化增益主動式ETF基金 (基金之配息來源可能為收益平準金),3,元大證券,0,0.00%,243016129,0,0.00%,統一投信,統一股債傘型基金之統一美國公債量化增益主動式ETF基金
統一股債傘型基金之統一美國公債量化增益主動式ETF基金 (基金之配息來源可能為收益平準金),4,Susquehanna International,0,0.00%,93195746,0,0.00%,統一投信,統一股債傘型基金之統一美國公債量化增益主動式ETF基金
統一股債傘型基金之統一美國公債量化增益主動式ETF基金 (基金之配息來源可能為收益平準金),5,nan,0,0.00%,0,0,0.00%,統一投信,統一股債傘型基金之統一美國公債量化增益主動式ETF基金
統一股債傘型基金之統一前沿科技主動式ETF基金 (基金之配息來源可能為收益平準金),1,統一綜合證券,2206673,27.77%,1729513260,2206673,0.13%,統一投信,統一股債傘型基金之統一前沿科技主動式ETF基金
統一股債傘型基金之統一前沿科技主動式ETF基金 (基金之配息來源可能為收益平準金),2,元大證券,1113003,14.01%,1094667882,1113003,0.10%,統一投信,統一股債傘型基金之統一前沿科技主動式ETF基金
統一股債傘型基金之統一前沿科技主動式ETF基金 (基金之配息來源可能為收益平準金),3,國泰綜合證券,1030103,12.96%,997246754,1030103,0.10%,統一投信,統一股債傘型基金之統一前沿科技主動式ETF基金
統一股債傘型基金之統一前沿科技主動式ETF基金 (基金之配息來源可能為收益平準金),4,富邦證券,915228,11.52%,915227514,915228,0.10%,統一投信,統一股債傘型基金之統一前沿科技主動式ETF基金
統一股債傘型基金之統一前沿科技主動式ETF基金 (基金之配息來源可能為收益平準金),5,凱基證券,827849,10.42%,757609789,827849,0.11%,統一投信,統一股債傘型基金之統一前沿科技主動式ETF基金
統一全天候基金,1,統一綜合證券,9730842,27.44%,9731175400,9730842,0.10%,統一投信,統一全天候基金
統一全天候基金,2,凱基證券,4344835,12.25%,4345107000,4344835,0.10%,統一投信,統一全天候基金
統一全天候基金,3,台新證券,3062209,8.63%,3062379500,3062209,0.10%,統一投信,統一全天候基金
統一全天候基金,4,元大證券,2556854,7.21%,2557020282,2556854,0.10%,統一投信,統一全天候基金
統一全天候基金,5,兆豐證券,2072567,5.84%,2072668500,2072567,0.10%,統一投信,統一全天候基金
統一大滿貫基金,1,統一綜合證券,27574441,29.15%,27578812560,27574441,0.10%,統一投信,統一大滿貫基金
統一大滿貫基金,2,凱基證券,8656278,9.15%,8657064600,8656278,0.10%,統一投信,統一大滿貫基金
統一大滿貫基金,3,元大證券,8470293,8.95%,8471071100,8470293,0.10%,統一投信,統一大滿貫基金
統一大滿貫基金,4,國泰綜合證券,7285657,7.70%,7286870500,7285657,0.10%,統一投信,統一大滿貫基金
統一大滿貫基金,5,富邦證券,6612061,6.99%,6612812100,6612061,0.10%,統一投信,統一大滿貫基金
統一亞太基金,1,統一綜合證券,520932,29.62%,380128636,520932,0.14%,統一投信,統一亞太基金
統一亞太基金,2,凱基證券,189908,10.80%,178723853,189908,0.11%,統一投信,統一亞太基金
統一亞太基金,3,Daiwa-HK,188131,10.70%,169051517,188131,0.11%,統一投信,統一亞太基金
統一亞太基金,4,永豐金證券,194610,11.07%,130229363,194610,0.15%,統一投信,統一亞太基金
統一亞太基金,5,國泰綜合證券,170483,9.69%,121150381,170483,0.14%,統一投信,統一亞太基金
統一大龍印基金,1,統一綜合證券,4701398,30.84%,4085045007,4588026,0.11%,統一投信,統一大龍印基金
統一大龍印基金,2,Daiwa-HK,1401721,9.20%,1821014849,1400239,0.08%,統一投信,統一大龍印基金
統一大龍印基金,3,CITIC-SS,1336676,8.77%,1336671550,1336676,0.10%,統一投信,統一大龍印基金
統一大龍印基金,4,元大證券,1461988,9.59%,1254392134,1420982,0.11%,統一投信,統一大龍印基金
統一大龍印基金,5,富邦證券,1131583,7.42%,1051096289,1131583,0.11%,統一投信,統一大龍印基金
統一大中華中小基金,1,統一綜合證券,3607828,28.78%,3305048146,3607828,0.11%,統一投信,統一大中華中小基金
統一大中華中小基金,2,凱基證券,1690177,13.48%,1673056035,1690177,0.10%,統一投信,統一大中華中小基金
統一大中華中小基金,3,CITIC-SS,852106,6.80%,852098100,852106,0.10%,統一投信,統一大中華中小基金
統一大中華中小基金,4,Jefferies LCC,893215,7.13%,744345502,893215,0.12%,統一投信,統一大中華中小基金
統一大中華中小基金,5,Daiwa-HK,944374,7.53%,738348186,944374,0.13%,統一投信,統一大中華中小基金
統一新亞洲科技能源基金,1,統一綜合證券,3979732,27.99%,3558861853,3941993,0.11%,統一投信,統一新亞洲科技能源基金
統一新亞洲科技能源基金,2,Daiwa-HK,2098048,14.76%,2407538009,2098048,0.09%,統一投信,統一新亞洲科技能源基金
統一新亞洲科技能源基金,3,富邦證券,1128375,7.94%,856500360,1128375,0.13%,統一投信,統一新亞洲科技能源基金
統一新亞洲科技能源基金,4,元大證券,1044742,7.35%,840346195,1044742,0.12%,統一投信,統一新亞洲科技能源基金
統一新亞洲科技能源基金,5,Jefferies LCC,916737,6.45%,763947315,916737,0.12%,統一投信,統一新亞洲科技能源基金
統一亞洲大金磚基金,1,統一綜合證券,117102,30.56%,88261258,117102,0.13%,統一投信,統一亞洲大金磚基金
統一亞洲大金磚基金,2,Guosen-SZ,53248,13.90%,53244990,53248,0.10%,統一投信,統一亞洲大金磚基金
統一亞洲大金磚基金,3,國泰綜合證券,60092,15.68%,40875183,60092,0.15%,統一投信,統一亞洲大金磚基金
統一亞洲大金磚基金,4,CITIC-SS,32808,8.56%,32807774,32808,0.10%,統一投信,統一亞洲大金磚基金
統一亞洲大金磚基金,5,兆豐證券,31899,8.32%,31907000,31899,0.10%,統一投信,統一亞洲大金磚基金
統一大龍騰中國基金,1,統一綜合證券,3442182,31.09%,2923668979,3393268,0.12%,統一投信,統一大龍騰中國基金
統一大龍騰中國基金,2,凱基證券,1213032,10.96%,1146712696,1213032,0.11%,統一投信,統一大龍騰中國基金
統一大龍騰中國基金,3,Industrial Securities-SZ,1041430,9.41%,1041403480,1041430,0.10%,統一投信,統一大龍騰中國基金
統一大龍騰中國基金,4,國泰綜合證券,1132781,10.23%,1005131515,1112631,0.11%,統一投信,統一大龍騰中國基金
統一大龍騰中國基金,5,SWHY-SZ,801129,7.24%,801113078,801129,0.10%,統一投信,統一大龍騰中國基金
統一全球新科技基金,1,統一綜合證券,27632099,34.24%,22838296174,27208454,0.12%,統一投信,統一全球新科技基金
統一全球新科技基金,2,Daiwa-HK,6629216,8.21%,14507578039,6629216,0.05%,統一投信,統一全球新科技基金
統一全球新科技基金,3,永豐金證券,7549960,9.35%,5987503557,7549960,0.13%,統一投信,統一全球新科技基金
統一全球新科技基金,4,國泰綜合證券,5458066,6.76%,4549758269,5312878,0.12%,統一投信,統一全球新科技基金
統一全球新科技基金,5,華南永昌綜合證券,5731953,7.10%,4523232169,5731953,0.13%,統一投信,統一全球新科技基金
統一全球動態多重資產基金 (基金有相當比重投資於非投資等級之高風險債券且基金之配息來源可能為本金),1,統一綜合證券,937684,30.23%,841412480,937684,0.11%,統一投信,統一全球動態多重資產基金
統一全球動態多重資產基金 (基金有相當比重投資於非投資等級之高風險債券且基金之配息來源可能為本金),2,凱基證券,449911,14.50%,439078364,449911,0.10%,統一投信,統一全球動態多重資產基金
統一全球動態多重資產基金 (基金有相當比重投資於非投資等級之高風險債券且基金之配息來源可能為本金),3,兆豐證券,401285,12.94%,401334730,401285,0.10%,統一投信,統一全球動態多重資產基金
統一全球動態多重資產基金 (基金有相當比重投資於非投資等級之高風險債券且基金之配息來源可能為本金),4,Daiwa-HK,110206,3.55%,324502038,110206,0.03%,統一投信,統一全球動態多重資產基金
統一全球動態多重資產基金 (基金有相當比重投資於非投資等級之高風險債券且基金之配息來源可能為本金),5,永豐金證券,248343,8.01%,198882809,248343,0.12%,統一投信,統一全球動態多重資產基金
統一強漢基金,1,統一綜合證券,12362632,30.44%,10494932099,12362632,0.12%,統一投信,統一強漢基金
統一強漢基金,2,Industrial Securities-SZ,3838560,9.45%,3838505705,3838560,0.10%,統一投信,統一強漢基金
統一強漢基金,3,SWHY-SZ,3156348,7.77%,3156305262,3156348,0.10%,統一投信,統一強漢基金
統一強漢基金,4,Daiwa-HK,2562475,6.31%,2191113647,2562475,0.12%,統一投信,統一強漢基金
統一強漢基金,5,凱基證券,2213099,5.45%,2129715357,2213099,0.10%,統一投信,統一強漢基金
統一台灣動力基金,1,統一綜合證券,10692276,29.23%,10695080716,10692276,0.10%,統一投信,統一台灣動力基金
統一台灣動力基金,2,凱基證券,4143603,11.33%,4144569250,4143603,0.10%,統一投信,統一台灣動力基金
統一台灣動力基金,3,兆豐證券,3544540,9.69%,3545070400,3544540,0.10%,統一投信,統一台灣動力基金
統一台灣動力基金,4,台新證券,3477935,9.51%,3478365000,3477935,0.10%,統一投信,統一台灣動力基金
統一台灣動力基金,5,國泰綜合證券,3292106,9.00%,3292727200,3292106,0.10%,統一投信,統一台灣動力基金
統一大東協高股息基金,1,統一綜合證券,220787,30.12%,176622591,220787,0.13%,統一投信,統一大東協高股息基金
統一大東協高股息基金,2,Daiwa-HK,112892,15.40%,92454222,112892,0.12%,統一投信,統一大東協高股息基金
統一大東協高股息基金,3,凱基證券,92579,12.63%,89346091,92579,0.10%,統一投信,統一大東協高股息基金
統一大東協高股息基金,4,兆豐證券,87300,11.91%,87350000,87300,0.10%,統一投信,統一大東協高股息基金
統一大東協高股息基金,5,華南永昌綜合證券,48353,6.60%,34865967,48353,0.14%,統一投信,統一大東協高股息基金
統一NYSE FANG+ ETF基金,1,統一綜合證券,2297629,40.72%,17877641122,2297629,0.01%,統一投信,統一NYSE FANG+ ETF基金
統一NYSE FANG+ ETF基金,2,元大證券,2271120,40.25%,12910314808,2271120,0.02%,統一投信,統一NYSE FANG+ ETF基金
統一NYSE FANG+ ETF基金,3,永豐金證券,335005,5.94%,1791553540,335005,0.02%,統一投信,統一NYSE FANG+ ETF基金
統一NYSE FANG+ ETF基金,4,富邦證券,342537,6.07%,1731603011,342537,0.02%,統一投信,統一NYSE FANG+ ETF基金
統一NYSE FANG+ ETF基金,5,國泰綜合證券,147699,2.62%,1115869292,147699,0.01%,統一投信,統一NYSE FANG+ ETF基金
統一奔騰基金,1,統一綜合證券,35408466,29.23%,35409762450,35408466,0.10%,統一投信,統一奔騰基金
統一奔騰基金,2,元大證券,15786665,13.03%,15787147750,15786665,0.10%,統一投信,統一奔騰基金
統一奔騰基金,3,凱基證券,12248584,10.11%,12249192320,12248584,0.10%,統一投信,統一奔騰基金
統一奔騰基金,4,兆豐證券,8608481,7.11%,8608992600,8608481,0.10%,統一投信,統一奔騰基金
統一奔騰基金,5,群益金鼎證券,6324555,5.22%,6325695050,6324555,0.10%,統一投信,統一奔騰基金
統一彭博10年期以上Aa至A級美元優質公司債券ETF基金 (基金之配息來源可能為收益平準金),1,JP Morgan,0,0.00%,704962359,0,0.00%,統一投信,統一彭博10年期以上Aa至A級美元優質公司債券ETF基金
統一彭博10年期以上Aa至A級美元優質公司債券ETF基金 (基金之配息來源可能為收益平準金),2,Jane Street Group-HK,0,0.00%,690303861,0,0.00%,統一投信,統一彭博10年期以上Aa至A級美元優質公司債券ETF基金
統一彭博10年期以上Aa至A級美元優質公司債券ETF基金 (基金之配息來源可能為收益平準金),3,元大證券,0,0.00%,548108330,0,0.00%,統一投信,統一彭博10年期以上Aa至A級美元優質公司債券ETF基金
統一彭博10年期以上Aa至A級美元優質公司債券ETF基金 (基金之配息來源可能為收益平準金),4,Susquehanna International,0,0.00%,355761076,0,0.00%,統一投信,統一彭博10年期以上Aa至A級美元優質公司債券ETF基金
統一彭博10年期以上Aa至A級美元優質公司債券ETF基金 (基金之配息來源可能為收益平準金),5,nan,0,0.00%,0,0,0.00%,統一投信,統一彭博10年期以上Aa至A級美元優質公司債券ETF基金
統一全球智聯網AIoT基金,1,統一綜合證券,7448068,28.36%,6422394171,7340842,0.11%,統一投信,統一全球智聯網AIoT基金
統一全球智聯網AIoT基金,2,兆豐證券,3735293,14.22%,3735593350,3735293,0.10%,統一投信,統一全球智聯網AIoT基金
統一全球智聯網AIoT基金,3,Daiwa-HK,2908002,11.07%,2989059621,2855834,0.10%,統一投信,統一全球智聯網AIoT基金
統一全球智聯網AIoT基金,4,凱基證券,2361491,8.99%,2322937599,2361491,0.10%,統一投信,統一全球智聯網AIoT基金
統一全球智聯網AIoT基金,5,永豐金證券,1744223,6.64%,1367744674,1634759,0.12%,統一投信,統一全球智聯網AIoT基金
統一統信基金,1,統一綜合證券,1331267,28.72%,1331435128,1331267,0.10%,統一投信,統一統信基金
統一統信基金,2,凱基證券,368018,7.94%,368091375,368018,0.10%,統一投信,統一統信基金
統一統信基金,3,華南永昌綜合證券,295048,6.36%,295069900,295048,0.10%,統一投信,統一統信基金
統一統信基金,4,彰化商業銀行,258520,5.58%,258588000,258520,0.10%,統一投信,統一統信基金
統一統信基金,5,玉山綜合證券,251879,5.43%,251909600,251879,0.10%,統一投信,統一統信基金
統一經建基金,1,統一綜合證券,3342498,26.73%,3342626900,3342498,0.10%,統一投信,統一經建基金
統一經建基金,2,凱基證券,1464953,11.71%,1465003600,1464953,0.10%,統一投信,統一經建基金
統一經建基金,3,兆豐證券,983499,7.86%,983519400,983499,0.10%,統一投信,統一經建基金
統一經建基金,4,大和國泰證券,902199,7.21%,902213500,902199,0.10%,統一投信,統一經建基金
統一經建基金,5,玉山綜合證券,770638,6.16%,770657900,770638,0.10%,統一投信,統一經建基金
統一黑馬基金,1,統一綜合證券,48012344,28.82%,48014599724,48012344,0.10%,統一投信,統一黑馬基金
統一黑馬基金,2,元大證券,16694638,10.02%,16695651400,16694638,0.10%,統一投信,統一黑馬基金
統一黑馬基金,3,凱基證券,15355210,9.22%,15355877800,15355210,0.10%,統一投信,統一黑馬基金
統一黑馬基金,4,兆豐證券,10366623,6.22%,10367245450,10366623,0.10%,統一投信,統一黑馬基金
統一黑馬基金,5,富邦證券,9877338,5.93%,9877763200,9877338,0.10%,統一投信,統一黑馬基金
統一龍馬基金,1,統一綜合證券,16434726,29.96%,16435585200,16434726,0.10%,統一投信,統一龍馬基金
統一龍馬基金,2,凱基證券,6420776,11.71%,6420995100,6420776,0.10%,統一投信,統一龍馬基金
統一龍馬基金,3,元大證券,5176117,9.44%,5176368000,5176117,0.10%,統一投信,統一龍馬基金
統一龍馬基金,4,富邦證券,3839449,7.00%,3839547000,3839449,0.10%,統一投信,統一龍馬基金
統一龍馬基金,5,永豐金證券,3560541,6.49%,3560701000,3560541,0.10%,統一投信,統一龍馬基金
統一彭博美國20年期以上公債ETF基金 (基金之配息來源可能為收益平準金),1,元大證券,0,0.00%,7134499242,0,0.00%,統一投信,統一彭博美國20年期以上公債ETF基金
統一彭博美國20年期以上公債ETF基金 (基金之配息來源可能為收益平準金),2,Jane Street Group-HK,0,0.00%,5384112386,0,0.00%,統一投信,統一彭博美國20年期以上公債ETF基金
統一彭博美國20年期以上公債ETF基金 (基金之配息來源可能為收益平準金),3,Susquehanna International,0,0.00%,696034289,0,0.00%,統一投信,統一彭博美國20年期以上公債ETF基金
統一彭博美國20年期以上公債ETF基金 (基金之配息來源可能為收益平準金),4,nan,0,0.00%,0,0,0.00%,統一投信,統一彭博美國20年期以上公債ETF基金
統一彭博美國20年期以上公債ETF基金 (基金之配息來源可能為收益平準金),5,nan,0,0.00%,0,0,0.00%,統一投信,統一彭博美國20年期以上公債ETF基金
統一台灣高息優選基金 (本基金並無保證收益及配息，配息來源可能為本金及收益平準金),1,統一綜合證券,5573158,29.57%,5574250190,5573158,0.10%,統一投信,統一台灣高息優選基金
統一台灣高息優選基金 (本基金並無保證收益及配息，配息來源可能為本金及收益平準金),2,元大證券,2300456,12.21%,2300708050,2300456,0.10%,統一投信,統一台灣高息優選基金
統一台灣高息優選基金 (本基金並無保證收益及配息，配息來源可能為本金及收益平準金),3,兆豐證券,1862049,9.88%,1862170500,1862049,0.10%,統一投信,統一台灣高息優選基金
統一台灣高息優選基金 (本基金並無保證收益及配息，配息來源可能為本金及收益平準金),4,國泰綜合證券,1775874,9.42%,1776126000,1775874,0.10%,統一投信,統一台灣高息優選基金
統一台灣高息優選基金 (本基金並無保證收益及配息，配息來源可能為本金及收益平準金),5,犇亞證券,1408511,7.47%,1408586700,1408511,0.10%,統一投信,統一台灣高息優選基金
統一台灣高息動能ETF基金 (本基金並無保證收益及配息，配息來源可能為收益平準金),1,統一綜合證券,13902336,28.93%,13917411900,13902336,0.10%,統一投信,統一台灣高息動能ETF基金
統一台灣高息動能ETF基金 (本基金並無保證收益及配息，配息來源可能為收益平準金),2,元大證券,12376934,25.76%,12385749136,12376934,0.10%,統一投信,統一台灣高息動能ETF基金
統一台灣高息動能ETF基金 (本基金並無保證收益及配息，配息來源可能為收益平準金),3,凱基證券,4787993,9.96%,4792208950,4787993,0.10%,統一投信,統一台灣高息動能ETF基金
統一台灣高息動能ETF基金 (本基金並無保證收益及配息，配息來源可能為收益平準金),4,群益金鼎證券,4105412,8.54%,4111577500,4105412,0.10%,統一投信,統一台灣高息動能ETF基金
統一台灣高息動能ETF基金 (本基金並無保證收益及配息，配息來源可能為收益平準金),5,富邦證券,3858789,8.03%,3863257600,3858789,0.10%,統一投信,統一台灣高息動能ETF基金
統一中小基金,1,統一綜合證券,11197358,28.91%,11197818145,11197358,0.10%,統一投信,統一中小基金
統一中小基金,2,兆豐證券,4014777,10.36%,4014909050,4014777,0.10%,統一投信,統一中小基金
統一中小基金,3,元大證券,3051653,7.88%,3051775600,3051653,0.10%,統一投信,統一中小基金
統一中小基金,4,群益金鼎證券,2282532,5.89%,2282644000,2282532,0.10%,統一投信,統一中小基金
統一中小基金,5,大和國泰證券,2139468,5.52%,2139520500,2139468,0.10%,統一投信,統一中小基金
富邦台灣優質多重資產基金,1,富邦證券,202812,63.93%,11788000,10599,0.09%,富邦投信,富邦台灣優質多重資產基金
富邦台灣優質多重資產基金,2,永豐金證券,35788,11.28%,6899600,6205,0.09%,富邦投信,富邦台灣優質多重資產基金
富邦台灣優質多重資產基金,3,國泰綜合證券,30704,9.68%,8492900,7640,0.09%,富邦投信,富邦台灣優質多重資產基金
富邦台灣優質多重資產基金,4,元大證券,40571,12.79%,7285500,6550,0.09%,富邦投信,富邦台灣優質多重資產基金
富邦台灣優質多重資產基金,5,華南永昌綜合證券,7366,2.32%,8191600,7366,0.09%,富邦投信,富邦台灣優質多重資產基金
富邦台灣旗艦動能50ETF基金 (本基金之配息來源可能為收益平準金),1,富邦證券,2068580,26.91%,2301105428,2068580,0.09%,富邦投信,富邦台灣旗艦動能50ETF基金
富邦台灣旗艦動能50ETF基金 (本基金之配息來源可能為收益平準金),2,統一綜合證券,1677293,21.82%,1864326463,1677293,0.09%,富邦投信,富邦台灣旗艦動能50ETF基金
富邦台灣旗艦動能50ETF基金 (本基金之配息來源可能為收益平準金),3,凱基證券,1075487,13.99%,1195487950,1075487,0.09%,富邦投信,富邦台灣旗艦動能50ETF基金
富邦台灣旗艦動能50ETF基金 (本基金之配息來源可能為收益平準金),4,摩根大通證券,698342,9.09%,776132413,698342,0.09%,富邦投信,富邦台灣旗艦動能50ETF基金
富邦台灣旗艦動能50ETF基金 (本基金之配息來源可能為收益平準金),5,大和國泰證券,604023,7.86%,671376962,604023,0.09%,富邦投信,富邦台灣旗艦動能50ETF基金
富邦台灣淨零轉型ESG50 ETF基金 (本基金之配息來源可能為收益平準金),1,富邦證券,153099,25.84%,170227885,153099,0.09%,富邦投信,富邦台灣淨零轉型ESG50 ETF基金
富邦台灣淨零轉型ESG50 ETF基金 (本基金之配息來源可能為收益平準金),2,統一綜合證券,132912,22.44%,147775041,132912,0.09%,富邦投信,富邦台灣淨零轉型ESG50 ETF基金
富邦台灣淨零轉型ESG50 ETF基金 (本基金之配息來源可能為收益平準金),3,大和國泰證券,70582,11.91%,78467341,70582,0.09%,富邦投信,富邦台灣淨零轉型ESG50 ETF基金
富邦台灣淨零轉型ESG50 ETF基金 (本基金之配息來源可能為收益平準金),4,國泰綜合證券,57666,9.73%,64124160,57666,0.09%,富邦投信,富邦台灣淨零轉型ESG50 ETF基金
富邦台灣淨零轉型ESG50 ETF基金 (本基金之配息來源可能為收益平準金),5,永豐金證券,55760,9.41%,61964500,55760,0.09%,富邦投信,富邦台灣淨零轉型ESG50 ETF基金
富邦雙核心戰略多重資產基金 (本基金有相當比重投資於非投資等級之高風險債券且配息來源可能為本金及收益平準金),1,富邦證券,582041,31.83%,194964545,175465,0.09%,富邦投信,富邦雙核心戰略多重資產基金
富邦雙核心戰略多重資產基金 (本基金有相當比重投資於非投資等級之高風險債券且配息來源可能為本金及收益平準金),2,永豐金證券,330299,18.07%,135744245,152540,0.11%,富邦投信,富邦雙核心戰略多重資產基金
富邦雙核心戰略多重資產基金 (本基金有相當比重投資於非投資等級之高風險債券且配息來源可能為本金及收益平準金),3,統一證券,227407,12.44%,123946612,134764,0.11%,富邦投信,富邦雙核心戰略多重資產基金
富邦雙核心戰略多重資產基金 (本基金有相當比重投資於非投資等級之高風險債券且配息來源可能為本金及收益平準金),4,凱基證券,122115,6.68%,80580605,79990,0.10%,富邦投信,富邦雙核心戰略多重資產基金
富邦雙核心戰略多重資產基金 (本基金有相當比重投資於非投資等級之高風險債券且配息來源可能為本金及收益平準金),5,元大證券,120890,6.61%,98592856,98593,0.10%,富邦投信,富邦雙核心戰略多重資產基金
富邦優選收益傘型基金之富邦環球動態入息投資級債主動式ETF基金 (本基金之配息來源可能為收益平準金且基金並無保證收益及配息),1,凱基證券,8478,56.35%,0,0,0.00%,富邦投信,富邦優選收益傘型基金之富邦環球動態入息投資級債主動式ETF基金
富邦優選收益傘型基金之富邦環球動態入息投資級債主動式ETF基金 (本基金之配息來源可能為收益平準金且基金並無保證收益及配息),2,富邦證券,6567,43.65%,0,0,0.00%,富邦投信,富邦優選收益傘型基金之富邦環球動態入息投資級債主動式ETF基金
富邦優選收益傘型基金之富邦環球動態入息投資級債主動式ETF基金 (本基金之配息來源可能為收益平準金且基金並無保證收益及配息),3,nan,0,0.00%,0,0,0.00%,富邦投信,富邦優選收益傘型基金之富邦環球動態入息投資級債主動式ETF基金
富邦優選收益傘型基金之富邦環球動態入息投資級債主動式ETF基金 (本基金之配息來源可能為收益平準金且基金並無保證收益及配息),4,nan,0,0.00%,0,0,0.00%,富邦投信,富邦優選收益傘型基金之富邦環球動態入息投資級債主動式ETF基金
富邦優選收益傘型基金之富邦環球動態入息投資級債主動式ETF基金 (本基金之配息來源可能為收益平準金且基金並無保證收益及配息),5,nan,0,0.00%,0,0,0.00%,富邦投信,富邦優選收益傘型基金之富邦環球動態入息投資級債主動式ETF基金
富邦優選收益傘型基金之富邦環球複合優選收益債主動式ETF基金 (本基金有一定比重得投資於非投資等級之高風險債券且基金之配息來源可能為收益平準金且基金並無保證收益及配息),1,富邦證券,8146,34.98%,0,0,0.00%,富邦投信,富邦優選收益傘型基金之富邦環球複合優選收益債主動式ETF基金
富邦優選收益傘型基金之富邦環球複合優選收益債主動式ETF基金 (本基金有一定比重得投資於非投資等級之高風險債券且基金之配息來源可能為收益平準金且基金並無保證收益及配息),2,凱基證券,7789,33.45%,0,0,0.00%,富邦投信,富邦優選收益傘型基金之富邦環球複合優選收益債主動式ETF基金
富邦優選收益傘型基金之富邦環球複合優選收益債主動式ETF基金 (本基金有一定比重得投資於非投資等級之高風險債券且基金之配息來源可能為收益平準金且基金並無保證收益及配息),3,國泰綜合證券,7351,31.57%,0,0,0.00%,富邦投信,富邦優選收益傘型基金之富邦環球複合優選收益債主動式ETF基金
富邦優選收益傘型基金之富邦環球複合優選收益債主動式ETF基金 (本基金有一定比重得投資於非投資等級之高風險債券且基金之配息來源可能為收益平準金且基金並無保證收益及配息),4,nan,0,0.00%,0,0,0.00%,富邦投信,富邦優選收益傘型基金之富邦環球複合優選收益債主動式ETF基金
富邦優選收益傘型基金之富邦環球複合優選收益債主動式ETF基金 (本基金有一定比重得投資於非投資等級之高風險債券且基金之配息來源可能為收益平準金且基金並無保證收益及配息),5,nan,0,0.00%,0,0,0.00%,富邦投信,富邦優選收益傘型基金之富邦環球複合優選收益債主動式ETF基金
富邦美國傘型基金之富邦NASDAQ-100指數基金 (本基金之配息來源可能為本金及收益平準金),1,富邦證券,686730,28.23%,710368395,639336,0.09%,富邦投信,富邦美國傘型基金之富邦NASDAQ-100指數基金
富邦美國傘型基金之富邦NASDAQ-100指數基金 (本基金之配息來源可能為本金及收益平準金),2,國泰綜合證券,310247,12.75%,344711075,310247,0.09%,富邦投信,富邦美國傘型基金之富邦NASDAQ-100指數基金
富邦美國傘型基金之富邦NASDAQ-100指數基金 (本基金之配息來源可能為本金及收益平準金),3,統一證券,252628,10.38%,315789216,252628,0.08%,富邦投信,富邦美國傘型基金之富邦NASDAQ-100指數基金
富邦美國傘型基金之富邦NASDAQ-100指數基金 (本基金之配息來源可能為本金及收益平準金),4,凱基證券,227329,9.34%,284161333,227329,0.08%,富邦投信,富邦美國傘型基金之富邦NASDAQ-100指數基金
富邦美國傘型基金之富邦NASDAQ-100指數基金 (本基金之配息來源可能為本金及收益平準金),5,永豐金證券,456272,18.76%,275107698,456272,0.17%,富邦投信,富邦美國傘型基金之富邦NASDAQ-100指數基金
富邦美國傘型基金之富邦標普500指數基金 (本基金之配息來源可能為本金及收益平準金),1,富邦證券,449750,17.31%,499736170,449750,0.09%,富邦投信,富邦美國傘型基金之富邦標普500指數基金
富邦美國傘型基金之富邦標普500指數基金 (本基金之配息來源可能為本金及收益平準金),2,國泰綜合證券,295957,11.39%,328832312,295957,0.09%,富邦投信,富邦美國傘型基金之富邦標普500指數基金
富邦美國傘型基金之富邦標普500指數基金 (本基金之配息來源可能為本金及收益平準金),3,元大證券,228777,8.81%,285978069,228777,0.08%,富邦投信,富邦美國傘型基金之富邦標普500指數基金
富邦美國傘型基金之富邦標普500指數基金 (本基金之配息來源可能為本金及收益平準金),4,凱基證券,179282,6.90%,224098718,179282,0.08%,富邦投信,富邦美國傘型基金之富邦標普500指數基金
富邦美國傘型基金之富邦標普500指數基金 (本基金之配息來源可能為本金及收益平準金),5,統一證券,172422,6.64%,215531230,172422,0.08%,富邦投信,富邦美國傘型基金之富邦標普500指數基金
富邦美國傘型基金之富邦標普500 ETF基金 (本基金之配息來源可能為收益平準金),1,富邦證券,278760,9.71%,309742444,278760,0.09%,富邦投信,富邦美國傘型基金之富邦標普500 ETF基金
富邦美國傘型基金之富邦標普500 ETF基金 (本基金之配息來源可能為收益平準金),2,元大證券,159425,5.55%,199282275,159425,0.08%,富邦投信,富邦美國傘型基金之富邦標普500 ETF基金
富邦美國傘型基金之富邦標普500 ETF基金 (本基金之配息來源可能為收益平準金),3,Ｐｈｉｌｌｉｐ Ｓｅｃｕｒｉｔｉｅｓ Ｐｔｅ Ｌｔｄ,947811,33.00%,185955787,947811,0.51%,富邦投信,富邦美國傘型基金之富邦標普500 ETF基金
富邦美國傘型基金之富邦標普500 ETF基金 (本基金之配息來源可能為收益平準金),4,永豐金證券,1250965,43.56%,167028453,1250965,0.75%,富邦投信,富邦美國傘型基金之富邦標普500 ETF基金
富邦美國傘型基金之富邦標普500 ETF基金 (本基金之配息來源可能為收益平準金),5,統一證券,111863,3.89%,139826007,111863,0.08%,富邦投信,富邦美國傘型基金之富邦標普500 ETF基金
富邦台灣龍耀主動式ETF基金 (本基金之配息來源可能為收益平準金),1,富邦證券,14699433,28.31%,16338042000,14699433,0.09%,富邦投信,富邦台灣龍耀主動式ETF基金
富邦台灣龍耀主動式ETF基金 (本基金之配息來源可能為收益平準金),2,統一綜合證券,6783186,13.06%,7538861500,6783186,0.09%,富邦投信,富邦台灣龍耀主動式ETF基金
富邦台灣龍耀主動式ETF基金 (本基金之配息來源可能為收益平準金),3,凱基證券,4124409,7.94%,4583522000,4124409,0.09%,富邦投信,富邦台灣龍耀主動式ETF基金
富邦台灣龍耀主動式ETF基金 (本基金之配息來源可能為收益平準金),4,元大證券,3727182,7.18%,4142646000,3727182,0.09%,富邦投信,富邦台灣龍耀主動式ETF基金
富邦台灣龍耀主動式ETF基金 (本基金之配息來源可能為收益平準金),5,群益金鼎證券,3275891,6.31%,3640635000,3275891,0.09%,富邦投信,富邦台灣龍耀主動式ETF基金
富邦基金,1,富邦證券,3073617,26.59%,3416757838,3073617,0.09%,富邦投信,富邦基金
富邦基金,2,凱基證券,1302417,11.27%,1447480200,1302417,0.09%,富邦投信,富邦基金
富邦基金,3,大和國泰證券,887252,7.68%,986286500,887252,0.09%,富邦投信,富邦基金
富邦基金,4,犇亞證券,810102,7.01%,900341500,810102,0.09%,富邦投信,富邦基金
富邦基金,5,中信證券,731234,6.33%,812978000,731234,0.09%,富邦投信,富邦基金
富邦精選五虎基金,1,富邦證券,716080,27.20%,796598611,716080,0.09%,富邦投信,富邦精選五虎基金
富邦精選五虎基金,2,元大證券,238846,9.07%,265793100,238846,0.09%,富邦投信,富邦精選五虎基金
富邦精選五虎基金,3,統一綜合證券,237193,9.01%,263680000,237193,0.09%,富邦投信,富邦精選五虎基金
富邦精選五虎基金,4,永豐金證券,205723,7.81%,228661500,205723,0.09%,富邦投信,富邦精選五虎基金
富邦精選五虎基金,5,犇亞證券,204873,7.78%,227722300,204873,0.09%,富邦投信,富邦精選五虎基金
富邦台灣心基金,1,富邦證券,730512,26.35%,812713600,730512,0.09%,富邦投信,富邦台灣心基金
富邦台灣心基金,2,群益金鼎證券,292785,10.56%,325678700,292785,0.09%,富邦投信,富邦台灣心基金
富邦台灣心基金,3,大和國泰證券,272512,9.83%,303119400,272512,0.09%,富邦投信,富邦台灣心基金
富邦台灣心基金,4,康和綜合證券,271067,9.78%,301380400,271067,0.09%,富邦投信,富邦台灣心基金
富邦台灣心基金,5,摩根大通證券,253620,9.15%,282113550,253620,0.09%,富邦投信,富邦台灣心基金
富邦高科技基金,1,富邦證券,1179028,27.18%,1310643000,1179028,0.09%,富邦投信,富邦高科技基金
富邦高科技基金,2,群益金鼎證券,408594,9.42%,454160500,408594,0.09%,富邦投信,富邦高科技基金
富邦高科技基金,3,犇亞證券,401105,9.25%,445818000,401105,0.09%,富邦投信,富邦高科技基金
富邦高科技基金,4,永豐金證券,392961,9.06%,436826942,392961,0.09%,富邦投信,富邦高科技基金
富邦高科技基金,5,元大證券,382337,8.81%,425034000,382337,0.09%,富邦投信,富邦高科技基金
富邦日盛基金,1,富邦證券,1727699,26.16%,1920896900,1727699,0.09%,富邦投信,富邦日盛基金
富邦日盛基金,2,犇亞證券,554690,8.40%,616494600,554690,0.09%,富邦投信,富邦日盛基金
富邦日盛基金,3,中信證券,533734,8.08%,593323000,533734,0.09%,富邦投信,富邦日盛基金
富邦日盛基金,4,群益金鼎證券,445720,6.75%,495484000,445720,0.09%,富邦投信,富邦日盛基金
富邦日盛基金,5,永豐金證券,419770,6.36%,466666138,419770,0.09%,富邦投信,富邦日盛基金
富邦精銳中小基金,1,富邦證券,2109901,27.29%,2345474000,2109901,0.09%,富邦投信,富邦精銳中小基金
富邦精銳中小基金,2,凱基證券,656872,8.50%,730180000,656872,0.09%,富邦投信,富邦精銳中小基金
富邦精銳中小基金,3,大和國泰證券,540912,7.00%,601296500,540912,0.09%,富邦投信,富邦精銳中小基金
富邦精銳中小基金,4,犇亞證券,540324,6.99%,600720000,540324,0.09%,富邦投信,富邦精銳中小基金
富邦精銳中小基金,5,摩根大通證券,504679,6.53%,560948710,504679,0.09%,富邦投信,富邦精銳中小基金
富邦MIT主流基金,1,富邦證券,584998,26.12%,650562800,584998,0.09%,富邦投信,富邦MIT主流基金
富邦MIT主流基金,2,中信證券,191171,8.54%,212611100,191171,0.09%,富邦投信,富邦MIT主流基金
富邦MIT主流基金,3,元大證券,166656,7.44%,185352900,166656,0.09%,富邦投信,富邦MIT主流基金
富邦MIT主流基金,4,群益金鼎證券,150020,6.70%,166878500,150020,0.09%,富邦投信,富邦MIT主流基金
富邦MIT主流基金,5,兆豐證券,145715,6.51%,161994050,145715,0.09%,富邦投信,富邦MIT主流基金
富邦中國內需動力基金,1,富邦證券,118088,24.90%,118891025,118088,0.10%,富邦投信,富邦中國內需動力基金
富邦中國內需動力基金,2,元大證券,78817,16.62%,87650350,78817,0.09%,富邦投信,富邦中國內需動力基金
富邦中國內需動力基金,3,統一證券,81597,17.21%,81596607,81597,0.10%,富邦投信,富邦中國內需動力基金
富邦中國內需動力基金,4,永豐金證券,78543,16.56%,78540706,78543,0.10%,富邦投信,富邦中國內需動力基金
富邦中國內需動力基金,5,凱基證券,59647,12.58%,59794813,59647,0.10%,富邦投信,富邦中國內需動力基金
富邦上証180基金,1,方正證券股份有限公司,218554,17.62%,437027222,218554,0.05%,富邦投信,富邦上証180基金
富邦上証180基金,2,富邦證券,407221,32.83%,407221065,407221,0.10%,富邦投信,富邦上証180基金
富邦上証180基金,3,大和資本市場香港有限公司,440070,35.48%,293379634,440070,0.15%,富邦投信,富邦上証180基金
富邦上証180基金,4,國泰君安（香港）,174403,14.06%,145335822,174403,0.12%,富邦投信,富邦上証180基金
富邦上証180基金,5,nan,0,0.00%,0,0,0.00%,富邦投信,富邦上証180基金
富邦台灣釆吉50基金 (本基金之配息來源可能為收益平準金),1,富邦證券,17361981,27.57%,19293134800,17361981,0.09%,富邦投信,富邦台灣釆吉50基金
富邦台灣釆吉50基金 (本基金之配息來源可能為收益平準金),2,凱基證券,9307137,14.78%,10341389497,9307137,0.09%,富邦投信,富邦台灣釆吉50基金
富邦台灣釆吉50基金 (本基金之配息來源可能為收益平準金),3,元大證券,7828471,12.43%,8698367550,7828471,0.09%,富邦投信,富邦台灣釆吉50基金
富邦台灣釆吉50基金 (本基金之配息來源可能為收益平準金),4,永豐金證券,7442602,11.82%,8269675850,7442602,0.09%,富邦投信,富邦台灣釆吉50基金
富邦台灣釆吉50基金 (本基金之配息來源可能為收益平準金),5,國泰綜合證券,6438665,10.23%,7154239500,6438665,0.09%,富邦投信,富邦台灣釆吉50基金
富邦中國ETF傘型基金之富邦上証180單日正向兩倍基金,1,富邦證券,43219,80.64%,0,0,0.00%,富邦投信,富邦中國ETF傘型基金之富邦上証180單日正向兩倍基金
富邦中國ETF傘型基金之富邦上証180單日正向兩倍基金,2,永豐金證券,10374,19.36%,0,0,0.00%,富邦投信,富邦中國ETF傘型基金之富邦上証180單日正向兩倍基金
富邦中國ETF傘型基金之富邦上証180單日正向兩倍基金,3,nan,0,0.00%,0,0,0.00%,富邦投信,富邦中國ETF傘型基金之富邦上証180單日正向兩倍基金
富邦中國ETF傘型基金之富邦上証180單日正向兩倍基金,4,nan,0,0.00%,0,0,0.00%,富邦投信,富邦中國ETF傘型基金之富邦上証180單日正向兩倍基金
富邦中國ETF傘型基金之富邦上証180單日正向兩倍基金,5,nan,0,0.00%,0,0,0.00%,富邦投信,富邦中國ETF傘型基金之富邦上証180單日正向兩倍基金
富邦深証100基金,1,興業證券,471502,87.12%,942939299,471502,0.05%,富邦投信,富邦深証100基金
富邦深証100基金,2,永豐金證券,24906,4.60%,24906346,24906,0.10%,富邦投信,富邦深証100基金
富邦深証100基金,3,國泰君安（香港）,27393,5.06%,22827812,27393,0.12%,富邦投信,富邦深証100基金
富邦深証100基金,4,富邦證券,17381,3.21%,17379958,17381,0.10%,富邦投信,富邦深証100基金
富邦深証100基金,5,nan,0,0.00%,0,0,0.00%,富邦投信,富邦深証100基金
富邦日本東証基金 (本基金採匯率避險),1,富邦證券,355185,23.92%,355170689,355185,0.10%,富邦投信,富邦日本東証基金
富邦日本東証基金 (本基金採匯率避險),2,群益金鼎證券,477208,32.14%,200861915,477208,0.24%,富邦投信,富邦日本東証基金
富邦日本東証基金 (本基金採匯率避險),3,凱基證券,181619,12.23%,181615173,181619,0.10%,富邦投信,富邦日本東証基金
富邦日本東証基金 (本基金採匯率避險),4,統一證券,202712,13.65%,135138395,202712,0.15%,富邦投信,富邦日本東証基金
富邦日本東証基金 (本基金採匯率避險),5,兆豐證券,103072,6.94%,68713623,103072,0.15%,富邦投信,富邦日本東証基金
富邦印度ETF傘型基金之富邦印度NIFTY基金,1,Ｋｏｔａｋ Ｓｅｃｕｒｉｔｉｅｓ Ｃｏ,148887,26.13%,292274277,148887,0.05%,富邦投信,富邦印度ETF傘型基金之富邦印度NIFTY基金
富邦印度ETF傘型基金之富邦印度NIFTY基金,2,ＩＣＩＣＩ Ｓｅｃｕｒｉｔｉｅｓ Ｃｏ,229294,40.24%,286617491,229294,0.08%,富邦投信,富邦印度ETF傘型基金之富邦印度NIFTY基金
富邦印度ETF傘型基金之富邦印度NIFTY基金,3,Ｐｈｉｌｌｉｐ Ｓｅｃｕｒｉｔｉｅｓ Ｐｔｅ Ｌｔｄ,107569,18.88%,134462642,107569,0.08%,富邦投信,富邦印度ETF傘型基金之富邦印度NIFTY基金
富邦印度ETF傘型基金之富邦印度NIFTY基金,4,兆豐證券,84034,14.75%,70028469,84034,0.12%,富邦投信,富邦印度ETF傘型基金之富邦印度NIFTY基金
富邦印度ETF傘型基金之富邦印度NIFTY基金,5,nan,0,0.00%,0,0,0.00%,富邦投信,富邦印度ETF傘型基金之富邦印度NIFTY基金
富邦NASDAQ-100基金,1,富邦證券,15803307,41.61%,17559233199,15803307,0.09%,富邦投信,富邦NASDAQ-100基金
富邦NASDAQ-100基金,2,永豐金證券,6705282,17.65%,7962881715,6705282,0.08%,富邦投信,富邦NASDAQ-100基金
富邦NASDAQ-100基金,3,元大證券,5091694,13.41%,6364622971,5091694,0.08%,富邦投信,富邦NASDAQ-100基金
富邦NASDAQ-100基金,4,兆豐證券,1605536,4.23%,4631238228,1605536,0.03%,富邦投信,富邦NASDAQ-100基金
富邦NASDAQ-100基金,5,統一證券,3439698,9.06%,4299618841,3439698,0.08%,富邦投信,富邦NASDAQ-100基金
富邦中國戰略A股基金,1,富邦證券,285517,25.98%,288423011,285517,0.10%,富邦投信,富邦中國戰略A股基金
富邦中國戰略A股基金,2,統一證券,172282,15.68%,196942038,172282,0.09%,富邦投信,富邦中國戰略A股基金
富邦中國戰略A股基金,3,永豐金證券,184804,16.81%,185099570,184804,0.10%,富邦投信,富邦中國戰略A股基金
富邦中國戰略A股基金,4,元大證券,129562,11.79%,144115250,129562,0.09%,富邦投信,富邦中國戰略A股基金
富邦中國戰略A股基金,5,國泰綜合證券,118832,10.81%,119695443,118832,0.10%,富邦投信,富邦中國戰略A股基金
富邦恒生國企ETF基金,1,富邦證券,127275,30.75%,127275041,127275,0.10%,富邦投信,富邦恒生國企ETF基金
富邦恒生國企ETF基金,2,大和資本市場香港有限公司,114822,27.74%,95684898,114822,0.12%,富邦投信,富邦恒生國企ETF基金
富邦恒生國企ETF基金,3,兆豐證券,91033,22.00%,75860002,91033,0.12%,富邦投信,富邦恒生國企ETF基金
富邦恒生國企ETF基金,4,永豐金證券,66042,15.96%,66041238,66042,0.10%,富邦投信,富邦恒生國企ETF基金
富邦恒生國企ETF基金,5,國泰君安（香港）,14688,3.55%,12240277,14688,0.12%,富邦投信,富邦恒生國企ETF基金
富邦歐亞絲路多重資產型基金 (本基金有相當比重投資於非投資等級之高風險債券且配息來源可能為本金),1,富邦證券,190157,24.94%,155102383,163905,0.11%,富邦投信,富邦歐亞絲路多重資產型基金
富邦歐亞絲路多重資產型基金 (本基金有相當比重投資於非投資等級之高風險債券且配息來源可能為本金),2,兆豐證券,106332,13.95%,65598541,98398,0.15%,富邦投信,富邦歐亞絲路多重資產型基金
富邦歐亞絲路多重資產型基金 (本基金有相當比重投資於非投資等級之高風險債券且配息來源可能為本金),3,國泰君安（香港）,86650,11.37%,72206711,86650,0.12%,富邦投信,富邦歐亞絲路多重資產型基金
富邦歐亞絲路多重資產型基金 (本基金有相當比重投資於非投資等級之高風險債券且配息來源可能為本金),4,國泰綜合證券,68652,9.01%,65759292,66977,0.10%,富邦投信,富邦歐亞絲路多重資產型基金
富邦歐亞絲路多重資產型基金 (本基金有相當比重投資於非投資等級之高風險債券且配息來源可能為本金),5,永豐金證券,68332,8.96%,60755937,68332,0.11%,富邦投信,富邦歐亞絲路多重資產型基金
富邦臺灣公司治理100基金,1,富邦證券,3011496,28.35%,3347711887,3011496,0.09%,富邦投信,富邦臺灣公司治理100基金
富邦臺灣公司治理100基金,2,群益金鼎證券,1656737,15.59%,1841058628,1656737,0.09%,富邦投信,富邦臺灣公司治理100基金
富邦臺灣公司治理100基金,3,永豐金證券,1511956,14.23%,1681013850,1511956,0.09%,富邦投信,富邦臺灣公司治理100基金
富邦臺灣公司治理100基金,4,元大證券,1407039,13.24%,1564477192,1407039,0.09%,富邦投信,富邦臺灣公司治理100基金
富邦臺灣公司治理100基金,5,凱基證券,1278179,12.03%,1420826050,1278179,0.09%,富邦投信,富邦臺灣公司治理100基金
富邦富時歐洲ETF基金,1,Ｐｈｉｌｌｉｐ Ｓｅｃｕｒｉｔｉｅｓ Ｐｔｅ Ｌｔｄ,98360,35.63%,65570421,98360,0.15%,富邦投信,富邦富時歐洲ETF基金
富邦富時歐洲ETF基金,2,兆豐證券,86845,31.46%,57840159,86845,0.15%,富邦投信,富邦富時歐洲ETF基金
富邦富時歐洲ETF基金,3,富邦證券,42219,15.29%,33298136,42219,0.13%,富邦投信,富邦富時歐洲ETF基金
富邦富時歐洲ETF基金,4,元大證券,48610,17.61%,32406735,48610,0.15%,富邦投信,富邦富時歐洲ETF基金
富邦富時歐洲ETF基金,5,nan,0,0.00%,0,0,0.00%,富邦投信,富邦富時歐洲ETF基金
富邦標普美國特別股ETF基金,1,Ｐｈｉｌｌｉｐ Ｓｅｃｕｒｉｔｉｅｓ Ｐｔｅ Ｌｔｄ,304302,22.83%,302050250,304302,0.10%,富邦投信,富邦標普美國特別股ETF基金
富邦標普美國特別股ETF基金,2,統一證券,288974,21.68%,288975658,288974,0.10%,富邦投信,富邦標普美國特別股ETF基金
富邦標普美國特別股ETF基金,3,永豐金證券,214328,16.08%,208273501,214328,0.10%,富邦投信,富邦標普美國特別股ETF基金
富邦標普美國特別股ETF基金,4,兆豐證券,200097,15.02%,198225816,200097,0.10%,富邦投信,富邦標普美國特別股ETF基金
富邦標普美國特別股ETF基金,5,元大證券,195596,14.68%,195594539,195596,0.10%,富邦投信,富邦標普美國特別股ETF基金
富邦台灣科技指數基金 (本基金之配息來源可能為收益平準金),1,富邦證券,17159382,26.82%,19067313200,17159382,0.09%,富邦投信,富邦台灣科技指數基金
富邦台灣科技指數基金 (本基金之配息來源可能為收益平準金),2,群益金鼎證券,9813140,15.34%,10903931700,9813140,0.09%,富邦投信,富邦台灣科技指數基金
富邦台灣科技指數基金 (本基金之配息來源可能為收益平準金),3,永豐金證券,8838208,13.82%,9820594000,8838208,0.09%,富邦投信,富邦台灣科技指數基金
富邦台灣科技指數基金 (本基金之配息來源可能為收益平準金),4,元大證券,8837489,13.81%,9819752000,8837489,0.09%,富邦投信,富邦台灣科技指數基金
富邦台灣科技指數基金 (本基金之配息來源可能為收益平準金),5,國泰綜合證券,8073979,12.62%,8971321700,8073979,0.09%,富邦投信,富邦台灣科技指數基金
富邦大中華成長基金,1,富邦證券,254186,17.11%,262401346,254186,0.10%,富邦投信,富邦大中華成長基金
富邦大中華成長基金,2,永豐金證券,182065,12.25%,193834512,182065,0.09%,富邦投信,富邦大中華成長基金
富邦大中華成長基金,3,國泰君安（香港）,182326,12.27%,151940077,182326,0.12%,富邦投信,富邦大中華成長基金
富邦大中華成長基金,4,申萬證券,180909,12.18%,145998219,180909,0.12%,富邦投信,富邦大中華成長基金
富邦大中華成長基金,5,大和資本市場香港有限公司,152192,10.24%,141428259,152192,0.11%,富邦投信,富邦大中華成長基金
富邦亞洲機會基金,1,富邦證券,91916,23.21%,83495464,86526,0.10%,富邦投信,富邦亞洲機會基金
富邦亞洲機會基金,2,元大證券,64066,16.18%,71202000,64066,0.09%,富邦投信,富邦亞洲機會基金
富邦亞洲機會基金,3,兆豐證券,55151,13.93%,61301000,55151,0.09%,富邦投信,富邦亞洲機會基金
富邦亞洲機會基金,4,永豐金證券,60617,15.31%,60529506,60617,0.10%,富邦投信,富邦亞洲機會基金
富邦亞洲機會基金,5,統一證券,52641,13.29%,43306677,52641,0.12%,富邦投信,富邦亞洲機會基金
富邦首選基金,1,富邦證券,531932,26.89%,591334500,531932,0.09%,富邦投信,富邦首選基金
富邦首選基金,2,犇亞證券,235740,11.92%,262018500,235740,0.09%,富邦投信,富邦首選基金
富邦首選基金,3,群益金鼎證券,187223,9.46%,208220300,187223,0.09%,富邦投信,富邦首選基金
富邦首選基金,4,國泰綜合證券,170583,8.62%,189711898,170583,0.09%,富邦投信,富邦首選基金
富邦首選基金,5,永豐金證券,166844,8.43%,185439500,166844,0.09%,富邦投信,富邦首選基金
富邦全球抗暖化基金 (本基金非屬環境、社會及治理相關主題基金),1,富邦證券,245538,30.47%,234513966,245538,0.10%,富邦投信,富邦全球抗暖化基金
富邦全球抗暖化基金 (本基金非屬環境、社會及治理相關主題基金),2,統一證券,185526,23.02%,180774556,185526,0.10%,富邦投信,富邦全球抗暖化基金
富邦全球抗暖化基金 (本基金非屬環境、社會及治理相關主題基金),3,永豐金證券,155762,19.33%,136456710,155762,0.11%,富邦投信,富邦全球抗暖化基金
富邦全球抗暖化基金 (本基金非屬環境、社會及治理相關主題基金),4,申萬證券,61010,7.57%,134950460,61010,0.05%,富邦投信,富邦全球抗暖化基金
富邦全球抗暖化基金 (本基金非屬環境、社會及治理相關主題基金),5,國泰綜合證券,81377,10.10%,77770376,81377,0.10%,富邦投信,富邦全球抗暖化基金
富邦台灣ETF傘型基金之富邦台灣摩根指數股票型基金,1,凱基證券,5550,20.14%,6242682,5550,0.09%,富邦投信,富邦台灣ETF傘型基金之富邦台灣摩根指數股票型基金
富邦台灣ETF傘型基金之富邦台灣摩根指數股票型基金,2,華南永昌綜合證券,5290,19.19%,5946506,5290,0.09%,富邦投信,富邦台灣ETF傘型基金之富邦台灣摩根指數股票型基金
富邦台灣ETF傘型基金之富邦台灣摩根指數股票型基金,3,永豐金證券,5253,19.06%,5928282,5253,0.09%,富邦投信,富邦台灣ETF傘型基金之富邦台灣摩根指數股票型基金
富邦台灣ETF傘型基金之富邦台灣摩根指數股票型基金,4,富邦證券,3645,13.23%,4141001,3645,0.09%,富邦投信,富邦台灣ETF傘型基金之富邦台灣摩根指數股票型基金
富邦台灣ETF傘型基金之富邦台灣摩根指數股票型基金,5,國泰綜合證券,3587,13.01%,4010085,3587,0.09%,富邦投信,富邦台灣ETF傘型基金之富邦台灣摩根指數股票型基金
富邦道瓊臺灣優質高息30ETF基金 (本基金之配息來源可能為收益平準金且基金並無保證收益及配息),1,富邦證券,519724,26.64%,577779050,519724,0.09%,富邦投信,富邦道瓊臺灣優質高息30ETF基金
富邦道瓊臺灣優質高息30ETF基金 (本基金之配息來源可能為收益平準金且基金並無保證收益及配息),2,凱基證券,385276,19.75%,428114050,385276,0.09%,富邦投信,富邦道瓊臺灣優質高息30ETF基金
富邦道瓊臺灣優質高息30ETF基金 (本基金之配息來源可能為收益平準金且基金並無保證收益及配息),3,國泰綜合證券,280998,14.41%,312306900,280998,0.09%,富邦投信,富邦道瓊臺灣優質高息30ETF基金
富邦道瓊臺灣優質高息30ETF基金 (本基金之配息來源可能為收益平準金且基金並無保證收益及配息),4,群益金鼎證券,220692,11.31%,245331300,220692,0.09%,富邦投信,富邦道瓊臺灣優質高息30ETF基金
富邦道瓊臺灣優質高息30ETF基金 (本基金之配息來源可能為收益平準金且基金並無保證收益及配息),5,永豐金證券,206395,10.58%,229330000,206395,0.09%,富邦投信,富邦道瓊臺灣優質高息30ETF基金
富邦臺灣中小A級動能50ETF基金,1,富邦證券,8084977,27.47%,8988881110,8084977,0.09%,富邦投信,富邦臺灣中小A級動能50ETF基金
富邦臺灣中小A級動能50ETF基金,2,元大證券,3562822,12.11%,3961355630,3562822,0.09%,富邦投信,富邦臺灣中小A級動能50ETF基金
富邦臺灣中小A級動能50ETF基金,3,凱基證券,3498021,11.89%,3887422620,3498021,0.09%,富邦投信,富邦臺灣中小A級動能50ETF基金
富邦臺灣中小A級動能50ETF基金,4,永豐金證券,3284456,11.16%,3650601745,3284456,0.09%,富邦投信,富邦臺灣中小A級動能50ETF基金
富邦臺灣中小A級動能50ETF基金,5,群益金鼎證券,3093724,10.51%,3438875240,3093724,0.09%,富邦投信,富邦臺灣中小A級動能50ETF基金
富邦全球智能車基金,1,富邦證券,372150,29.37%,378681688,372150,0.10%,富邦投信,富邦全球智能車基金
富邦全球智能車基金,2,永豐金證券,319602,25.22%,273025746,319602,0.12%,富邦投信,富邦全球智能車基金
富邦全球智能車基金,3,申萬證券,82972,6.55%,231391599,82972,0.04%,富邦投信,富邦全球智能車基金
富邦全球智能車基金,4,統一證券,245687,19.39%,225505524,245687,0.11%,富邦投信,富邦全球智能車基金
富邦全球智能車基金,5,國泰綜合證券,148773,11.74%,145243635,148773,0.10%,富邦投信,富邦全球智能車基金
富邦AI智能新趨勢多重資產型基金 (本基金有相當比重投資於非投資等級之高風險債券),1,富邦證券,8168163,33.45%,6168361074,5700938,0.09%,富邦投信,富邦AI智能新趨勢多重資產型基金
富邦AI智能新趨勢多重資產型基金 (本基金有相當比重投資於非投資等級之高風險債券),2,國泰綜合證券,3922976,16.07%,4044792463,3639198,0.09%,富邦投信,富邦AI智能新趨勢多重資產型基金
富邦AI智能新趨勢多重資產型基金 (本基金有相當比重投資於非投資等級之高風險債券),3,永豐金證券,3864513,15.83%,3809965474,3569270,0.09%,富邦投信,富邦AI智能新趨勢多重資產型基金
富邦AI智能新趨勢多重資產型基金 (本基金有相當比重投資於非投資等級之高風險債券),4,統一證券,2587298,10.60%,2285409380,2442050,0.11%,富邦投信,富邦AI智能新趨勢多重資產型基金
富邦AI智能新趨勢多重資產型基金 (本基金有相當比重投資於非投資等級之高風險債券),5,華南永昌綜合證券,1819352,7.45%,2021742500,1819352,0.09%,富邦投信,富邦AI智能新趨勢多重資產型基金
富邦小而美基金,1,富邦證券,800584,27.32%,890047500,800584,0.09%,富邦投信,富邦小而美基金
富邦小而美基金,2,台新證券,232477,7.93%,258374900,232477,0.09%,富邦投信,富邦小而美基金
富邦小而美基金,3,康和綜合證券,226713,7.74%,252008000,226713,0.09%,富邦投信,富邦小而美基金
富邦小而美基金,4,元大證券,222955,7.61%,247884000,222955,0.09%,富邦投信,富邦小而美基金
富邦小而美基金,5,群益金鼎證券,199378,6.80%,221718000,199378,0.09%,富邦投信,富邦小而美基金
富邦多元收益ⅡETF傘型基金之富邦中國中証中小500ETF基金,1,大和資本市場香港有限公司,59181,29.76%,39453794,59181,0.15%,富邦投信,富邦多元收益ⅡETF傘型基金之富邦中國中証中小500ETF基金
富邦多元收益ⅡETF傘型基金之富邦中國中証中小500ETF基金,2,富邦證券,38922,19.57%,38922800,38922,0.10%,富邦投信,富邦多元收益ⅡETF傘型基金之富邦中國中証中小500ETF基金
富邦多元收益ⅡETF傘型基金之富邦中國中証中小500ETF基金,3,國泰君安（香港）,46326,23.30%,38604540,46326,0.12%,富邦投信,富邦多元收益ⅡETF傘型基金之富邦中國中証中小500ETF基金
富邦多元收益ⅡETF傘型基金之富邦中國中証中小500ETF基金,4,申萬證券,38503,19.36%,30802462,38503,0.12%,富邦投信,富邦多元收益ⅡETF傘型基金之富邦中國中証中小500ETF基金
富邦多元收益ⅡETF傘型基金之富邦中國中証中小500ETF基金,5,興業證券,8241,4.14%,16480055,8241,0.05%,富邦投信,富邦多元收益ⅡETF傘型基金之富邦中國中証中小500ETF基金
富邦上選基金,1,富邦證券,5614334,26.23%,6242069500,5614334,0.09%,富邦投信,富邦上選基金
富邦上選基金,2,合作金庫證券,1811869,8.46%,2014460500,1811869,0.09%,富邦投信,富邦上選基金
富邦上選基金,3,元大證券,1425227,6.66%,1584568100,1425227,0.09%,富邦投信,富邦上選基金
富邦上選基金,4,玉山綜合證券,1330775,6.22%,1479562300,1330775,0.09%,富邦投信,富邦上選基金
富邦上選基金,5,兆豐證券,1307771,6.11%,1453500700,1307771,0.09%,富邦投信,富邦上選基金
富邦高成長基金,1,富邦證券,4106852,27.45%,4566030885,4106852,0.09%,富邦投信,富邦高成長基金
富邦高成長基金,2,大和國泰證券,1166993,7.80%,1297432500,1166993,0.09%,富邦投信,富邦高成長基金
富邦高成長基金,3,犇亞證券,1166547,7.80%,1296841200,1166547,0.09%,富邦投信,富邦高成長基金
富邦高成長基金,4,凱基證券,1010422,6.75%,1123257300,1010422,0.09%,富邦投信,富邦高成長基金
富邦高成長基金,5,群益金鼎證券,946551,6.33%,1052210000,946551,0.09%,富邦投信,富邦高成長基金
富邦科技基金,1,富邦證券,869502,25.36%,966640680,869502,0.09%,富邦投信,富邦科技基金
富邦科技基金,2,犇亞證券,417354,12.17%,463814000,417354,0.09%,富邦投信,富邦科技基金
富邦科技基金,3,凱基證券,400596,11.68%,445331000,400596,0.09%,富邦投信,富邦科技基金
富邦科技基金,4,國泰綜合證券,265860,7.75%,295546921,265860,0.09%,富邦投信,富邦科技基金
富邦科技基金,5,群益金鼎證券,238172,6.95%,264733500,238172,0.09%,富邦投信,富邦科技基金
富邦台灣高股息基金 (本基金並無保證收益及配息),1,富邦證券,2086615,26.93%,2322257820,2086615,0.09%,富邦投信,富邦台灣高股息基金
富邦台灣高股息基金 (本基金並無保證收益及配息),2,凱基證券,1288432,16.63%,1432521400,1288432,0.09%,富邦投信,富邦台灣高股息基金
富邦台灣高股息基金 (本基金並無保證收益及配息),3,大和國泰證券,947797,12.23%,1053994600,947797,0.09%,富邦投信,富邦台灣高股息基金
富邦台灣高股息基金 (本基金並無保證收益及配息),4,犇亞證券,811833,10.48%,902577550,811833,0.09%,富邦投信,富邦台灣高股息基金
富邦台灣高股息基金 (本基金並無保證收益及配息),5,永豐金證券,613299,7.92%,682053500,613299,0.09%,富邦投信,富邦台灣高股息基金
富邦富時越南ETF基金,1,富邦證券,6204557,30.48%,3440776670,6204557,0.18%,富邦投信,富邦富時越南ETF基金
富邦富時越南ETF基金,2,國泰綜合證券,4258164,20.92%,2365645442,4258164,0.18%,富邦投信,富邦富時越南ETF基金
富邦富時越南ETF基金,3,大和資本市場香港有限公司,4779940,23.48%,1911976612,4779940,0.25%,富邦投信,富邦富時越南ETF基金
富邦富時越南ETF基金,4,Ｐｈｉｌｌｉｐ Ｓｅｃｕｒｉｔｉｅｓ Ｐｔｅ Ｌｔｄ,3642058,17.89%,1456822053,3642058,0.25%,富邦投信,富邦富時越南ETF基金
富邦富時越南ETF基金,5,Ｈｏ Ｃｈｉ Ｍｉｎｈ Ｃｉｔｙ,1113794,5.47%,928161263,1113794,0.12%,富邦投信,富邦富時越南ETF基金
富邦台灣永續成長股息基金,1,富邦證券,1835235,27.15%,2039980865,1835235,0.09%,富邦投信,富邦台灣永續成長股息基金
富邦台灣永續成長股息基金,2,犇亞證券,603219,8.92%,670372700,603219,0.09%,富邦投信,富邦台灣永續成長股息基金
富邦台灣永續成長股息基金,3,永豐金證券,590585,8.74%,656669207,590585,0.09%,富邦投信,富邦台灣永續成長股息基金
富邦台灣永續成長股息基金,4,元大證券,563166,8.33%,626011000,563166,0.09%,富邦投信,富邦台灣永續成長股息基金
富邦台灣永續成長股息基金,5,中信證券,527899,7.81%,587428450,527899,0.09%,富邦投信,富邦台灣永續成長股息基金
富邦台灣核心半導體ETF基金,1,富邦證券,2350200,26.55%,2611510400,2350200,0.09%,富邦投信,富邦台灣核心半導體ETF基金
富邦台灣核心半導體ETF基金,2,凱基證券,1395932,15.77%,1551101400,1395932,0.09%,富邦投信,富邦台灣核心半導體ETF基金
富邦台灣核心半導體ETF基金,3,元大證券,1358171,15.34%,1509175900,1358171,0.09%,富邦投信,富邦台灣核心半導體ETF基金
富邦台灣核心半導體ETF基金,4,永豐金證券,1343871,15.18%,1493277500,1343871,0.09%,富邦投信,富邦台灣核心半導體ETF基金
富邦台灣核心半導體ETF基金,5,國泰綜合證券,1287389,14.54%,1430506400,1287389,0.09%,富邦投信,富邦台灣核心半導體ETF基金
富邦未來車ETF基金,1,富邦證券,710871,23.53%,780877383,710871,0.09%,富邦投信,富邦未來車ETF基金
富邦未來車ETF基金,2,永豐金證券,500344,16.56%,450957849,500344,0.11%,富邦投信,富邦未來車ETF基金
富邦未來車ETF基金,3,元大證券,385298,12.75%,389297971,385298,0.10%,富邦投信,富邦未來車ETF基金
富邦未來車ETF基金,4,Ｐｈｉｌｌｉｐ Ｓｅｃｕｒｉｔｉｅｓ Ｐｔｅ Ｌｔｄ,457521,15.14%,378934814,457521,0.12%,富邦投信,富邦未來車ETF基金
富邦未來車ETF基金,5,兆豐證券,414071,13.71%,337547695,414071,0.12%,富邦投信,富邦未來車ETF基金
富邦基因免疫生技ETF基金,1,富邦證券,164138,14.70%,180380649,164138,0.09%,富邦投信,富邦基因免疫生技ETF基金
富邦基因免疫生技ETF基金,2,凱基證券,140905,12.62%,156016801,140905,0.09%,富邦投信,富邦基因免疫生技ETF基金
富邦基因免疫生技ETF基金,3,Ｐｈｉｌｌｉｐ Ｓｅｃｕｒｉｔｉｅｓ Ｐｔｅ Ｌｔｄ,317337,28.42%,155637959,317337,0.20%,富邦投信,富邦基因免疫生技ETF基金
富邦基因免疫生技ETF基金,4,永豐金證券,247367,22.15%,153063192,247367,0.16%,富邦投信,富邦基因免疫生技ETF基金
富邦基因免疫生技ETF基金,5,兆豐證券,184269,16.50%,144435965,184269,0.13%,富邦投信,富邦基因免疫生技ETF基金
富邦越南機會基金,1,富邦證券,1147973,29.98%,637761600,1147973,0.18%,富邦投信,富邦越南機會基金
富邦越南機會基金,2,統一證券,842385,22.00%,467992226,842385,0.18%,富邦投信,富邦越南機會基金
富邦越南機會基金,3,國泰綜合證券,605768,15.82%,336538115,605768,0.18%,富邦投信,富邦越南機會基金
富邦越南機會基金,4,元大證券,888135,23.19%,317190867,888135,0.28%,富邦投信,富邦越南機會基金
富邦越南機會基金,5,西貢證券,93093,2.43%,77577900,93093,0.12%,富邦投信,富邦越南機會基金
富邦特選台灣高股息30ETF基金 (本基金之配息來源可能為收益平準金且基金並無保證收益及配息),1,富邦證券,31020629,28.34%,34483814405,31020629,0.09%,富邦投信,富邦特選台灣高股息30ETF基金
富邦特選台灣高股息30ETF基金 (本基金之配息來源可能為收益平準金且基金並無保證收益及配息),2,元大證券,14434407,13.19%,16047215669,14434407,0.09%,富邦投信,富邦特選台灣高股息30ETF基金
富邦特選台灣高股息30ETF基金 (本基金之配息來源可能為收益平準金且基金並無保證收益及配息),3,群益金鼎證券,13920950,12.72%,15473338923,13920950,0.09%,富邦投信,富邦特選台灣高股息30ETF基金
富邦特選台灣高股息30ETF基金 (本基金之配息來源可能為收益平準金且基金並無保證收益及配息),4,永豐金證券,12572301,11.48%,13979398150,12572301,0.09%,富邦投信,富邦特選台灣高股息30ETF基金
富邦特選台灣高股息30ETF基金 (本基金之配息來源可能為收益平準金且基金並無保證收益及配息),5,凱基證券,11689590,10.68%,12995073100,11689590,0.09%,富邦投信,富邦特選台灣高股息30ETF基金
富邦元宇宙ETF基金,1,元大證券,219683,19.22%,219681595,219683,0.10%,富邦投信,富邦元宇宙ETF基金
富邦元宇宙ETF基金,2,凱基證券,191299,16.74%,212555977,191299,0.09%,富邦投信,富邦元宇宙ETF基金
富邦元宇宙ETF基金,3,Ｐｈｉｌｌｉｐ Ｓｅｃｕｒｉｔｉｅｓ Ｐｔｅ Ｌｔｄ,232048,20.30%,210124444,232048,0.11%,富邦投信,富邦元宇宙ETF基金
富邦元宇宙ETF基金,4,富邦證券,160896,14.08%,178542677,160896,0.09%,富邦投信,富邦元宇宙ETF基金
富邦元宇宙ETF基金,5,永豐金證券,181697,15.90%,150594774,181697,0.12%,富邦投信,富邦元宇宙ETF基金
富邦全球入息不動產與基礎建設ETF基金,1,富邦證券,287749,23.22%,317194626,287749,0.09%,富邦投信,富邦全球入息不動產與基礎建設ETF基金
富邦全球入息不動產與基礎建設ETF基金,2,兆豐證券,311435,25.13%,221750090,311435,0.14%,富邦投信,富邦全球入息不動產與基礎建設ETF基金
富邦全球入息不動產與基礎建設ETF基金,3,Ｐｈｉｌｌｉｐ Ｓｅｃｕｒｉｔｉｅｓ Ｐｔｅ Ｌｔｄ,229980,18.56%,150274887,229980,0.15%,富邦投信,富邦全球入息不動產與基礎建設ETF基金
富邦全球入息不動產與基礎建設ETF基金,4,凱基證券,126702,10.22%,140780691,126702,0.09%,富邦投信,富邦全球入息不動產與基礎建設ETF基金
富邦全球入息不動產與基礎建設ETF基金,5,永豐金證券,168644,13.61%,90944437,168644,0.19%,富邦投信,富邦全球入息不動產與基礎建設ETF基金
富邦台美雙星多重資產基金 (本基金有相當比重投資於非投資等級之高風險債券且配息來源可能為本金),1,富邦證券,7262352,35.09%,5043969859,4538283,0.09%,富邦投信,富邦台美雙星多重資產基金
富邦台美雙星多重資產基金 (本基金有相當比重投資於非投資等級之高風險債券且配息來源可能為本金),2,凱基證券,2814619,13.60%,2892852690,2602874,0.09%,富邦投信,富邦台美雙星多重資產基金
富邦台美雙星多重資產基金 (本基金有相當比重投資於非投資等級之高風險債券且配息來源可能為本金),3,元大證券,2682572,12.96%,2615107457,2452106,0.09%,富邦投信,富邦台美雙星多重資產基金
富邦台美雙星多重資產基金 (本基金有相當比重投資於非投資等級之高風險債券且配息來源可能為本金),4,群益金鼎證券,1947051,9.41%,1664025489,1664028,0.10%,富邦投信,富邦台美雙星多重資產基金
富邦台美雙星多重資產基金 (本基金有相當比重投資於非投資等級之高風險債券且配息來源可能為本金),5,犇亞證券,1413473,6.83%,1457950500,1311839,0.09%,富邦投信,富邦台美雙星多重資產基金
富邦全球ESG綠色電力ETF基金,1,兆豐證券,157550,18.76%,132425231,157550,0.12%,富邦投信,富邦全球ESG綠色電力ETF基金
富邦全球ESG綠色電力ETF基金,2,富邦證券,105479,12.56%,113883732,105479,0.09%,富邦投信,富邦全球ESG綠色電力ETF基金
富邦全球ESG綠色電力ETF基金,3,Ｐｈｉｌｌｉｐ Ｓｅｃｕｒｉｔｉｅｓ Ｐｔｅ Ｌｔｄ,165872,19.76%,109115894,165872,0.15%,富邦投信,富邦全球ESG綠色電力ETF基金
富邦全球ESG綠色電力ETF基金,4,永豐金證券,264656,31.52%,94929832,264656,0.28%,富邦投信,富邦全球ESG綠色電力ETF基金
富邦全球ESG綠色電力ETF基金,5,元大證券,64210,7.65%,64210196,64210,0.10%,富邦投信,富邦全球ESG綠色電力ETF基金
富邦精準基金,1,富邦證券,3216157,26.18%,3574532500,3216157,0.09%,富邦投信,富邦精準基金
富邦精準基金,2,犇亞證券,1152287,9.38%,1280437000,1152287,0.09%,富邦投信,富邦精準基金
富邦精準基金,3,凱基證券,1143157,9.31%,1270358500,1143157,0.09%,富邦投信,富邦精準基金
富邦精準基金,4,大和國泰證券,949682,7.73%,1055384000,949682,0.09%,富邦投信,富邦精準基金
富邦精準基金,5,中信證券,861320,7.01%,957428500,861320,0.09%,富邦投信,富邦精準基金
富邦長紅基金,1,富邦證券,3999164,26.99%,4445193895,3999164,0.09%,富邦投信,富邦長紅基金
富邦長紅基金,2,凱基證券,1920871,12.96%,2134742000,1920871,0.09%,富邦投信,富邦長紅基金
富邦長紅基金,3,中信證券,1034606,6.98%,1150280704,1034606,0.09%,富邦投信,富邦長紅基金
富邦長紅基金,4,犇亞證券,1017838,6.87%,1131073000,1017838,0.09%,富邦投信,富邦長紅基金
富邦長紅基金,5,大和國泰證券,893691,6.03%,993223900,893691,0.09%,富邦投信,富邦長紅基金
富邦全球關鍵半導體基金,1,富邦證券,811899,31.48%,871746992,811899,0.09%,富邦投信,富邦全球關鍵半導體基金
富邦全球關鍵半導體基金,2,申萬證券,336861,13.06%,783740883,336861,0.04%,富邦投信,富邦全球關鍵半導體基金
富邦全球關鍵半導體基金,3,統一證券,460076,17.84%,560771910,460076,0.08%,富邦投信,富邦全球關鍵半導體基金
富邦全球關鍵半導體基金,4,永豐金證券,429008,16.64%,403398895,429008,0.11%,富邦投信,富邦全球關鍵半導體基金
富邦全球關鍵半導體基金,5,凱基證券,245644,9.53%,254576966,245644,0.10%,富邦投信,富邦全球關鍵半導體基金
富邦新台商基金,1,富邦證券,4534256,24.78%,5040262500,4534256,0.09%,富邦投信,富邦新台商基金
富邦新台商基金,2,中信證券,1529249,8.36%,1699982000,1529249,0.09%,富邦投信,富邦新台商基金
富邦新台商基金,3,永豐金證券,1329893,7.27%,1478629359,1329893,0.09%,富邦投信,富邦新台商基金
富邦新台商基金,4,國泰綜合證券,1233642,6.74%,1371248155,1233642,0.09%,富邦投信,富邦新台商基金
富邦新台商基金,5,犇亞證券,1189310,6.50%,1321767000,1189310,0.09%,富邦投信,富邦新台商基金
摩根大美國領先收成多重資產基金 (本基金有相當比重投資於非投資等級之高風險債券且配息來源可能為本金或收益平準金),1,MORGAN STANLEY & CO. LLC,1145109,50.54%,8323573819,1145109,0.01%,摩根投信,摩根大美國領先收成多重資產基金
摩根大美國領先收成多重資產基金 (本基金有相當比重投資於非投資等級之高風險債券且配息來源可能為本金或收益平準金),2,GOLDMAN SACHS AND CO,840472,37.09%,2282049079,840472,0.04%,摩根投信,摩根大美國領先收成多重資產基金
摩根大美國領先收成多重資產基金 (本基金有相當比重投資於非投資等級之高風險債券且配息來源可能為本金或收益平準金),3,群益金鼎證券,83219,3.67%,373362516,83219,0.02%,摩根投信,摩根大美國領先收成多重資產基金
摩根大美國領先收成多重資產基金 (本基金有相當比重投資於非投資等級之高風險債券且配息來源可能為本金或收益平準金),4,PIPER JAFFRAY AND HOPWOOD,62344,2.75%,193744038,62344,0.03%,摩根投信,摩根大美國領先收成多重資產基金
摩根大美國領先收成多重資產基金 (本基金有相當比重投資於非投資等級之高風險債券且配息來源可能為本金或收益平準金),5,群益金鼎證券,0,0.00%,141067872,0,0.00%,摩根投信,摩根大美國領先收成多重資產基金
摩根大美國領先科技主動式ETF基金 (本基金之配息來源可能為收益平準金),1,MORGAN STANLEY & CO. LLC,15304,11.13%,455113485,15304,0.00%,摩根投信,摩根大美國領先科技主動式ETF基金
摩根大美國領先科技主動式ETF基金 (本基金之配息來源可能為收益平準金),2,JEFFERIES AND CO INC JERSEY C,20225,14.70%,450425525,20225,0.00%,摩根投信,摩根大美國領先科技主動式ETF基金
摩根大美國領先科技主動式ETF基金 (本基金之配息來源可能為收益平準金),3,GOLDMAN SACHS AND CO,13631,9.91%,436641932,13631,0.00%,摩根投信,摩根大美國領先科技主動式ETF基金
摩根大美國領先科技主動式ETF基金 (本基金之配息來源可能為收益平準金),4,BOFA SEC INC,12821,9.32%,364598489,12821,0.00%,摩根投信,摩根大美國領先科技主動式ETF基金
摩根大美國領先科技主動式ETF基金 (本基金之配息來源可能為收益平準金),5,CITIGROUP GLOBAL MKTS INC NY,8639,6.28%,240974536,8639,0.00%,摩根投信,摩根大美國領先科技主動式ETF基金
摩根台灣鑫收益主動式ETF基金 (本基金之配息來源可能為收益平準金),1,永豐金證券,560218,19.35%,955350424,560218,0.06%,摩根投信,摩根台灣鑫收益主動式ETF基金
摩根台灣鑫收益主動式ETF基金 (本基金之配息來源可能為收益平準金),2,香港商野村國際證券有限公司台北分公司,183346,6.33%,725918895,183346,0.03%,摩根投信,摩根台灣鑫收益主動式ETF基金
摩根台灣鑫收益主動式ETF基金 (本基金之配息來源可能為收益平準金),3,元大證券,544739,18.81%,653402013,544739,0.08%,摩根投信,摩根台灣鑫收益主動式ETF基金
摩根台灣鑫收益主動式ETF基金 (本基金之配息來源可能為收益平準金),4,台灣摩根士丹利證券,185102,6.39%,643212784,185102,0.03%,摩根投信,摩根台灣鑫收益主動式ETF基金
摩根台灣鑫收益主動式ETF基金 (本基金之配息來源可能為收益平準金),5,花旗環球證券,135769,4.69%,617202096,135769,0.02%,摩根投信,摩根台灣鑫收益主動式ETF基金
摩根台灣增長基金,1,永豐金證券,94992,13.18%,126898347,94992,0.07%,摩根投信,摩根台灣增長基金
摩根台灣增長基金,2,美林證券,49996,6.94%,122412163,49996,0.04%,摩根投信,摩根台灣增長基金
摩根台灣增長基金,3,香港商麥格理資本台灣證券分公司,77642,10.77%,121897492,77642,0.06%,摩根投信,摩根台灣增長基金
摩根台灣增長基金,4,花旗環球證券,45585,6.32%,120516921,45585,0.04%,摩根投信,摩根台灣增長基金
摩根台灣增長基金,5,美商高盛亞洲證券有限公司台北分公司,43697,6.06%,117654296,43697,0.04%,摩根投信,摩根台灣增長基金
摩根東方內需機會基金,1,新加坡商瑞銀證券股份有限公司,130326,16.71%,344073554,130326,0.04%,摩根投信,摩根東方內需機會基金
摩根東方內需機會基金,2,ITG HONG KONG LTD HONG KONG,77934,10.00%,203251208,77934,0.04%,摩根投信,摩根東方內需機會基金
摩根東方內需機會基金,3,MERRILL LYNCH INTL LTD LONDON,67633,8.67%,164790535,67633,0.04%,摩根投信,摩根東方內需機會基金
摩根東方內需機會基金,4,MACQUARIE BANK LIMITED HONG KONG,62381,8.00%,125861748,62381,0.05%,摩根投信,摩根東方內需機會基金
摩根東方內需機會基金,5,美林證券,35972,4.61%,94121952,35972,0.04%,摩根投信,摩根東方內需機會基金
摩根金龍收成基金,1,新加坡商瑞銀證券股份有限公司,69611,21.62%,123779209,69611,0.06%,摩根投信,摩根金龍收成基金
摩根金龍收成基金,2,MACQUARIE BANK LIMITED HONG KONG,30206,9.38%,63492977,30206,0.05%,摩根投信,摩根金龍收成基金
摩根金龍收成基金,3,美林證券,22226,6.90%,44373310,22226,0.05%,摩根投信,摩根金龍收成基金
摩根金龍收成基金,4,MERRILL LYNCH INTL LTD LONDON,23940,7.44%,34913877,23940,0.07%,摩根投信,摩根金龍收成基金
摩根金龍收成基金,5,美商高盛亞洲證券有限公司台北分公司,24484,7.60%,32368271,24484,0.08%,摩根投信,摩根金龍收成基金
摩根平衡基金,1,美林證券,271831,16.37%,543658818,271831,0.05%,摩根投信,摩根平衡基金
摩根平衡基金,2,新加坡商瑞銀證券股份有限公司,197124,11.87%,387787152,197124,0.05%,摩根投信,摩根平衡基金
摩根平衡基金,3,元大證券,232523,14.00%,215414824,232523,0.11%,摩根投信,摩根平衡基金
摩根平衡基金,4,大和國泰證券,247909,14.93%,229876872,247909,0.11%,摩根投信,摩根平衡基金
摩根平衡基金,5,永豐金證券,5557,0.33%,5292001,5557,0.11%,摩根投信,摩根平衡基金
摩根東方科技基金,1,新加坡商瑞銀證券股份有限公司,569250,10.63%,1199421761,569250,0.05%,摩根投信,摩根東方科技基金
摩根東方科技基金,2,MERRILL LYNCH INTL LTD LONDON,425916,7.96%,818415257,425916,0.05%,摩根投信,摩根東方科技基金
摩根東方科技基金,3,JEFFERIES INTL LIMITED LONDON,255891,4.78%,550298843,255891,0.05%,摩根投信,摩根東方科技基金
摩根東方科技基金,4,ITG HONG KONG LTD HONG KONG,191415,3.58%,516308739,191415,0.04%,摩根投信,摩根東方科技基金
摩根東方科技基金,5,UBS SECURITIES JAPAN CO. LTD,185271,3.46%,493236713,185271,0.04%,摩根投信,摩根東方科技基金
摩根亞太高息平衡基金 (本基金之配息來源可能為本金且並無保證收益及配息),1,MERRILL LYNCH INTL LTD LONDON,29382,14.48%,52840884,29382,0.06%,摩根投信,摩根亞太高息平衡基金
摩根亞太高息平衡基金 (本基金之配息來源可能為本金且並無保證收益及配息),2,新加坡商瑞銀證券股份有限公司,27622,13.62%,68861175,27622,0.04%,摩根投信,摩根亞太高息平衡基金
摩根亞太高息平衡基金 (本基金之配息來源可能為本金且並無保證收益及配息),3,JEFFERIES INTL LIMITED LONDON,13005,6.41%,33479430,13005,0.04%,摩根投信,摩根亞太高息平衡基金
摩根亞太高息平衡基金 (本基金之配息來源可能為本金且並無保證收益及配息),4,MORGAN STANLEY AND CO. INTERNATIONAL PLC,3534,1.74%,5058204,3534,0.07%,摩根投信,摩根亞太高息平衡基金
摩根亞太高息平衡基金 (本基金之配息來源可能為本金且並無保證收益及配息),5,CITIGROUP GLOBAL MKTS LTD LDN,9040,4.46%,19720039,9040,0.05%,摩根投信,摩根亞太高息平衡基金
摩根中國亮點基金,1,新加坡商瑞銀證券股份有限公司,206916,14.05%,421799663,206916,0.05%,摩根投信,摩根中國亮點基金
摩根中國亮點基金,2,MERRILL LYNCH INTL LTD LONDON,125150,8.50%,298718238,125150,0.04%,摩根投信,摩根中國亮點基金
摩根中國亮點基金,3,CLSA LIMITED,310787,21.10%,229088348,310787,0.14%,摩根投信,摩根中國亮點基金
摩根中國亮點基金,4,MACQUARIE BANK LIMITED HONG KONG,91306,6.20%,202850988,91306,0.05%,摩根投信,摩根中國亮點基金
摩根中國亮點基金,5,ITG HONG KONG LTD HONG KONG,61320,4.16%,162452558,61320,0.04%,摩根投信,摩根中國亮點基金
摩根台灣金磚基金,1,新加坡商瑞銀證券股份有限公司,1392318,13.54%,2286322249,1392318,0.06%,摩根投信,摩根台灣金磚基金
摩根台灣金磚基金,2,美商高盛亞洲證券有限公司台北分公司,1473909,14.33%,1771071870,1473909,0.08%,摩根投信,摩根台灣金磚基金
摩根台灣金磚基金,3,香港商野村國際證券有限公司台北分公司,707444,6.88%,1743941739,707444,0.04%,摩根投信,摩根台灣金磚基金
摩根台灣金磚基金,4,美林證券,1006030,9.78%,1530391423,1006030,0.07%,摩根投信,摩根台灣金磚基金
摩根台灣金磚基金,5,永豐金證券,1177112,11.45%,1484724219,1177112,0.08%,摩根投信,摩根台灣金磚基金
摩根新金磚五國基金,1,UBS SECS CANADA INC TORONTO,15956,11.90%,49641495,15956,0.03%,摩根投信,摩根新金磚五國基金
摩根新金磚五國基金,2,MERRILL LYNCH INTL LTD LONDON,14586,10.88%,38258597,14586,0.04%,摩根投信,摩根新金磚五國基金
摩根新金磚五國基金,3,新加坡商瑞銀證券股份有限公司,10690,7.97%,35218741,10690,0.03%,摩根投信,摩根新金磚五國基金
摩根新金磚五國基金,4,群益金鼎證券,8089,6.03%,28918124,8089,0.03%,摩根投信,摩根新金磚五國基金
摩根新金磚五國基金,5,ITG HONG KONG LTD HONG KONG,8942,6.67%,28320875,8942,0.03%,摩根投信,摩根新金磚五國基金
摩根全球創新成長基金,1,群益金鼎證券,25507,3.75%,610886044,25507,0.00%,摩根投信,摩根全球創新成長基金
摩根全球創新成長基金,2,ROBERT W.BAIRD & CO.INC. NY,16781,2.47%,411358012,16781,0.00%,摩根投信,摩根全球創新成長基金
摩根全球創新成長基金,3,CITIGROUP GLOBAL MKTS LTD LDN,86662,12.75%,378798853,86662,0.02%,摩根投信,摩根全球創新成長基金
摩根全球創新成長基金,4,GOLDMAN SACHS AND CO,10613,1.56%,284413229,10613,0.00%,摩根投信,摩根全球創新成長基金
摩根全球創新成長基金,5,GOLDMAN SACHS INTERNATIONAL LONDON,84334,12.41%,280943358,84334,0.03%,摩根投信,摩根全球創新成長基金
摩根中國A股基金,1,MERRILL LYNCH INTL LTD LONDON,1761422,13.14%,2251032793,1761422,0.08%,摩根投信,摩根中國A股基金
摩根中國A股基金,2,CITIC SECURITIES COMPANY LIMITED,2496653,18.63%,1822959387,2496653,0.14%,摩根投信,摩根中國A股基金
摩根中國A股基金,3,MACQUARIE BANK LIMITED HONG KONG,930940,6.95%,1728602906,930940,0.05%,摩根投信,摩根中國A股基金
摩根中國A股基金,4,CLSA LIMITED,1918729,14.31%,1714878141,1918729,0.11%,摩根投信,摩根中國A股基金
摩根中國A股基金,5,新加坡商瑞銀證券股份有限公司,1028162,7.67%,917033876,1028162,0.11%,摩根投信,摩根中國A股基金
摩根泛亞太股票入息基金 (本基金之配息來源可能為本金且並無保證收益及配息),1,新加坡商瑞銀證券股份有限公司,69005,14.35%,165729322,69005,0.04%,摩根投信,摩根泛亞太股票入息基金
摩根泛亞太股票入息基金 (本基金之配息來源可能為本金且並無保證收益及配息),2,MERRILL LYNCH INTL LTD LONDON,66029,13.73%,115409031,66029,0.06%,摩根投信,摩根泛亞太股票入息基金
摩根泛亞太股票入息基金 (本基金之配息來源可能為本金且並無保證收益及配息),3,JEFFERIES INTL LIMITED LONDON,29060,6.04%,72788195,29060,0.04%,摩根投信,摩根泛亞太股票入息基金
摩根泛亞太股票入息基金 (本基金之配息來源可能為本金且並無保證收益及配息),4,ITG HONG KONG LTD HONG KONG,24970,5.19%,66378743,24970,0.04%,摩根投信,摩根泛亞太股票入息基金
摩根泛亞太股票入息基金 (本基金之配息來源可能為本金且並無保證收益及配息),5,CLSA LIMITED,24275,5.05%,52695698,24275,0.05%,摩根投信,摩根泛亞太股票入息基金
摩根新興雙利平衡基金 (本基金有相當比重投資於非投資等級之高風險債券且配息來源可能為本金),1,BOFA SEC INC,2753,5.04%,0,0,0.00%,摩根投信,摩根新興雙利平衡基金
摩根新興雙利平衡基金 (本基金有相當比重投資於非投資等級之高風險債券且配息來源可能為本金),2,MERRILL LYNCH INTL LTD LONDON,9976,18.26%,29699631,9976,0.03%,摩根投信,摩根新興雙利平衡基金
摩根新興雙利平衡基金 (本基金有相當比重投資於非投資等級之高風險債券且配息來源可能為本金),3,GOLDMAN SACHS INTERNATIONAL LONDON,1910,3.50%,6015399,1910,0.03%,摩根投信,摩根新興雙利平衡基金
摩根新興雙利平衡基金 (本基金有相當比重投資於非投資等級之高風險債券且配息來源可能為本金),4,新加坡商瑞銀證券股份有限公司,5581,10.21%,18435587,5581,0.03%,摩根投信,摩根新興雙利平衡基金
摩根新興雙利平衡基金 (本基金有相當比重投資於非投資等級之高風險債券且配息來源可能為本金),5,GOLDMAN SACHS AND CO,3111,5.69%,8141854,2573,0.03%,摩根投信,摩根新興雙利平衡基金
摩根中國雙息平衡基金 (本基金有相當比重投資於非投資等級之高風險債券且配息來源可能為本金且並無保證收益及配息),1,MERRILL LYNCH INTL LTD LONDON,59607,33.78%,154604128,59607,0.04%,摩根投信,摩根中國雙息平衡基金
摩根中國雙息平衡基金 (本基金有相當比重投資於非投資等級之高風險債券且配息來源可能為本金且並無保證收益及配息),2,MORGAN STANLEY AND CO. INTERNATIONAL PLC,0,0.00%,0,0,0.00%,摩根投信,摩根中國雙息平衡基金
摩根中國雙息平衡基金 (本基金有相當比重投資於非投資等級之高風險債券且配息來源可能為本金且並無保證收益及配息),3,DEUTSCHE BANK AG,0,0.00%,0,0,0.00%,摩根投信,摩根中國雙息平衡基金
摩根中國雙息平衡基金 (本基金有相當比重投資於非投資等級之高風險債券且配息來源可能為本金且並無保證收益及配息),4,UBS AG LONDON,0,0.00%,0,0,0.00%,摩根投信,摩根中國雙息平衡基金
摩根中國雙息平衡基金 (本基金有相當比重投資於非投資等級之高風險債券且配息來源可能為本金且並無保證收益及配息),5,HSBC(HK GBL MKT EQ OPERATIONS),0,0.00%,0,0,0.00%,摩根投信,摩根中國雙息平衡基金
摩根環球股票收益基金 (本基金之配息來源可能為本金),1,CITIGROUP GLOBAL MKTS LTD LDN,145704,19.85%,715982244,145704,0.02%,摩根投信,摩根環球股票收益基金
摩根環球股票收益基金 (本基金之配息來源可能為本金),2,PIPER JAFFRAY AND HOPWOOD,46416,6.32%,524657723,46416,0.01%,摩根投信,摩根環球股票收益基金
摩根環球股票收益基金 (本基金之配息來源可能為本金),3,ROBERT W.BAIRD & CO.INC. NY,27382,3.73%,330745645,27382,0.01%,摩根投信,摩根環球股票收益基金
摩根環球股票收益基金 (本基金之配息來源可能為本金),4,群益金鼎證券,30664,4.18%,272536683,30664,0.01%,摩根投信,摩根環球股票收益基金
摩根環球股票收益基金 (本基金之配息來源可能為本金),5,CITIGROUP GLOBAL MKTS INC NY,30826,4.20%,236620910,30826,0.01%,摩根投信,摩根環球股票收益基金
摩根絕對日本基金,1,UBS SECURITIES JAPAN CO. LTD,90599,17.61%,238598988,90599,0.04%,摩根投信,摩根絕對日本基金
摩根絕對日本基金,2,CLSA SECURITIES JAPAN CO. LTD,64882,12.61%,171591905,64882,0.04%,摩根投信,摩根絕對日本基金
摩根絕對日本基金,3,MIZUHO SECURITIES CO LTD TOKYO,60617,11.78%,157171330,60617,0.04%,摩根投信,摩根絕對日本基金
摩根絕對日本基金,4,INSTINET CLEARING SERV INC NY,60526,11.76%,139193844,60526,0.04%,摩根投信,摩根絕對日本基金
摩根絕對日本基金,5,GOLDMAN SACHS,48912,9.51%,129265333,48912,0.04%,摩根投信,摩根絕對日本基金
摩根新興35基金,1,新加坡商瑞銀證券股份有限公司,295174,14.85%,837466683,295174,0.04%,摩根投信,摩根新興35基金
摩根新興35基金,2,MERRILL LYNCH INTL LTD LONDON,200392,10.08%,371355597,200392,0.05%,摩根投信,摩根新興35基金
摩根新興35基金,3,ITG HONG KONG LTD HONG KONG,107395,5.40%,294681641,107395,0.04%,摩根投信,摩根新興35基金
摩根新興35基金,4,群益金鼎證券,107818,5.43%,125533423,71548,0.06%,摩根投信,摩根新興35基金
摩根新興35基金,5,UBS SECS CANADA INC TORONTO,77683,3.91%,162243526,66829,0.04%,摩根投信,摩根新興35基金
摩根新絲路基金,1,MERRILL LYNCH INTL LTD LONDON,24486,14.63%,77738569,24486,0.03%,摩根投信,摩根新絲路基金
摩根新絲路基金,2,ITG HONG KONG LTD HONG KONG,19020,11.37%,63400153,19020,0.03%,摩根投信,摩根新絲路基金
摩根新絲路基金,3,DSP MERRILL LYNCH LTD MUMBAI,15910,9.51%,53034874,15910,0.03%,摩根投信,摩根新絲路基金
摩根新絲路基金,4,CLSA LIMITED,12095,7.23%,37844899,12095,0.03%,摩根投信,摩根新絲路基金
摩根新絲路基金,5,美林證券,10196,6.09%,33984718,10196,0.03%,摩根投信,摩根新絲路基金
摩根大歐洲基金,1,CITIGROUP GLOBAL MKTS LTD LDN,726642,34.09%,3350553971,726642,0.02%,摩根投信,摩根大歐洲基金
摩根大歐洲基金,2,GOLDMAN SACHS INTERNATIONAL LONDON,308351,14.47%,1392923564,308351,0.02%,摩根投信,摩根大歐洲基金
摩根大歐洲基金,3,BNP PARIBAS SA PARIS,294212,13.80%,1322071986,294212,0.02%,摩根投信,摩根大歐洲基金
摩根大歐洲基金,4,MERRILL LYNCH INTL LTD LONDON,162769,7.64%,690282770,162769,0.02%,摩根投信,摩根大歐洲基金
摩根大歐洲基金,5,OPTIVER VOF,141532,6.64%,652683093,141532,0.02%,摩根投信,摩根大歐洲基金
摩根中小基金,1,新加坡商瑞銀證券股份有限公司,493621,12.81%,798098100,493621,0.06%,摩根投信,摩根中小基金
摩根中小基金,2,美商高盛亞洲證券有限公司台北分公司,624024,16.20%,729625838,624024,0.09%,摩根投信,摩根中小基金
摩根中小基金,3,香港商野村國際證券有限公司台北分公司,255858,6.64%,615666410,255858,0.04%,摩根投信,摩根中小基金
摩根中小基金,4,永豐金證券,434623,11.28%,517432407,434623,0.08%,摩根投信,摩根中小基金
摩根中小基金,5,美林證券,396808,10.30%,501425812,396808,0.08%,摩根投信,摩根中小基金
摩根新興日本基金,1,UBS SECURITIES JAPAN CO. LTD,109485,19.26%,288245933,109485,0.04%,摩根投信,摩根新興日本基金
摩根新興日本基金,2,MIZUHO SECURITIES CO LTD TOKYO,73020,12.84%,196189281,73020,0.04%,摩根投信,摩根新興日本基金
摩根新興日本基金,3,MERRILL LYNCH JAPAN SEC CO LTD,70200,12.35%,187334200,70200,0.04%,摩根投信,摩根新興日本基金
摩根新興日本基金,4,CLSA SECURITIES JAPAN CO. LTD,54119,9.52%,144602556,54119,0.04%,摩根投信,摩根新興日本基金
摩根新興日本基金,5,INSTINET CLEARING SERV INC NY,49343,8.68%,121511289,49343,0.04%,摩根投信,摩根新興日本基金
摩根新興科技基金,1,新加坡商瑞銀證券股份有限公司,4071985,12.79%,6909235311,4071985,0.06%,摩根投信,摩根新興科技基金
摩根新興科技基金,2,永豐金證券,4706143,14.78%,6460856002,4706143,0.07%,摩根投信,摩根新興科技基金
摩根新興科技基金,3,美商高盛亞洲證券有限公司台北分公司,4757218,14.94%,6203489020,4757218,0.08%,摩根投信,摩根新興科技基金
摩根新興科技基金,4,香港商野村國際證券有限公司台北分公司,2246235,7.05%,5508377652,2246235,0.04%,摩根投信,摩根新興科技基金
摩根新興科技基金,5,美林證券,3557691,11.17%,4651556366,3557691,0.08%,摩根投信,摩根新興科技基金
摩根亞洲基金,1,新加坡商瑞銀證券股份有限公司,606047,16.82%,1595182836,606047,0.04%,摩根投信,摩根亞洲基金
摩根亞洲基金,2,ITG HONG KONG LTD HONG KONG,340498,9.45%,885953282,340498,0.04%,摩根投信,摩根亞洲基金
摩根亞洲基金,3,MERRILL LYNCH INTL LTD LONDON,319201,8.86%,778594463,319201,0.04%,摩根投信,摩根亞洲基金
摩根亞洲基金,4,MACQUARIE BANK LIMITED HONG KONG,295661,8.20%,595668005,295661,0.05%,摩根投信,摩根亞洲基金
摩根亞洲基金,5,美林證券,160861,4.46%,421787256,160861,0.04%,摩根投信,摩根亞洲基金
摩根龍揚基金,1,新加坡商瑞銀證券股份有限公司,756975,21.77%,1330617240,756975,0.06%,摩根投信,摩根龍揚基金
摩根龍揚基金,2,MACQUARIE BANK LIMITED HONG KONG,322662,9.28%,679460020,322662,0.05%,摩根投信,摩根龍揚基金
摩根龍揚基金,3,美林證券,226648,6.52%,434933745,226648,0.05%,摩根投信,摩根龍揚基金
摩根龍揚基金,4,MERRILL LYNCH INTL LTD LONDON,264483,7.61%,397497284,264483,0.07%,摩根投信,摩根龍揚基金
摩根龍揚基金,5,美商高盛亞洲證券有限公司台北分公司,261423,7.52%,351648652,261423,0.07%,摩根投信,摩根龍揚基金
摩根全球平衡基金,1,新加坡商瑞銀證券股份有限公司,14513,9.71%,27917060,14513,0.05%,摩根投信,摩根全球平衡基金
摩根全球平衡基金,2,MERRILL LYNCH INTL LTD LONDON,11241,7.52%,25885886,11241,0.04%,摩根投信,摩根全球平衡基金
摩根全球平衡基金,3,ITG HONG KONG LTD HONG KONG,8058,5.39%,21976716,8058,0.04%,摩根投信,摩根全球平衡基金
摩根全球平衡基金,4,WELLS FARGO SECURITIES LLC,0,0.00%,0,0,0.00%,摩根投信,摩根全球平衡基金
摩根全球平衡基金,5,CREDIT LYONNAIS SECS SEOUL,6642,4.44%,18648800,6642,0.04%,摩根投信,摩根全球平衡基金
華南永昌全球科技多重資產基金 (本基金有相當比重投資於非投資等級之高風險債券且本基金之配息來源可能為本金),1,華南永昌綜合證券,241373,28.93%,241378390,241373,0.10%,華南永昌投信,華南永昌全球科技多重資產基金
華南永昌全球科技多重資產基金 (本基金有相當比重投資於非投資等級之高風險債券且本基金之配息來源可能為本金),2,國泰綜合證券,161391,19.34%,161400800,161391,0.10%,華南永昌投信,華南永昌全球科技多重資產基金
華南永昌全球科技多重資產基金 (本基金有相當比重投資於非投資等級之高風險債券且本基金之配息來源可能為本金),3,凱基證券,87963,10.54%,87964444,87963,0.10%,華南永昌投信,華南永昌全球科技多重資產基金
華南永昌全球科技多重資產基金 (本基金有相當比重投資於非投資等級之高風險債券且本基金之配息來源可能為本金),4,統一綜合證券,107076,12.83%,107078343,107076,0.10%,華南永昌投信,華南永昌全球科技多重資產基金
華南永昌全球科技多重資產基金 (本基金有相當比重投資於非投資等級之高風險債券且本基金之配息來源可能為本金),5,中信證券,55749,6.68%,55748150,55749,0.10%,華南永昌投信,華南永昌全球科技多重資產基金
華南永昌台灣優選50ETF基金 (本基金之配息來源可能為收益平準金),1,凱基證券,138978,19.82%,154571800,138978,0.09%,華南永昌投信,華南永昌台灣優選50ETF基金
華南永昌台灣優選50ETF基金 (本基金之配息來源可能為收益平準金),2,華南永昌綜合證券,118410,16.89%,131894650,118410,0.09%,華南永昌投信,華南永昌台灣優選50ETF基金
華南永昌台灣優選50ETF基金 (本基金之配息來源可能為收益平準金),3,中信證券,83470,11.91%,104585470,83470,0.08%,華南永昌投信,華南永昌台灣優選50ETF基金
華南永昌台灣優選50ETF基金 (本基金之配息來源可能為收益平準金),4,新光證券,76441,10.90%,95634890,76441,0.08%,華南永昌投信,華南永昌台灣優選50ETF基金
華南永昌台灣優選50ETF基金 (本基金之配息來源可能為收益平準金),5,統一綜合證券,62222,8.87%,88995300,62222,0.07%,華南永昌投信,華南永昌台灣優選50ETF基金
華南永昌NASDAQ 100科技ETF基金,1,華南永昌綜合證券,1073015,43.70%,1341266952,1073015,0.08%,華南永昌投信,華南永昌NASDAQ 100科技ETF基金
華南永昌NASDAQ 100科技ETF基金,2,群益金鼎證券,332437,13.54%,415532876,332437,0.08%,華南永昌投信,華南永昌NASDAQ 100科技ETF基金
華南永昌NASDAQ 100科技ETF基金,3,中信證券,288177,11.74%,360224865,288177,0.08%,華南永昌投信,華南永昌NASDAQ 100科技ETF基金
華南永昌NASDAQ 100科技ETF基金,4,統一綜合證券,275905,11.24%,344878502,275905,0.08%,華南永昌投信,華南永昌NASDAQ 100科技ETF基金
華南永昌NASDAQ 100科技ETF基金,5,元大證券,197441,8.04%,246805084,197441,0.08%,華南永昌投信,華南永昌NASDAQ 100科技ETF基金
華南永昌全球未來金融優選30 ETF基金,1,華南永昌綜合證券,448022,27.35%,540195475,448022,0.08%,華南永昌投信,華南永昌全球未來金融優選30 ETF基金
華南永昌全球未來金融優選30 ETF基金,2,元大證券,348199,21.26%,402775585,348199,0.09%,華南永昌投信,華南永昌全球未來金融優選30 ETF基金
華南永昌全球未來金融優選30 ETF基金,3,中信證券,325311,19.86%,387742725,325311,0.08%,華南永昌投信,華南永昌全球未來金融優選30 ETF基金
華南永昌全球未來金融優選30 ETF基金,4,群益金鼎證券,272403,16.63%,312014148,272403,0.09%,華南永昌投信,華南永昌全球未來金融優選30 ETF基金
華南永昌全球未來金融優選30 ETF基金,5,統一綜合證券,166163,10.14%,207703263,166163,0.08%,華南永昌投信,華南永昌全球未來金融優選30 ETF基金
華南永昌永昌基金,1,華南永昌綜合證券,1273695,24.61%,1273813400,1273695,0.10%,華南永昌投信,華南永昌永昌基金
華南永昌永昌基金,2,中信證券,670216,12.95%,670244000,670216,0.10%,華南永昌投信,華南永昌永昌基金
華南永昌永昌基金,3,永豐金證券,626968,12.11%,627025000,626968,0.10%,華南永昌投信,華南永昌永昌基金
華南永昌永昌基金,4,元大證券,596558,11.53%,596593400,596558,0.10%,華南永昌投信,華南永昌永昌基金
華南永昌永昌基金,5,統一綜合證券,411429,7.95%,411480200,411429,0.10%,華南永昌投信,華南永昌永昌基金
華南永昌中國A股基金,1,興業證券,567602,29.36%,567600867,567602,0.10%,華南永昌投信,華南永昌中國A股基金
華南永昌中國A股基金,2,華南永昌綜合證券,398545,20.61%,398547527,398545,0.10%,華南永昌投信,華南永昌中國A股基金
華南永昌中國A股基金,3,中國國際金融股份有限公司,191814,9.92%,191814439,191814,0.10%,華南永昌投信,華南永昌中國A股基金
華南永昌中國A股基金,4,國泰海通證券,174690,9.04%,174683503,174690,0.10%,華南永昌投信,華南永昌中國A股基金
華南永昌中國A股基金,5,申萬宏源(香港)有限公司,121319,6.28%,151651239,121319,0.08%,華南永昌投信,華南永昌中國A股基金
華南永昌多重資產入息平衡基金 (本基金之配息來源可能為本金),1,華南永昌綜合證券,298088,27.01%,298155007,298088,0.10%,華南永昌投信,華南永昌多重資產入息平衡基金
華南永昌多重資產入息平衡基金 (本基金之配息來源可能為本金),2,國泰綜合證券,284637,25.79%,284663470,284637,0.10%,華南永昌投信,華南永昌多重資產入息平衡基金
華南永昌多重資產入息平衡基金 (本基金之配息來源可能為本金),3,中信證券,96009,8.70%,96009106,96009,0.10%,華南永昌投信,華南永昌多重資產入息平衡基金
華南永昌多重資產入息平衡基金 (本基金之配息來源可能為本金),4,元大證券,111917,10.14%,111916839,111917,0.10%,華南永昌投信,華南永昌多重資產入息平衡基金
華南永昌多重資產入息平衡基金 (本基金之配息來源可能為本金),5,凱基證券,79444,7.20%,79442437,79444,0.10%,華南永昌投信,華南永昌多重資產入息平衡基金
華南永昌全球物聯網精選基金,1,華南永昌綜合證券,141986,28.79%,126502191,141986,0.11%,華南永昌投信,華南永昌全球物聯網精選基金
華南永昌全球物聯網精選基金,2,統一綜合證券,72478,14.70%,72478280,72478,0.10%,華南永昌投信,華南永昌全球物聯網精選基金
華南永昌全球物聯網精選基金,3,永豐金證券,74709,15.15%,65100357,74709,0.11%,華南永昌投信,華南永昌全球物聯網精選基金
華南永昌全球物聯網精選基金,4,中信證券,76483,15.51%,62486691,76483,0.12%,華南永昌投信,華南永昌全球物聯網精選基金
華南永昌全球物聯網精選基金,5,凱基證券,46553,9.44%,46553159,46553,0.10%,華南永昌投信,華南永昌全球物聯網精選基金
華南永昌全球精品基金,1,華南永昌綜合證券,131249,23.12%,126698246,131249,0.10%,華南永昌投信,華南永昌全球精品基金
華南永昌全球精品基金,2,中信證券,117016,20.61%,107160571,117016,0.11%,華南永昌投信,華南永昌全球精品基金
華南永昌全球精品基金,3,元大證券,104848,18.47%,95560283,104848,0.11%,華南永昌投信,華南永昌全球精品基金
華南永昌全球精品基金,4,永豐金證券,79359,13.98%,62887900,79359,0.13%,華南永昌投信,華南永昌全球精品基金
華南永昌全球精品基金,5,統一綜合證券,49887,8.79%,49886789,49887,0.10%,華南永昌投信,華南永昌全球精品基金
華南永昌低波動多重資產基金,1,華南永昌綜合證券,99986,25.46%,99986716,99986,0.10%,華南永昌投信,華南永昌低波動多重資產基金
華南永昌低波動多重資產基金,2,統一綜合證券,81540,20.76%,81542303,81540,0.10%,華南永昌投信,華南永昌低波動多重資產基金
華南永昌低波動多重資產基金,3,富邦證券,65429,16.66%,59897978,65429,0.11%,華南永昌投信,華南永昌低波動多重資產基金
華南永昌低波動多重資產基金,4,中信證券,54186,13.80%,54186174,54186,0.10%,華南永昌投信,華南永昌低波動多重資產基金
華南永昌低波動多重資產基金,5,凱基證券,43311,11.03%,43311730,43311,0.10%,華南永昌投信,華南永昌低波動多重資產基金
華南永昌台灣環境永續高股息指數基金,1,新光證券,220205,19.64%,275741510,220205,0.08%,華南永昌投信,華南永昌台灣環境永續高股息指數基金
華南永昌台灣環境永續高股息指數基金,2,華南永昌綜合證券,198876,17.74%,222149660,198876,0.09%,華南永昌投信,華南永昌台灣環境永續高股息指數基金
華南永昌台灣環境永續高股息指數基金,3,群益金鼎證券,163112,14.55%,163980010,163112,0.10%,華南永昌投信,華南永昌台灣環境永續高股息指數基金
華南永昌台灣環境永續高股息指數基金,4,元大證券,111469,9.94%,139980310,111469,0.08%,華南永昌投信,華南永昌台灣環境永續高股息指數基金
華南永昌台灣環境永續高股息指數基金,5,中信證券,108018,9.63%,136219927,108018,0.08%,華南永昌投信,華南永昌台灣環境永續高股息指數基金
華南永昌未來科技基金,1,華南永昌綜合證券,1003086,24.40%,1003096400,1003086,0.10%,華南永昌投信,華南永昌未來科技基金
華南永昌未來科技基金,2,永豐金證券,556199,13.53%,556202000,556199,0.10%,華南永昌投信,華南永昌未來科技基金
華南永昌未來科技基金,3,中信證券,532056,12.94%,532065500,532056,0.10%,華南永昌投信,華南永昌未來科技基金
華南永昌未來科技基金,4,元大證券,473264,11.51%,473269780,473264,0.10%,華南永昌投信,華南永昌未來科技基金
華南永昌未來科技基金,5,統一綜合證券,332250,8.08%,332253750,332250,0.10%,華南永昌投信,華南永昌未來科技基金
群益優選收益非投資等級債券ETF基金 (本基金之配息來源可能為收益平準金),1,Jane Street Financia,0,0.00%,0,0,0.00%,群益投信,群益優選收益非投資等級債券ETF基金
群益優選收益非投資等級債券ETF基金 (本基金之配息來源可能為收益平準金),2,Jefferies,0,0.00%,0,0,0.00%,群益投信,群益優選收益非投資等級債券ETF基金
群益優選收益非投資等級債券ETF基金 (本基金之配息來源可能為收益平準金),3,國泰綜合證券,0,0.00%,0,0,0.00%,群益投信,群益優選收益非投資等級債券ETF基金
群益優選收益非投資等級債券ETF基金 (本基金之配息來源可能為收益平準金),4,巴克萊銀行,0,0.00%,0,0,0.00%,群益投信,群益優選收益非投資等級債券ETF基金
群益優選收益非投資等級債券ETF基金 (本基金之配息來源可能為收益平準金),5,永豐金證券,0,0.00%,0,0,0.00%,群益投信,群益優選收益非投資等級債券ETF基金
群益印美戰略多重資產基金 (本基金有相當比重投資於非投資等級之高風險債券且基金之配息來源可能為本金),1,統一綜合證券,842719,12.22%,542265637,542265,0.10%,群益投信,群益印美戰略多重資產基金
群益印美戰略多重資產基金 (本基金有相當比重投資於非投資等級之高風險債券且基金之配息來源可能為本金),2,GOLDMAN,107890,1.56%,323150937,18790,0.01%,群益投信,群益印美戰略多重資產基金
群益印美戰略多重資產基金 (本基金有相當比重投資於非投資等級之高風險債券且基金之配息來源可能為本金),3,Emkay,1282524,18.59%,641252193,1282504,0.20%,群益投信,群益印美戰略多重資產基金
群益印美戰略多重資產基金 (本基金有相當比重投資於非投資等級之高風險債券且基金之配息來源可能為本金),4,Spark,826984,11.99%,630662805,819862,0.13%,群益投信,群益印美戰略多重資產基金
群益印美戰略多重資產基金 (本基金有相當比重投資於非投資等級之高風險債券且基金之配息來源可能為本金),5,群益金鼎證券,629411,9.12%,134732686,139694,0.10%,群益投信,群益印美戰略多重資產基金
群益台灣精選強棒主動式ETF基金 (本基金之配息來源可能為收益平準金),1,群益金鼎證券,24973213,21.42%,22716593730,24973213,0.11%,群益投信,群益台灣精選強棒主動式ETF基金
群益台灣精選強棒主動式ETF基金 (本基金之配息來源可能為收益平準金),2,元大證券,21902967,18.79%,19927408350,21902967,0.11%,群益投信,群益台灣精選強棒主動式ETF基金
群益台灣精選強棒主動式ETF基金 (本基金之配息來源可能為收益平準金),3,富邦證券,21260475,18.24%,19343239600,21260475,0.11%,群益投信,群益台灣精選強棒主動式ETF基金
群益台灣精選強棒主動式ETF基金 (本基金之配息來源可能為收益平準金),4,永豐金證券,12659983,10.86%,11518417400,12659983,0.11%,群益投信,群益台灣精選強棒主動式ETF基金
群益台灣精選強棒主動式ETF基金 (本基金之配息來源可能為收益平準金),5,凱基證券,11451595,9.82%,10417397800,11451595,0.11%,群益投信,群益台灣精選強棒主動式ETF基金
群益0-5年期ESG投資等級公司債ETF基金 (本基金之配息來源可能為收益平準金),1,Jane Street Financia,0,0.00%,0,0,0.00%,群益投信,群益0-5年期ESG投資等級公司債ETF基金
群益0-5年期ESG投資等級公司債ETF基金 (本基金之配息來源可能為收益平準金),2,巴克萊銀行,0,0.00%,0,0,0.00%,群益投信,群益0-5年期ESG投資等級公司債ETF基金
群益0-5年期ESG投資等級公司債ETF基金 (本基金之配息來源可能為收益平準金),3,GOLDMAN,0,0.00%,0,0,0.00%,群益投信,群益0-5年期ESG投資等級公司債ETF基金
群益0-5年期ESG投資等級公司債ETF基金 (本基金之配息來源可能為收益平準金),4,永豐金證券,0,0.00%,0,0,0.00%,群益投信,群益0-5年期ESG投資等級公司債ETF基金
群益0-5年期ESG投資等級公司債ETF基金 (本基金之配息來源可能為收益平準金),5,國泰綜合證券,0,0.00%,0,0,0.00%,群益投信,群益0-5年期ESG投資等級公司債ETF基金
群益標普500ETF基金 (本基金之配息來源可能為收益平準金),1,群益金鼎證券,1965745,78.48%,2457178735,1965745,0.08%,群益投信,群益標普500ETF基金
群益標普500ETF基金 (本基金之配息來源可能為收益平準金),2,富邦證券,60330,2.41%,714100809,60330,0.01%,群益投信,群益標普500ETF基金
群益標普500ETF基金 (本基金之配息來源可能為收益平準金),3,國泰綜合證券,188663,7.53%,235827492,188663,0.08%,群益投信,群益標普500ETF基金
群益標普500ETF基金 (本基金之配息來源可能為收益平準金),4,元大證券,185194,7.39%,231491524,185194,0.08%,群益投信,群益標普500ETF基金
群益標普500ETF基金 (本基金之配息來源可能為收益平準金),5,統一綜合證券,95960,3.83%,119947080,95960,0.08%,群益投信,群益標普500ETF基金
群益台灣科技創新主動式ETF基金 (本基金之配息來源可能為收益平準金),1,群益金鼎證券,36146795,26.89%,32865188020,36146795,0.11%,群益投信,群益台灣科技創新主動式ETF基金
群益台灣科技創新主動式ETF基金 (本基金之配息來源可能為收益平準金),2,元大證券,25805875,19.20%,23462753600,25805875,0.11%,群益投信,群益台灣科技創新主動式ETF基金
群益台灣科技創新主動式ETF基金 (本基金之配息來源可能為收益平準金),3,富邦證券,21539829,16.02%,19584880400,21539829,0.11%,群益投信,群益台灣科技創新主動式ETF基金
群益台灣科技創新主動式ETF基金 (本基金之配息來源可能為收益平準金),4,凱基證券,14835197,11.04%,13488360000,14835197,0.11%,群益投信,群益台灣科技創新主動式ETF基金
群益台灣科技創新主動式ETF基金 (本基金之配息來源可能為收益平準金),5,永豐金證券,14224648,10.58%,12933248300,14224648,0.11%,群益投信,群益台灣科技創新主動式ETF基金
群益美國增長主動式ETF基金 (本基金之配息來源可能為收益平準金),1,群益金鼎證券,9404352,27.44%,11360364223,9404352,0.08%,群益投信,群益美國增長主動式ETF基金
群益美國增長主動式ETF基金 (本基金之配息來源可能為收益平準金),2,統一綜合證券,5823623,16.99%,7207926994,5823623,0.08%,群益投信,群益美國增長主動式ETF基金
群益美國增長主動式ETF基金 (本基金之配息來源可能為收益平準金),3,富邦證券,2779857,8.11%,7064657952,2779857,0.04%,群益投信,群益美國增長主動式ETF基金
群益美國增長主動式ETF基金 (本基金之配息來源可能為收益平準金),4,元大證券,5956537,17.38%,6630057167,5956537,0.09%,群益投信,群益美國增長主動式ETF基金
群益美國增長主動式ETF基金 (本基金之配息來源可能為收益平準金),5,永豐金證券,2216318,6.47%,2538505304,2216318,0.09%,群益投信,群益美國增長主動式ETF基金
群益美國科技巨頭ETF基金,1,群益金鼎證券,4589542,69.36%,5736925597,4589542,0.08%,群益投信,群益美國科技巨頭ETF基金
群益美國科技巨頭ETF基金,2,元大證券,1345736,20.34%,1682169564,1345736,0.08%,群益投信,群益美國科技巨頭ETF基金
群益美國科技巨頭ETF基金,3,富邦證券,51722,0.78%,1209985314,51722,0.00%,群益投信,群益美國科技巨頭ETF基金
群益美國科技巨頭ETF基金,4,統一綜合證券,272218,4.11%,340271901,272218,0.08%,群益投信,群益美國科技巨頭ETF基金
群益美國科技巨頭ETF基金,5,凱基證券,149460,2.26%,186826951,149460,0.08%,群益投信,群益美國科技巨頭ETF基金
群益真善美基金,1,群益金鼎證券,824518,15.62%,569868698,626375,0.11%,群益投信,群益真善美基金
群益真善美基金,2,凱基證券,501369,9.50%,456023300,501369,0.11%,群益投信,群益真善美基金
群益真善美基金,3,中信證券,426916,8.09%,388653900,426916,0.11%,群益投信,群益真善美基金
群益真善美基金,4,玉山綜合證券,413445,7.83%,376134000,413445,0.11%,群益投信,群益真善美基金
群益真善美基金,5,國泰綜合證券,354525,6.72%,322414500,354525,0.11%,群益投信,群益真善美基金
群益平衡王基金,1,群益金鼎證券,1903105,19.98%,1559844979,1714544,0.11%,群益投信,群益平衡王基金
群益平衡王基金,2,元大證券,940655,9.87%,856224500,940655,0.11%,群益投信,群益平衡王基金
群益平衡王基金,3,宏遠證券,1301000,13.66%,501782700,551000,0.11%,群益投信,群益平衡王基金
群益平衡王基金,4,中信證券,693814,7.28%,631643100,693814,0.11%,群益投信,群益平衡王基金
群益平衡王基金,5,台新證券,569560,5.98%,518147000,569560,0.11%,群益投信,群益平衡王基金
群益創新科技基金,1,群益金鼎證券,6543901,24.39%,5949563590,6543901,0.11%,群益投信,群益創新科技基金
群益創新科技基金,2,元大證券,4751860,17.71%,4321162700,4751860,0.11%,群益投信,群益創新科技基金
群益創新科技基金,3,富邦證券,2380995,8.87%,2164768000,2380995,0.11%,群益投信,群益創新科技基金
群益創新科技基金,4,康和綜合證券,1470458,5.48%,1336968500,1470458,0.11%,群益投信,群益創新科技基金
群益創新科技基金,5,聯邦證券,1464805,5.46%,1331989500,1464805,0.11%,群益投信,群益創新科技基金
群益店頭市場基金,1,群益金鼎證券,4152079,14.65%,3776589450,4152079,0.11%,群益投信,群益店頭市場基金
群益店頭市場基金,2,元大證券,2905150,10.25%,2642995300,2905150,0.11%,群益投信,群益店頭市場基金
群益店頭市場基金,3,永豐金證券,1999896,7.06%,1819204000,1999896,0.11%,群益投信,群益店頭市場基金
群益店頭市場基金,4,富邦證券,1992093,7.03%,1812169000,1992093,0.11%,群益投信,群益店頭市場基金
群益店頭市場基金,5,台新證券,1933271,6.82%,1758198500,1933271,0.11%,群益投信,群益店頭市場基金
群益東方盛世基金,1,OKASAN,5094921,70.89%,3396647404,5094921,0.15%,群益投信,群益東方盛世基金
群益東方盛世基金,2,Mizuho Asia,1533573,21.34%,1022393483,1533573,0.15%,群益投信,群益東方盛世基金
群益東方盛世基金,3,未來資產證券,302114,4.20%,201409465,302114,0.15%,群益投信,群益東方盛世基金
群益東方盛世基金,4,元大韓國,201322,2.80%,100661673,201322,0.20%,群益投信,群益東方盛世基金
群益東方盛世基金,5,Samsung SE,49029,0.68%,19611700,49029,0.25%,群益投信,群益東方盛世基金
群益華夏盛世基金,1,中信證券,1636231,18.56%,1363522025,1636231,0.12%,群益投信,群益華夏盛世基金
群益華夏盛世基金,2,申萬宏源,1297150,14.71%,1080958583,1297150,0.12%,群益投信,群益華夏盛世基金
群益華夏盛世基金,3,群益金鼎證券,857346,9.72%,781215750,857346,0.11%,群益投信,群益華夏盛世基金
群益華夏盛世基金,4,廣發(香港)證券,633505,7.19%,533334247,533334,0.10%,群益投信,群益華夏盛世基金
群益華夏盛世基金,5,興業證券香港,586496,6.65%,576372506,576373,0.10%,群益投信,群益華夏盛世基金
群益印巴雙星基金,1,群益金鼎證券,1243298,36.68%,621671567,1243298,0.20%,群益投信,群益印巴雙星基金
群益印巴雙星基金,2,國泰綜合證券,964103,28.44%,524689478,964103,0.18%,群益投信,群益印巴雙星基金
群益印巴雙星基金,3,Spark,581518,17.16%,447321673,581518,0.13%,群益投信,群益印巴雙星基金
群益印巴雙星基金,4,Emkay,341290,10.07%,154798357,309597,0.20%,群益投信,群益印巴雙星基金
群益印巴雙星基金,5,道富香港,85143,2.51%,0,0,0.00%,群益投信,群益印巴雙星基金
群益東協成長基金,1,UOB Kay Hian Pte Ltd,1057069,46.20%,443921411,1057069,0.24%,群益投信,群益東協成長基金
群益東協成長基金,2,KGI Thailand,447856,19.57%,223927966,447856,0.20%,群益投信,群益東協成長基金
群益東協成長基金,3,群益金鼎證券,161501,7.06%,5705135,5705,0.10%,群益投信,群益東協成長基金
群益東協成長基金,4,CGSI SG,114957,5.02%,114957050,114957,0.10%,群益投信,群益東協成長基金
群益東協成長基金,5,Samsung SE,235587,10.30%,99711323,235587,0.24%,群益投信,群益東協成長基金
群益印度中小基金,1,Spark,15425934,23.95%,11866102845,15425934,0.13%,群益投信,群益印度中小基金
群益印度中小基金,2,Emkay,22263342,34.57%,10972888856,21945778,0.20%,群益投信,群益印度中小基金
群益印度中小基金,3,Elara,10490335,16.29%,10359865118,10359865,0.10%,群益投信,群益印度中小基金
群益印度中小基金,4,群益金鼎證券,11058293,17.17%,5529434566,11058293,0.20%,群益投信,群益印度中小基金
群益印度中小基金,5,GOLDMAN,211008,0.33%,2821235050,126982,0.00%,群益投信,群益印度中小基金
群益大中華雙力優勢基金,1,群益金鼎證券,161224,24.94%,148925010,161224,0.11%,群益投信,群益大中華雙力優勢基金
群益大中華雙力優勢基金,2,廣發(香港)證券,63918,9.89%,57028160,57028,0.10%,群益投信,群益大中華雙力優勢基金
群益大中華雙力優勢基金,3,興業證券香港,61964,9.59%,61964356,61964,0.10%,群益投信,群益大中華雙力優勢基金
群益大中華雙力優勢基金,4,興業證券,58493,9.05%,58489875,58493,0.10%,群益投信,群益大中華雙力優勢基金
群益大中華雙力優勢基金,5,天風證券(香港),36051,5.58%,49325436,32237,0.07%,群益投信,群益大中華雙力優勢基金
群益安家基金,1,群益金鼎證券,440627,14.76%,280247008,308048,0.11%,群益投信,群益安家基金
群益安家基金,2,中信證券,227010,7.60%,206435000,227010,0.11%,群益投信,群益安家基金
群益安家基金,3,元大證券,215239,7.21%,195786000,215239,0.11%,群益投信,群益安家基金
群益安家基金,4,兆豐證券,197791,6.62%,179983500,197791,0.11%,群益投信,群益安家基金
群益安家基金,5,第一金證券,191337,6.41%,174147800,191337,0.11%,群益投信,群益安家基金
群益美國新創亮點基金,1,GOLDMAN,82728,2.10%,1012616155,77292,0.01%,群益投信,群益美國新創亮點基金
群益美國新創亮點基金,2,群益金鼎證券,880233,22.30%,852447626,880233,0.10%,群益投信,群益美國新創亮點基金
群益美國新創亮點基金,3,凱基證券,712351,18.05%,624917544,634022,0.10%,群益投信,群益美國新創亮點基金
群益美國新創亮點基金,4,富邦證券,556616,14.10%,474284699,535714,0.11%,群益投信,群益美國新創亮點基金
群益美國新創亮點基金,5,Daiwa Securities(HK),357832,9.07%,414197776,354758,0.09%,群益投信,群益美國新創亮點基金
群益全球關鍵生技基金,1,GOLDMAN,40860,3.53%,300368197,34512,0.01%,群益投信,群益全球關鍵生技基金
群益全球關鍵生技基金,2,凱基證券,308278,26.65%,276096644,291224,0.11%,群益投信,群益全球關鍵生技基金
群益全球關鍵生技基金,3,群益金鼎證券,199554,17.25%,159601114,160818,0.10%,群益投信,群益全球關鍵生技基金
群益全球關鍵生技基金,4,國泰綜合證券,146074,12.63%,161824741,142804,0.09%,群益投信,群益全球關鍵生技基金
群益全球關鍵生技基金,5,元大證券,133516,11.54%,120197843,128184,0.11%,群益投信,群益全球關鍵生技基金
群益中國新機會基金,1,東吳證券(香港),1994483,10.38%,1967191587,1967192,0.10%,群益投信,群益中國新機會基金
群益中國新機會基金,2,凱基證券,2013978,10.48%,1711152896,1828748,0.11%,群益投信,群益中國新機會基金
群益中國新機會基金,3,富邦證券,1666958,8.67%,1262144496,1384025,0.11%,群益投信,群益中國新機會基金
群益中國新機會基金,4,申萬宏源,1773145,9.23%,1330474256,1596569,0.12%,群益投信,群益中國新機會基金
群益中國新機會基金,5,中信證券,1751726,9.12%,1343886338,1612666,0.12%,群益投信,群益中國新機會基金
群益工業國入息基金 (本基金之配息來源可能為本金),1,凱基證券,141006,22.31%,125733180,134882,0.11%,群益投信,群益工業國入息基金
群益工業國入息基金 (本基金之配息來源可能為本金),2,國泰綜合證券,117067,18.53%,107169621,103138,0.10%,群益投信,群益工業國入息基金
群益工業國入息基金 (本基金之配息來源可能為本金),3,群益金鼎證券,90064,14.25%,75306948,79051,0.10%,群益投信,群益工業國入息基金
群益工業國入息基金 (本基金之配息來源可能為本金),4,OKASAN,119238,18.87%,79494227,119238,0.15%,群益投信,群益工業國入息基金
群益工業國入息基金 (本基金之配息來源可能為本金),5,富邦證券,51137,8.09%,40027739,48424,0.12%,群益投信,群益工業國入息基金
群益中國金采平衡基金 (本基金有相當比例投資於非投資等級之高風險債券且配息來源可能為本金),1,天風證券(香港),15561,43.84%,15560765,15561,0.10%,群益投信,群益中國金采平衡基金
群益中國金采平衡基金 (本基金有相當比例投資於非投資等級之高風險債券且配息來源可能為本金),2,興業證券,7518,21.18%,0,0,0.00%,群益投信,群益中國金采平衡基金
群益中國金采平衡基金 (本基金有相當比例投資於非投資等級之高風險債券且配息來源可能為本金),3,永豐金證券(亞洲),0,0.00%,0,0,0.00%,群益投信,群益中國金采平衡基金
群益中國金采平衡基金 (本基金有相當比例投資於非投資等級之高風險債券且配息來源可能為本金),4,香港上海滙豐證券,0,0.00%,0,0,0.00%,群益投信,群益中國金采平衡基金
群益中國金采平衡基金 (本基金有相當比例投資於非投資等級之高風險債券且配息來源可能為本金),5,美國銀行,0,0.00%,0,0,0.00%,群益投信,群益中國金采平衡基金
群益深証中小100基金,1,國泰海通證券,620386,100.00%,775480364,620386,0.08%,群益投信,群益深証中小100基金
群益深証中小100基金,2,nan,0,0.00%,0,0,0.00%,群益投信,群益深証中小100基金
群益深証中小100基金,3,nan,0,0.00%,0,0,0.00%,群益投信,群益深証中小100基金
群益深証中小100基金,4,nan,0,0.00%,0,0,0.00%,群益投信,群益深証中小100基金
群益深証中小100基金,5,nan,0,0.00%,0,0,0.00%,群益投信,群益深証中小100基金
群益大印度基金,1,Emkay,2397111,51.00%,1198555666,2397111,0.20%,群益投信,群益大印度基金
群益大印度基金,2,Spark,1406797,29.93%,1082151656,1406797,0.13%,群益投信,群益大印度基金
群益大印度基金,3,Elara,471013,10.02%,471012522,471013,0.10%,群益投信,群益大印度基金
群益大印度基金,4,群益金鼎證券,381183,8.11%,190600586,381183,0.20%,群益投信,群益大印度基金
群益大印度基金,5,Motilal Oswal,44253,0.94%,22127959,44253,0.20%,群益投信,群益大印度基金
群益金選報酬平衡基金 (本基金有相當比例投資於非投資等級之高風險債券且配息來源可能為本金),1,凱基證券,45064,41.51%,21903902,21904,0.10%,群益投信,群益金選報酬平衡基金
群益金選報酬平衡基金 (本基金有相當比例投資於非投資等級之高風險債券且配息來源可能為本金),2,國泰綜合證券,9424,8.68%,8129609,7313,0.09%,群益投信,群益金選報酬平衡基金
群益金選報酬平衡基金 (本基金有相當比例投資於非投資等級之高風險債券且配息來源可能為本金),3,群益金鼎證券,18791,17.31%,18415678,18791,0.10%,群益投信,群益金選報酬平衡基金
群益金選報酬平衡基金 (本基金有相當比例投資於非投資等級之高風險債券且配息來源可能為本金),4,Daiwa Securities(HK),15656,14.42%,10332254,15498,0.15%,群益投信,群益金選報酬平衡基金
群益金選報酬平衡基金 (本基金有相當比例投資於非投資等級之高風險債券且配息來源可能為本金),5,GOLDMAN,1330,1.23%,0,0,0.00%,群益投信,群益金選報酬平衡基金
群益那斯達克生技基金,1,富邦證券,39915,67.84%,139606486,38654,0.03%,群益投信,群益那斯達克生技基金
群益那斯達克生技基金,2,國泰綜合證券,14827,25.20%,18533157,14827,0.08%,群益投信,群益那斯達克生技基金
群益那斯達克生技基金,3,凱基證券,4096,6.96%,5120712,4096,0.08%,群益投信,群益那斯達克生技基金
群益那斯達克生技基金,4,nan,0,0.00%,0,0,0.00%,群益投信,群益那斯達克生技基金
群益那斯達克生技基金,5,nan,0,0.00%,0,0,0.00%,群益投信,群益那斯達克生技基金
群益全球特別股收益基金 (本基金之配息來源可能為本金),1,國泰綜合證券,99369,100.00%,124210355,99369,0.08%,群益投信,群益全球特別股收益基金
群益全球特別股收益基金 (本基金之配息來源可能為本金),2,nan,0,0.00%,0,0,0.00%,群益投信,群益全球特別股收益基金
群益全球特別股收益基金 (本基金之配息來源可能為本金),3,nan,0,0.00%,0,0,0.00%,群益投信,群益全球特別股收益基金
群益全球特別股收益基金 (本基金之配息來源可能為本金),4,nan,0,0.00%,0,0,0.00%,群益投信,群益全球特別股收益基金
群益全球特別股收益基金 (本基金之配息來源可能為本金),5,nan,0,0.00%,0,0,0.00%,群益投信,群益全球特別股收益基金
群益道瓊美國地產ETF基金,1,富邦證券,30444,77.29%,152786185,30035,0.02%,群益投信,群益道瓊美國地產ETF基金
群益道瓊美國地產ETF基金,2,群益金鼎證券,8944,22.71%,11180982,8944,0.08%,群益投信,群益道瓊美國地產ETF基金
群益道瓊美國地產ETF基金,3,nan,0,0.00%,0,0,0.00%,群益投信,群益道瓊美國地產ETF基金
群益道瓊美國地產ETF基金,4,nan,0,0.00%,0,0,0.00%,群益投信,群益道瓊美國地產ETF基金
群益道瓊美國地產ETF基金,5,nan,0,0.00%,0,0,0.00%,群益投信,群益道瓊美國地產ETF基金
群益15年期以上電信業公司債ETF基金 (本基金之配息來源可能為收益平準金),1,Jane Street Financia,0,0.00%,0,0,0.00%,群益投信,群益15年期以上電信業公司債ETF基金
群益15年期以上電信業公司債ETF基金 (本基金之配息來源可能為收益平準金),2,國泰綜合證券,0,0.00%,0,0,0.00%,群益投信,群益15年期以上電信業公司債ETF基金
群益15年期以上電信業公司債ETF基金 (本基金之配息來源可能為收益平準金),3,GOLDMAN,0,0.00%,0,0,0.00%,群益投信,群益15年期以上電信業公司債ETF基金
群益15年期以上電信業公司債ETF基金 (本基金之配息來源可能為收益平準金),4,JP MORGAN,0,0.00%,0,0,0.00%,群益投信,群益15年期以上電信業公司債ETF基金
群益15年期以上電信業公司債ETF基金 (本基金之配息來源可能為收益平準金),5,永豐金證券,0,0.00%,0,0,0.00%,群益投信,群益15年期以上電信業公司債ETF基金
群益15年期以上科技業公司債ETF基金 (本基金之配息來源可能為收益平準金),1,Jane Street Financia,0,0.00%,0,0,0.00%,群益投信,群益15年期以上科技業公司債ETF基金
群益15年期以上科技業公司債ETF基金 (本基金之配息來源可能為收益平準金),2,GOLDMAN,0,0.00%,0,0,0.00%,群益投信,群益15年期以上科技業公司債ETF基金
群益15年期以上科技業公司債ETF基金 (本基金之配息來源可能為收益平準金),3,JP MORGAN,0,0.00%,0,0,0.00%,群益投信,群益15年期以上科技業公司債ETF基金
群益15年期以上科技業公司債ETF基金 (本基金之配息來源可能為收益平準金),4,巴克萊銀行,0,0.00%,0,0,0.00%,群益投信,群益15年期以上科技業公司債ETF基金
群益15年期以上科技業公司債ETF基金 (本基金之配息來源可能為收益平準金),5,國泰綜合證券,0,0.00%,0,0,0.00%,群益投信,群益15年期以上科技業公司債ETF基金
群益10年期以上金融債ETF基金 (本基金之配息來源可能為收益平準金),1,GOLDMAN,0,0.00%,0,0,0.00%,群益投信,群益10年期以上金融債ETF基金
群益10年期以上金融債ETF基金 (本基金之配息來源可能為收益平準金),2,Jane Street Financia,0,0.00%,0,0,0.00%,群益投信,群益10年期以上金融債ETF基金
群益10年期以上金融債ETF基金 (本基金之配息來源可能為收益平準金),3,巴克萊銀行,0,0.00%,0,0,0.00%,群益投信,群益10年期以上金融債ETF基金
群益10年期以上金融債ETF基金 (本基金之配息來源可能為收益平準金),4,國泰綜合證券,0,0.00%,0,0,0.00%,群益投信,群益10年期以上金融債ETF基金
群益10年期以上金融債ETF基金 (本基金之配息來源可能為收益平準金),5,MORGAN S,0,0.00%,0,0,0.00%,群益投信,群益10年期以上金融債ETF基金
群益奧斯卡基金,1,群益金鼎證券,551474,14.09%,501515508,551474,0.11%,群益投信,群益奧斯卡基金
群益奧斯卡基金,2,元大證券,460870,11.78%,419227700,460870,0.11%,群益投信,群益奧斯卡基金
群益奧斯卡基金,3,臺銀綜合證券,349427,8.93%,317783250,349427,0.11%,群益投信,群益奧斯卡基金
群益奧斯卡基金,4,玉山綜合證券,346879,8.87%,315750000,346879,0.11%,群益投信,群益奧斯卡基金
群益奧斯卡基金,5,華南永昌綜合證券,318915,8.15%,290042800,318915,0.11%,群益投信,群益奧斯卡基金
群益葛萊美基金,1,群益金鼎證券,3065454,23.06%,2788332554,3065454,0.11%,群益投信,群益葛萊美基金
群益葛萊美基金,2,元大證券,1462739,11.00%,1330881500,1462739,0.11%,群益投信,群益葛萊美基金
群益葛萊美基金,3,兆豐證券,1137113,8.55%,1034441000,1137113,0.11%,群益投信,群益葛萊美基金
群益葛萊美基金,4,中信證券,863907,6.50%,785986000,863907,0.11%,群益投信,群益葛萊美基金
群益葛萊美基金,5,富邦證券,848701,6.38%,772241100,848701,0.11%,群益投信,群益葛萊美基金
群益亞太新趨勢平衡基金,1,廣發(香港)證券,397062,9.95%,349637602,349638,0.10%,群益投信,群益亞太新趨勢平衡基金
群益亞太新趨勢平衡基金,2,群益金鼎證券,364630,9.13%,237593885,261101,0.11%,群益投信,群益亞太新趨勢平衡基金
群益亞太新趨勢平衡基金,3,OKASAN,492507,12.34%,328340879,492507,0.15%,群益投信,群益亞太新趨勢平衡基金
群益亞太新趨勢平衡基金,4,Samsung SE,564223,14.13%,247742273,564223,0.23%,群益投信,群益亞太新趨勢平衡基金
群益亞太新趨勢平衡基金,5,興業證券香港,238489,5.97%,191052984,191053,0.10%,群益投信,群益亞太新趨勢平衡基金
群益新興金鑽基金,1,未來資產證券,226937,20.19%,151291500,226937,0.15%,群益投信,群益新興金鑽基金
群益新興金鑽基金,2,GOLDMAN,27434,2.44%,119390424,15910,0.01%,群益投信,群益新興金鑽基金
群益新興金鑽基金,3,興業證券香港,141156,12.56%,127030812,127031,0.10%,群益投信,群益新興金鑽基金
群益新興金鑽基金,4,群益金鼎證券,100028,8.90%,83248750,91408,0.11%,群益投信,群益新興金鑽基金
群益新興金鑽基金,5,中國光大證券HK,91336,8.12%,74625910,89551,0.12%,群益投信,群益新興金鑽基金
群益2028 REVERSO美元保本基金 (保護型保本基金；保本比率為本金之115%，但投資人於基金到期日前提出買回申請，到期前之買回淨值不保證會高於基金保本率或發行價格),1,香港上海滙豐證券,0,0.00%,0,0,0.00%,群益投信,群益2028 REVERSO美元保本基金 (保護型保本基金；保本比率為本金之115%，但投資人於基金到期日前提出買回申請，到期前之買回淨值不保證會高於基金
群益2028 REVERSO美元保本基金 (保護型保本基金；保本比率為本金之115%，但投資人於基金到期日前提出買回申請，到期前之買回淨值不保證會高於基金保本率或發行價格),2,JP MORGAN,0,0.00%,0,0,0.00%,群益投信,群益2028 REVERSO美元保本基金 (保護型保本基金；保本比率為本金之115%，但投資人於基金到期日前提出買回申請，到期前之買回淨值不保證會高於基金
群益2028 REVERSO美元保本基金 (保護型保本基金；保本比率為本金之115%，但投資人於基金到期日前提出買回申請，到期前之買回淨值不保證會高於基金保本率或發行價格),3,nan,0,0.00%,0,0,0.00%,群益投信,群益2028 REVERSO美元保本基金 (保護型保本基金；保本比率為本金之115%，但投資人於基金到期日前提出買回申請，到期前之買回淨值不保證會高於基金
群益2028 REVERSO美元保本基金 (保護型保本基金；保本比率為本金之115%，但投資人於基金到期日前提出買回申請，到期前之買回淨值不保證會高於基金保本率或發行價格),4,nan,0,0.00%,0,0,0.00%,群益投信,群益2028 REVERSO美元保本基金 (保護型保本基金；保本比率為本金之115%，但投資人於基金到期日前提出買回申請，到期前之買回淨值不保證會高於基金
群益2028 REVERSO美元保本基金 (保護型保本基金；保本比率為本金之115%，但投資人於基金到期日前提出買回申請，到期前之買回淨值不保證會高於基金保本率或發行價格),5,nan,0,0.00%,0,0,0.00%,群益投信,群益2028 REVERSO美元保本基金 (保護型保本基金；保本比率為本金之115%，但投資人於基金到期日前提出買回申請，到期前之買回淨值不保證會高於基金
群益15年期以上公用事業公司債ETF 基金,1,Jane Street Financia,0,0.00%,0,0,0.00%,群益投信,群益15年期以上公用事業公司債ETF 基金
群益15年期以上公用事業公司債ETF 基金,2,國泰綜合證券,0,0.00%,0,0,0.00%,群益投信,群益15年期以上公用事業公司債ETF 基金
群益15年期以上公用事業公司債ETF 基金,3,巴克萊銀行,0,0.00%,0,0,0.00%,群益投信,群益15年期以上公用事業公司債ETF 基金
群益15年期以上公用事業公司債ETF 基金,4,GOLDMAN,0,0.00%,0,0,0.00%,群益投信,群益15年期以上公用事業公司債ETF 基金
群益15年期以上公用事業公司債ETF 基金,5,nan,0,0.00%,0,0,0.00%,群益投信,群益15年期以上公用事業公司債ETF 基金
群益15年期以上高評等公司債ETF 基金,1,Jane Street Financia,0,0.00%,0,0,0.00%,群益投信,群益15年期以上高評等公司債ETF 基金
群益15年期以上高評等公司債ETF 基金,2,美國銀行,0,0.00%,0,0,0.00%,群益投信,群益15年期以上高評等公司債ETF 基金
群益15年期以上高評等公司債ETF 基金,3,國泰綜合證券,0,0.00%,0,0,0.00%,群益投信,群益15年期以上高評等公司債ETF 基金
群益15年期以上高評等公司債ETF 基金,4,巴克萊銀行,0,0.00%,0,0,0.00%,群益投信,群益15年期以上高評等公司債ETF 基金
群益15年期以上高評等公司債ETF 基金,5,GOLDMAN,0,0.00%,0,0,0.00%,群益投信,群益15年期以上高評等公司債ETF 基金
群益15年期以上新興市場主權債ETF基金 (本基金之配息來源可能為收益平準金),1,Jane Street Financia,0,0.00%,0,0,0.00%,群益投信,群益15年期以上新興市場主權債ETF基金
群益15年期以上新興市場主權債ETF基金 (本基金之配息來源可能為收益平準金),2,GOLDMAN,0,0.00%,0,0,0.00%,群益投信,群益15年期以上新興市場主權債ETF基金
群益15年期以上新興市場主權債ETF基金 (本基金之配息來源可能為收益平準金),3,巴克萊銀行,0,0.00%,0,0,0.00%,群益投信,群益15年期以上新興市場主權債ETF基金
群益15年期以上新興市場主權債ETF基金 (本基金之配息來源可能為收益平準金),4,Jefferies,0,0.00%,0,0,0.00%,群益投信,群益15年期以上新興市場主權債ETF基金
群益15年期以上新興市場主權債ETF基金 (本基金之配息來源可能為收益平準金),5,nan,0,0.00%,0,0,0.00%,群益投信,群益15年期以上新興市場主權債ETF基金
群益潛力收益多重資產基金 (本子基金有相當比重投資於非投資等級之高風險債券且基金之配息來源可能為本金),1,GOLDMAN,6164092,6.18%,39863432619,3008428,0.01%,群益投信,群益潛力收益多重資產基金 (本子基金有相當比重投資於非投資等級之高風險債券且基金
群益潛力收益多重資產基金 (本子基金有相當比重投資於非投資等級之高風險債券且基金之配息來源可能為本金),2,元大證券,21168862,21.24%,13416537824,14327896,0.11%,群益投信,群益潛力收益多重資產基金 (本子基金有相當比重投資於非投資等級之高風險債券且基金
群益潛力收益多重資產基金 (本子基金有相當比重投資於非投資等級之高風險債券且基金之配息來源可能為本金),3,群益金鼎證券,15978865,16.03%,6391059856,6995279,0.11%,群益投信,群益潛力收益多重資產基金 (本子基金有相當比重投資於非投資等級之高風險債券且基金
群益潛力收益多重資產基金 (本子基金有相當比重投資於非投資等級之高風險債券且基金之配息來源可能為本金),4,永豐金證券,10584843,10.62%,10526944196,10276913,0.10%,群益投信,群益潛力收益多重資產基金 (本子基金有相當比重投資於非投資等級之高風險債券且基金
群益潛力收益多重資產基金 (本子基金有相當比重投資於非投資等級之高風險債券且基金之配息來源可能為本金),5,統一綜合證券,7848878,7.87%,5993985662,6376957,0.11%,群益投信,群益潛力收益多重資產基金 (本子基金有相當比重投資於非投資等級之高風險債券且基金
群益25年期以上美國政府債券ETF基金 (本基金之配息來源可能為收益平準金),1,Jane Street Financia,0,0.00%,0,0,0.00%,群益投信,群益25年期以上美國政府債券ETF基金
群益25年期以上美國政府債券ETF基金 (本基金之配息來源可能為收益平準金),2,富邦證券,0,0.00%,0,0,0.00%,群益投信,群益25年期以上美國政府債券ETF基金
群益25年期以上美國政府債券ETF基金 (本基金之配息來源可能為收益平準金),3,國泰綜合證券,0,0.00%,0,0,0.00%,群益投信,群益25年期以上美國政府債券ETF基金
群益25年期以上美國政府債券ETF基金 (本基金之配息來源可能為收益平準金),4,永豐金證券,0,0.00%,0,0,0.00%,群益投信,群益25年期以上美國政府債券ETF基金
群益25年期以上美國政府債券ETF基金 (本基金之配息來源可能為收益平準金),5,nan,0,0.00%,0,0,0.00%,群益投信,群益25年期以上美國政府債券ETF基金
群益15年期以上A級美元公司債ETF基金 (本基金之配息來源可能為收益平準金),1,GOLDMAN,0,0.00%,0,0,0.00%,群益投信,群益15年期以上A級美元公司債ETF基金
群益15年期以上A級美元公司債ETF基金 (本基金之配息來源可能為收益平準金),2,國泰綜合證券,0,0.00%,0,0,0.00%,群益投信,群益15年期以上A級美元公司債ETF基金
群益15年期以上A級美元公司債ETF基金 (本基金之配息來源可能為收益平準金),3,Jane Street Financia,0,0.00%,0,0,0.00%,群益投信,群益15年期以上A級美元公司債ETF基金
群益15年期以上A級美元公司債ETF基金 (本基金之配息來源可能為收益平準金),4,MORGAN S,0,0.00%,0,0,0.00%,群益投信,群益15年期以上A級美元公司債ETF基金
群益15年期以上A級美元公司債ETF基金 (本基金之配息來源可能為收益平準金),5,CGML,0,0.00%,0,0,0.00%,群益投信,群益15年期以上A級美元公司債ETF基金
群益15年期以上AAA-A醫療保健業美元公司債ETF基金,1,國泰綜合證券,0,0.00%,0,0,0.00%,群益投信,群益15年期以上AAA-A醫療保健業美元公司債ETF基金
群益15年期以上AAA-A醫療保健業美元公司債ETF基金,2,Jane Street Financia,0,0.00%,0,0,0.00%,群益投信,群益15年期以上AAA-A醫療保健業美元公司債ETF基金
群益15年期以上AAA-A醫療保健業美元公司債ETF基金,3,GOLDMAN,0,0.00%,0,0,0.00%,群益投信,群益15年期以上AAA-A醫療保健業美元公司債ETF基金
群益15年期以上AAA-A醫療保健業美元公司債ETF基金,4,nan,0,0.00%,0,0,0.00%,群益投信,群益15年期以上AAA-A醫療保健業美元公司債ETF基金
群益15年期以上AAA-A醫療保健業美元公司債ETF基金,5,nan,0,0.00%,0,0,0.00%,群益投信,群益15年期以上AAA-A醫療保健業美元公司債ETF基金
群益1-5年期投資等級公司債ETF基金,1,Jane Street Financia,0,0.00%,0,0,0.00%,群益投信,群益1-5年期投資等級公司債ETF基金
群益1-5年期投資等級公司債ETF基金,2,巴克萊銀行,0,0.00%,0,0,0.00%,群益投信,群益1-5年期投資等級公司債ETF基金
群益1-5年期投資等級公司債ETF基金,3,國泰綜合證券,0,0.00%,0,0,0.00%,群益投信,群益1-5年期投資等級公司債ETF基金
群益1-5年期投資等級公司債ETF基金,4,GOLDMAN,0,0.00%,0,0,0.00%,群益投信,群益1-5年期投資等級公司債ETF基金
群益1-5年期投資等級公司債ETF基金,5,nan,0,0.00%,0,0,0.00%,群益投信,群益1-5年期投資等級公司債ETF基金
群益0-1年期美國政府債券ETF基金,1,Jane Street Financia,0,0.00%,0,0,0.00%,群益投信,群益0-1年期美國政府債券ETF基金
群益0-1年期美國政府債券ETF基金,2,國泰綜合證券,0,0.00%,0,0,0.00%,群益投信,群益0-1年期美國政府債券ETF基金
群益0-1年期美國政府債券ETF基金,3,富邦證券,0,0.00%,0,0,0.00%,群益投信,群益0-1年期美國政府債券ETF基金
群益0-1年期美國政府債券ETF基金,4,nan,0,0.00%,0,0,0.00%,群益投信,群益0-1年期美國政府債券ETF基金
群益0-1年期美國政府債券ETF基金,5,nan,0,0.00%,0,0,0.00%,群益投信,群益0-1年期美國政府債券ETF基金
群益長安基金,1,元大證券,1891592,16.35%,1720467800,1891592,0.11%,群益投信,群益長安基金
群益長安基金,2,群益金鼎證券,1445507,12.49%,1314573843,1445507,0.11%,群益投信,群益長安基金
群益長安基金,3,中信證券,1347988,11.65%,1225862600,1347988,0.11%,群益投信,群益長安基金
群益長安基金,4,康和綜合證券,982511,8.49%,893685000,982511,0.11%,群益投信,群益長安基金
群益長安基金,5,富邦證券,920884,7.96%,837414900,920884,0.11%,群益投信,群益長安基金
群益台灣精選高息ETF基金 (本基金之配息來源可能為收益平準金且基金並無保證收益及配息),1,群益金鼎證券,184445096,29.86%,167723258759,184445096,0.11%,群益投信,群益台灣精選高息ETF基金
群益台灣精選高息ETF基金 (本基金之配息來源可能為收益平準金且基金並無保證收益及配息),2,元大證券,130227727,21.08%,118424961200,130227727,0.11%,群益投信,群益台灣精選高息ETF基金
群益台灣精選高息ETF基金 (本基金之配息來源可能為收益平準金且基金並無保證收益及配息),3,富邦證券,108310026,17.54%,98491736350,108310026,0.11%,群益投信,群益台灣精選高息ETF基金
群益台灣精選高息ETF基金 (本基金之配息來源可能為收益平準金且基金並無保證收益及配息),4,永豐金證券,36035065,5.83%,32773796850,36035065,0.11%,群益投信,群益台灣精選高息ETF基金
群益台灣精選高息ETF基金 (本基金之配息來源可能為收益平準金且基金並無保證收益及配息),5,凱基證券,30975967,5.02%,28169664050,30975967,0.11%,群益投信,群益台灣精選高息ETF基金
群益智慧聯網電動車基金,1,群益金鼎證券,1467810,13.35%,1339469381,1453498,0.11%,群益投信,群益智慧聯網電動車基金
群益智慧聯網電動車基金,2,GOLDMAN,147459,1.34%,1227832431,132260,0.01%,群益投信,群益智慧聯網電動車基金
群益智慧聯網電動車基金,3,OKASAN,1639660,14.92%,1093112505,1639660,0.15%,群益投信,群益智慧聯網電動車基金
群益智慧聯網電動車基金,4,Mizuho Asia,1600083,14.56%,1066725342,1600083,0.15%,群益投信,群益智慧聯網電動車基金
群益智慧聯網電動車基金,5,興業證券香港,985135,8.96%,985134737,985135,0.10%,群益投信,群益智慧聯網電動車基金
群益台灣ESG低碳50ETF基金 (本基金之配息來源可能為收益平準金),1,群益金鼎證券,6519494,24.80%,5930816220,6519494,0.11%,群益投信,群益台灣ESG低碳50ETF基金
群益台灣ESG低碳50ETF基金 (本基金之配息來源可能為收益平準金),2,元大證券,5005643,19.04%,4553776800,5005643,0.11%,群益投信,群益台灣ESG低碳50ETF基金
群益台灣ESG低碳50ETF基金 (本基金之配息來源可能為收益平準金),3,富邦證券,4131439,15.72%,3757875950,4131439,0.11%,群益投信,群益台灣ESG低碳50ETF基金
群益台灣ESG低碳50ETF基金 (本基金之配息來源可能為收益平準金),4,永豐金證券,3465155,13.18%,3153130450,3465155,0.11%,群益投信,群益台灣ESG低碳50ETF基金
群益台灣ESG低碳50ETF基金 (本基金之配息來源可能為收益平準金),5,凱基證券,2380543,9.06%,2166744500,2380543,0.11%,群益投信,群益台灣ESG低碳50ETF基金
群益台灣半導體收益ETF基金 (本基金之配息來源可能為收益平準金),1,群益金鼎證券,16168750,27.94%,14702529000,16168750,0.11%,群益投信,群益台灣半導體收益ETF基金
群益台灣半導體收益ETF基金 (本基金之配息來源可能為收益平準金),2,元大證券,13960218,24.12%,12694561200,13960218,0.11%,群益投信,群益台灣半導體收益ETF基金
群益台灣半導體收益ETF基金 (本基金之配息來源可能為收益平準金),3,富邦證券,7081109,12.23%,6439901000,7081109,0.11%,群益投信,群益台灣半導體收益ETF基金
群益台灣半導體收益ETF基金 (本基金之配息來源可能為收益平準金),4,永豐金證券,5779641,9.99%,5257065800,5779641,0.11%,群益投信,群益台灣半導體收益ETF基金
群益台灣半導體收益ETF基金 (本基金之配息來源可能為收益平準金),5,凱基證券,4533025,7.83%,4122333400,4533025,0.11%,群益投信,群益台灣半導體收益ETF基金
群益中小型股基金,1,群益金鼎證券,5469716,24.78%,4973347400,5469716,0.11%,群益投信,群益中小型股基金
群益中小型股基金,2,元大證券,1541155,6.98%,1401512000,1541155,0.11%,群益投信,群益中小型股基金
群益中小型股基金,3,凱基證券,1381083,6.26%,1256493300,1381083,0.11%,群益投信,群益中小型股基金
群益中小型股基金,4,兆豐證券,1349028,6.11%,1226862500,1349028,0.11%,群益投信,群益中小型股基金
群益中小型股基金,5,中信證券,1162279,5.27%,1057190400,1162279,0.11%,群益投信,群益中小型股基金
群益優化收益成長多重資產基金 (本基金有相當比重投資於非投資等級之高風險債券且基金之配息來源可能為本金),1,GOLDMAN,571081,5.08%,4454690182,359387,0.01%,群益投信,群益優化收益成長多重資產基金
群益優化收益成長多重資產基金 (本基金有相當比重投資於非投資等級之高風險債券且基金之配息來源可能為本金),2,凱基證券,3714357,33.03%,2331908905,2382101,0.10%,群益投信,群益優化收益成長多重資產基金
群益優化收益成長多重資產基金 (本基金有相當比重投資於非投資等級之高風險債券且基金之配息來源可能為本金),3,群益金鼎證券,1615421,14.36%,1162427058,1162428,0.10%,群益投信,群益優化收益成長多重資產基金
群益優化收益成長多重資產基金 (本基金有相當比重投資於非投資等級之高風險債券且基金之配息來源可能為本金),4,統一綜合證券,1441362,12.82%,845175465,863462,0.10%,群益投信,群益優化收益成長多重資產基金
群益優化收益成長多重資產基金 (本基金有相當比重投資於非投資等級之高風險債券且基金之配息來源可能為本金),5,興業證券香港,1318573,11.72%,1141372339,1141373,0.10%,群益投信,群益優化收益成長多重資產基金
群益ESG 20年期以上BBB投資等級公司債ETF基金 (本基金之配息來源可能為收益平準金),1,Jane Street Financia,0,0.00%,0,0,0.00%,群益投信,群益ESG 20年期以上BBB投資等級公司債ETF基金
群益ESG 20年期以上BBB投資等級公司債ETF基金 (本基金之配息來源可能為收益平準金),2,GOLDMAN,0,0.00%,0,0,0.00%,群益投信,群益ESG 20年期以上BBB投資等級公司債ETF基金
群益ESG 20年期以上BBB投資等級公司債ETF基金 (本基金之配息來源可能為收益平準金),3,CGML,0,0.00%,0,0,0.00%,群益投信,群益ESG 20年期以上BBB投資等級公司債ETF基金
群益ESG 20年期以上BBB投資等級公司債ETF基金 (本基金之配息來源可能為收益平準金),4,元大證券,0,0.00%,0,0,0.00%,群益投信,群益ESG 20年期以上BBB投資等級公司債ETF基金
群益ESG 20年期以上BBB投資等級公司債ETF基金 (本基金之配息來源可能為收益平準金),5,國泰綜合證券,0,0.00%,0,0,0.00%,群益投信,群益ESG 20年期以上BBB投資等級公司債ETF基金
群益台灣科技高息成長ETF基金 (本基金之配息來源可能為收益平準金且基金並無保證收益及配息),1,群益金鼎證券,3515413,28.00%,3200711500,3515413,0.11%,群益投信,群益台灣科技高息成長ETF基金
群益台灣科技高息成長ETF基金 (本基金之配息來源可能為收益平準金且基金並無保證收益及配息),2,元大證券,2893404,23.05%,2635039550,2893404,0.11%,群益投信,群益台灣科技高息成長ETF基金
群益台灣科技高息成長ETF基金 (本基金之配息來源可能為收益平準金且基金並無保證收益及配息),3,富邦證券,1570831,12.51%,1431179950,1570831,0.11%,群益投信,群益台灣科技高息成長ETF基金
群益台灣科技高息成長ETF基金 (本基金之配息來源可能為收益平準金且基金並無保證收益及配息),4,凱基證券,1278393,10.18%,1164901500,1278393,0.11%,群益投信,群益台灣科技高息成長ETF基金
群益台灣科技高息成長ETF基金 (本基金之配息來源可能為收益平準金且基金並無保證收益及配息),5,永豐金證券,1035087,8.24%,943047350,1035087,0.11%,群益投信,群益台灣科技高息成長ETF基金
群益馬拉松基金,1,群益金鼎證券,8145787,24.40%,7408741563,8145787,0.11%,群益投信,群益馬拉松基金
群益馬拉松基金,2,元大證券,6261900,18.76%,5694423400,6261900,0.11%,群益投信,群益馬拉松基金
群益馬拉松基金,3,富邦證券,3213278,9.63%,2922690100,3213278,0.11%,群益投信,群益馬拉松基金
群益馬拉松基金,4,永豐金證券,2678756,8.03%,2436319200,2678756,0.11%,群益投信,群益馬拉松基金
群益馬拉松基金,5,凱基證券,2547976,7.63%,2317050800,2547976,0.11%,群益投信,群益馬拉松基金
台中銀數位時代基金 (本基金配息來源可能為本金),1,元大證券,50937,15.77%,63689150,50937,0.08%,台中銀投信,台中銀數位時代基金
台中銀數位時代基金 (本基金配息來源可能為本金),2,群益金鼎證券,29455,9.12%,32745350,29455,0.09%,台中銀投信,台中銀數位時代基金
台中銀數位時代基金 (本基金配息來源可能為本金),3,統一綜合證券,26754,8.28%,29738000,26754,0.09%,台中銀投信,台中銀數位時代基金
台中銀數位時代基金 (本基金配息來源可能為本金),4,台中銀證券,23930,7.41%,26597950,23930,0.09%,台中銀投信,台中銀數位時代基金
台中銀數位時代基金 (本基金配息來源可能為本金),5,台新證券,23662,7.32%,26302105,23662,0.09%,台中銀投信,台中銀數位時代基金
台中銀中國精選成長基金,1,興證國際證券有限公司,174571,21.95%,145475603,174571,0.12%,台中銀投信,台中銀中國精選成長基金
台中銀中國精選成長基金,2,中信證券,106582,13.40%,106583156,106582,0.10%,台中銀投信,台中銀中國精選成長基金
台中銀中國精選成長基金,3,元大證券(香港)有限公司,93491,11.76%,93488969,93491,0.10%,台中銀投信,台中銀中國精選成長基金
台中銀中國精選成長基金,4,國投證券（香港）有限公司,77542,9.75%,77542194,77542,0.10%,台中銀投信,台中銀中國精選成長基金
台中銀中國精選成長基金,5,第一上海證券股份有限公司,103084,12.96%,68721855,103084,0.15%,台中銀投信,台中銀中國精選成長基金
台中銀台灣優息基金,1,元大證券,764266,19.49%,957462800,764266,0.08%,台中銀投信,台中銀台灣優息基金
台中銀台灣優息基金,2,富邦證券,674381,17.20%,752056450,674381,0.09%,台中銀投信,台中銀台灣優息基金
台中銀台灣優息基金,3,永豐金證券,638726,16.29%,731881150,638726,0.09%,台中銀投信,台中銀台灣優息基金
台中銀台灣優息基金,4,華南永昌綜合證券,506098,12.91%,634694600,506098,0.08%,台中銀投信,台中銀台灣優息基金
台中銀台灣優息基金,5,凱基證券,493028,12.58%,620434600,493028,0.08%,台中銀投信,台中銀台灣優息基金
台中銀大發基金 (本基金配息來源可能為本金),1,元大證券,171503,12.61%,214394220,171503,0.08%,台中銀投信,台中銀大發基金
台中銀大發基金 (本基金配息來源可能為本金),2,富邦證券,113368,8.34%,125985990,113368,0.09%,台中銀投信,台中銀大發基金
台中銀大發基金 (本基金配息來源可能為本金),3,台中銀證券,106736,7.85%,118623200,106736,0.09%,台中銀投信,台中銀大發基金
台中銀大發基金 (本基金配息來源可能為本金),4,永豐金證券,103482,7.61%,118297700,103482,0.09%,台中銀投信,台中銀大發基金
台中銀大發基金 (本基金配息來源可能為本金),5,第一金證券,103595,7.62%,115125500,103595,0.09%,台中銀投信,台中銀大發基金
聯博投資等級債入息主動式ETF基金 (本基金有一定比重得投資於非投資等級之高風險債券，配息來源可能為收益平準金且並無保證收益及配息),1,JANE STREET FINANCIAL LIMITED,0,0.00%,0,0,0.00%,聯博投信,聯博投資等級債入息主動式ETF基金
聯博投資等級債入息主動式ETF基金 (本基金有一定比重得投資於非投資等級之高風險債券，配息來源可能為收益平準金且並無保證收益及配息),2,MORGAN STANLEY & CO. LLC,0,0.00%,0,0,0.00%,聯博投信,聯博投資等級債入息主動式ETF基金
聯博投資等級債入息主動式ETF基金 (本基金有一定比重得投資於非投資等級之高風險債券，配息來源可能為收益平準金且並無保證收益及配息),3,J.P.MORGAN SECURITIES INC NY,0,0.00%,0,0,0.00%,聯博投信,聯博投資等級債入息主動式ETF基金
聯博投資等級債入息主動式ETF基金 (本基金有一定比重得投資於非投資等級之高風險債券，配息來源可能為收益平準金且並無保證收益及配息),4,CITIGROUP GLOBAL MARKETS INC,0,0.00%,0,0,0.00%,聯博投信,聯博投資等級債入息主動式ETF基金
聯博投資等級債入息主動式ETF基金 (本基金有一定比重得投資於非投資等級之高風險債券，配息來源可能為收益平準金且並無保證收益及配息),5,GOLDMAN SACHS AND CO,0,0.00%,0,0,0.00%,聯博投信,聯博投資等級債入息主動式ETF基金
聯博優選全球非投資等級債券主動式ETF基金 (本基金主要投資於非投資等級之高風險債券，配息來源可能為收益平準金且並無保證收益及配息),1,MORGAN STANLEY & CO. LLC,0,0.00%,0,0,0.00%,聯博投信,聯博優選全球非投資等級債券主動式ETF基金
聯博優選全球非投資等級債券主動式ETF基金 (本基金主要投資於非投資等級之高風險債券，配息來源可能為收益平準金且並無保證收益及配息),2,GOLDMAN SACHS AND CO,0,0.00%,0,0,0.00%,聯博投信,聯博優選全球非投資等級債券主動式ETF基金
聯博優選全球非投資等級債券主動式ETF基金 (本基金主要投資於非投資等級之高風險債券，配息來源可能為收益平準金且並無保證收益及配息),3,CITIGROUP GLOBAL MARKETS INC,0,0.00%,0,0,0.00%,聯博投信,聯博優選全球非投資等級債券主動式ETF基金
聯博優選全球非投資等級債券主動式ETF基金 (本基金主要投資於非投資等級之高風險債券，配息來源可能為收益平準金且並無保證收益及配息),4,群益金鼎證券,0,0.00%,0,0,0.00%,聯博投信,聯博優選全球非投資等級債券主動式ETF基金
聯博優選全球非投資等級債券主動式ETF基金 (本基金主要投資於非投資等級之高風險債券，配息來源可能為收益平準金且並無保證收益及配息),5,J.P.MORGAN SECURITIES INC NY,0,0.00%,0,0,0.00%,聯博投信,聯博優選全球非投資等級債券主動式ETF基金
聯博台灣動能收益50 主動式ETF基金 (本基金配息來源可能為收益平準金),1,永豐金證券,3499834,37.18%,4390415099,3499834,0.08%,聯博投信,聯博台灣動能收益50 主動式ETF基金
聯博台灣動能收益50 主動式ETF基金 (本基金配息來源可能為收益平準金),2,凱基證券,3107844,33.01%,3890640500,3107844,0.08%,聯博投信,聯博台灣動能收益50 主動式ETF基金
聯博台灣動能收益50 主動式ETF基金 (本基金配息來源可能為收益平準金),3,群益金鼎證券,2031258,21.58%,2543692852,2031258,0.08%,聯博投信,聯博台灣動能收益50 主動式ETF基金
聯博台灣動能收益50 主動式ETF基金 (本基金配息來源可能為收益平準金),4,元大證券,775330,8.24%,970227685,775330,0.08%,聯博投信,聯博台灣動能收益50 主動式ETF基金
聯博台灣動能收益50 主動式ETF基金 (本基金配息來源可能為收益平準金),5,nan,0,0.00%,0,0,0.00%,聯博投信,聯博台灣動能收益50 主動式ETF基金
聯博多重資產傘型基金之聯博歐洲多重資產基金 (本基金得投資於非投資等級之高風險債券且配息來源可能為本金及收益平準金),1,GOLDMAN SACHS INTERNATIONAL LONDON,14301,20.10%,37165289,10868,0.03%,聯博投信,聯博多重資產傘型基金之聯博歐洲多重資產基金
聯博多重資產傘型基金之聯博歐洲多重資產基金 (本基金得投資於非投資等級之高風險債券且配息來源可能為本金及收益平準金),2,ALLIANCEBERNSTEIN,0,0.00%,0,0,0.00%,聯博投信,聯博多重資產傘型基金之聯博歐洲多重資產基金
聯博多重資產傘型基金之聯博歐洲多重資產基金 (本基金得投資於非投資等級之高風險債券且配息來源可能為本金及收益平準金),3,J P MORGAN SECURITIES LTD LDN,8104,11.39%,29012762,8104,0.03%,聯博投信,聯博多重資產傘型基金之聯博歐洲多重資產基金
聯博多重資產傘型基金之聯博歐洲多重資產基金 (本基金得投資於非投資等級之高風險債券且配息來源可能為本金及收益平準金),4,CITIGROUP GLOBAL MKTS LTD LDN,4756,6.68%,23669056,4756,0.02%,聯博投信,聯博多重資產傘型基金之聯博歐洲多重資產基金
聯博多重資產傘型基金之聯博歐洲多重資產基金 (本基金得投資於非投資等級之高風險債券且配息來源可能為本金及收益平準金),5,台灣摩根士丹利證券,6606,9.28%,22019061,6606,0.03%,聯博投信,聯博多重資產傘型基金之聯博歐洲多重資產基金
聯博多重資產傘型基金之聯博亞太多重資產基金 (本基金得投資於非投資等級之高風險債券且配息來源可能為本金及收益平準金),1,ALLIANCEBERNSTEIN,0,0.00%,0,0,0.00%,聯博投信,聯博多重資產傘型基金之聯博亞太多重資產基金
聯博多重資產傘型基金之聯博亞太多重資產基金 (本基金得投資於非投資等級之高風險債券且配息來源可能為本金及收益平準金),2,群益金鼎證券,264596,29.75%,331235100,264596,0.08%,聯博投信,聯博多重資產傘型基金之聯博亞太多重資產基金
聯博多重資產傘型基金之聯博亞太多重資產基金 (本基金得投資於非投資等級之高風險債券且配息來源可能為本金及收益平準金),3,UBS SECURITIES LTD SEOUL,42200,4.74%,140666045,42200,0.03%,聯博投信,聯博多重資產傘型基金之聯博亞太多重資產基金
聯博多重資產傘型基金之聯博亞太多重資產基金 (本基金得投資於非投資等級之高風險債券且配息來源可能為本金及收益平準金),4,MERRILL LYNCH INTL LTD LONDON,34619,3.89%,118762715,34619,0.03%,聯博投信,聯博多重資產傘型基金之聯博亞太多重資產基金
聯博多重資產傘型基金之聯博亞太多重資產基金 (本基金得投資於非投資等級之高風險債券且配息來源可能為本金及收益平準金),5,"""JP MORGAN SECS",41422,4.66%,114730923,41422,0.04%,聯博投信,聯博多重資產傘型基金之聯博亞太多重資產基金
聯博中國A股基金,1,GOLDMAN SACHS AND CO,194850,23.44%,357306784,194850,0.05%,聯博投信,聯博中國A股基金
聯博中國A股基金,2,JP MORGAN SECS(ASIA PAC)LTD HK,197365,23.75%,328941914,197365,0.06%,聯博投信,聯博中國A股基金
聯博中國A股基金,3,MORGAN STANLEY & CO. LLC,154512,18.59%,263879246,154512,0.06%,聯博投信,聯博中國A股基金
聯博中國A股基金,4,MERRILL LYNCH INTL LTD LONDON,134785,16.22%,224641411,134785,0.06%,聯博投信,聯博中國A股基金
聯博中國A股基金,5,JEFFERIES HONG KONG LIMITED,105481,12.69%,175801132,105481,0.06%,聯博投信,聯博中國A股基金
聯博美國傘型基金之聯博美國多重資產收益基金 (本基金得投資於非投資等級之高風險債券且配息來源可能為本金),1,GOLDMAN SACHS AND CO,177880,10.06%,1562667722,156105,0.01%,聯博投信,聯博美國傘型基金之聯博美國多重資產收益基金
聯博美國傘型基金之聯博美國多重資產收益基金 (本基金得投資於非投資等級之高風險債券且配息來源可能為本金),2,J.P. MORGAN CLEARING CORP.,253495,14.34%,379914091,60188,0.02%,聯博投信,聯博美國傘型基金之聯博美國多重資產收益基金
聯博美國傘型基金之聯博美國多重資產收益基金 (本基金得投資於非投資等級之高風險債券且配息來源可能為本金),3,MORGAN STANLEY & CO. LLC,160403,9.07%,886371068,137793,0.02%,聯博投信,聯博美國傘型基金之聯博美國多重資產收益基金
聯博美國傘型基金之聯博美國多重資產收益基金 (本基金得投資於非投資等級之高風險債券且配息來源可能為本金),4,美林證券,235946,13.35%,1485709770,187608,0.01%,聯博投信,聯博美國傘型基金之聯博美國多重資產收益基金
聯博美國傘型基金之聯博美國多重資產收益基金 (本基金得投資於非投資等級之高風險債券且配息來源可能為本金),5,PERSHING LLC,111707,6.32%,2420687049,111707,0.00%,聯博投信,聯博美國傘型基金之聯博美國多重資產收益基金
聯博美國傘型基金之聯博美國成長入息基金 (本基金配息來源可能為本金且並無保證收益及配息),1,美林證券,171504,13.56%,1554165880,171504,0.01%,聯博投信,聯博美國傘型基金之聯博美國成長入息基金
聯博美國傘型基金之聯博美國成長入息基金 (本基金配息來源可能為本金且並無保證收益及配息),2,UBS SECURITIES LLC STAMFORD,166660,13.18%,1048292687,166660,0.02%,聯博投信,聯博美國傘型基金之聯博美國成長入息基金
聯博美國傘型基金之聯博美國成長入息基金 (本基金配息來源可能為本金且並無保證收益及配息),3,WELLS FARGO SECURITIES LLC,129448,10.23%,1041120647,129448,0.01%,聯博投信,聯博美國傘型基金之聯博美國成長入息基金
聯博美國傘型基金之聯博美國成長入息基金 (本基金配息來源可能為本金且並無保證收益及配息),4,J.P. MORGAN CLEARING CORP.,148774,11.76%,1000714226,148774,0.01%,聯博投信,聯博美國傘型基金之聯博美國成長入息基金
聯博美國傘型基金之聯博美國成長入息基金 (本基金配息來源可能為本金且並無保證收益及配息),5,MORGAN STANLEY & CO. LLC,145232,11.48%,919704604,145232,0.02%,聯博投信,聯博美國傘型基金之聯博美國成長入息基金
聯博大利基金,1,群益金鼎證券,428692,35.64%,536254130,428692,0.08%,聯博投信,聯博大利基金
聯博大利基金,2,永豐金證券,227353,18.90%,284597323,227353,0.08%,聯博投信,聯博大利基金
聯博大利基金,3,凱基證券,227055,18.87%,284148800,227055,0.08%,聯博投信,聯博大利基金
聯博大利基金,4,元大證券,169749,14.11%,212390000,169749,0.08%,聯博投信,聯博大利基金
聯博大利基金,5,富邦證券,95220,7.92%,119199500,95220,0.08%,聯博投信,聯博大利基金
柏瑞日本多重資產基金 (本基金配息來源可能為本金),1,MIZUHO,115557,19.24%,385233804,115557,0.03%,柏瑞投信,柏瑞日本多重資產基金
柏瑞日本多重資產基金 (本基金配息來源可能為本金),2,SMBC Nikko Ldn FI,142744,23.77%,475861654,142744,0.03%,柏瑞投信,柏瑞日本多重資產基金
柏瑞日本多重資產基金 (本基金配息來源可能為本金),3,Daiwa Securities Gro,23469,3.91%,78233020,23469,0.03%,柏瑞投信,柏瑞日本多重資產基金
柏瑞日本多重資產基金 (本基金配息來源可能為本金),4,BARCLAYS CAP SEC,0,0.00%,0,0,0.00%,柏瑞投信,柏瑞日本多重資產基金
柏瑞日本多重資產基金 (本基金配息來源可能為本金),5,BANK OF AMERICA SEC,49749,8.28%,157638746,49749,0.03%,柏瑞投信,柏瑞日本多重資產基金
柏瑞美利堅多重資產收益基金 (本基金有相當比重投資於非投資等級之高風險債券且配息來源可能為本金),1,ISI GROUP PROGRAM,87086,54.61%,586014446,87086,0.01%,柏瑞投信,柏瑞美利堅多重資產收益基金
柏瑞美利堅多重資產收益基金 (本基金有相當比重投資於非投資等級之高風險債券且配息來源可能為本金),2,美商高盛亞洲證券有限公司台北分公司,22169,13.90%,270406068,22169,0.01%,柏瑞投信,柏瑞美利堅多重資產收益基金
柏瑞美利堅多重資產收益基金 (本基金有相當比重投資於非投資等級之高風險債券且配息來源可能為本金),3,花旗環球證券,0,0.00%,0,0,0.00%,柏瑞投信,柏瑞美利堅多重資產收益基金
柏瑞美利堅多重資產收益基金 (本基金有相當比重投資於非投資等級之高風險債券且配息來源可能為本金),4,Sanford C. Bernstein,19538,12.25%,220279691,19538,0.01%,柏瑞投信,柏瑞美利堅多重資產收益基金
柏瑞美利堅多重資產收益基金 (本基金有相當比重投資於非投資等級之高風險債券且配息來源可能為本金),5,台灣摩根士丹利證券,25318,15.88%,116384316,25318,0.02%,柏瑞投信,柏瑞美利堅多重資產收益基金
柏瑞巨人基金,1,香港商野村國際證券有限公司台北分公司,263372,10.98%,329382650,263372,0.08%,柏瑞投信,柏瑞巨人基金
柏瑞巨人基金,2,富邦證券,263013,10.96%,328994050,263013,0.08%,柏瑞投信,柏瑞巨人基金
柏瑞巨人基金,3,國泰綜合證券,242884,10.12%,303654500,242884,0.08%,柏瑞投信,柏瑞巨人基金
柏瑞巨人基金,4,元大證券,242557,10.11%,303317912,242557,0.08%,柏瑞投信,柏瑞巨人基金
柏瑞巨人基金,5,大和國泰證券,237139,9.88%,296623600,237139,0.08%,柏瑞投信,柏瑞巨人基金
柏瑞亞洲亮點股票基金,1,花旗環球證券,107378,18.58%,121267204,107378,0.09%,柏瑞投信,柏瑞亞洲亮點股票基金
柏瑞亞洲亮點股票基金,2,CLSA LTD.,82707,14.31%,81791613,82707,0.10%,柏瑞投信,柏瑞亞洲亮點股票基金
柏瑞亞洲亮點股票基金,3,元大證券,25547,4.42%,31961530,25547,0.08%,柏瑞投信,柏瑞亞洲亮點股票基金
柏瑞亞洲亮點股票基金,4,合作金庫證券,15655,2.71%,31318500,15655,0.05%,柏瑞投信,柏瑞亞洲亮點股票基金
柏瑞亞洲亮點股票基金,5,永豐金證券,15148,2.62%,30332985,15148,0.05%,柏瑞投信,柏瑞亞洲亮點股票基金
柏瑞特別股息收益基金 (本基金並無保證收益及配息且配息來源可能為本金),1,新加坡商瑞銀證券台北分公司,387250,16.73%,2328352511,387250,0.02%,柏瑞投信,柏瑞特別股息收益基金
柏瑞特別股息收益基金 (本基金並無保證收益及配息且配息來源可能為本金),2,摩根大通證券,1040276,44.93%,2494054520,1040276,0.04%,柏瑞投信,柏瑞特別股息收益基金
柏瑞特別股息收益基金 (本基金並無保證收益及配息且配息來源可能為本金),3,台灣摩根士丹利證券,672615,29.05%,1587793689,672615,0.04%,柏瑞投信,柏瑞特別股息收益基金
柏瑞特別股息收益基金 (本基金並無保證收益及配息且配息來源可能為本金),4,BARCLAYS CAP SEC,0,0.00%,0,0,0.00%,柏瑞投信,柏瑞特別股息收益基金
柏瑞特別股息收益基金 (本基金並無保證收益及配息且配息來源可能為本金),5,SeaPort Securities,20633,0.89%,1001449177,20633,0.00%,柏瑞投信,柏瑞特別股息收益基金
柏瑞多重資產特別收益基金 (本基金有相當比重投資於非投資等級之高風險債券且配息來源可能為本金),1,台灣摩根士丹利證券,154209,63.99%,438440674,154209,0.04%,柏瑞投信,柏瑞多重資產特別收益基金
柏瑞多重資產特別收益基金 (本基金有相當比重投資於非投資等級之高風險債券且配息來源可能為本金),2,摩根大通證券,27117,11.25%,65000975,27117,0.04%,柏瑞投信,柏瑞多重資產特別收益基金
柏瑞多重資產特別收益基金 (本基金有相當比重投資於非投資等級之高風險債券且配息來源可能為本金),3,BARCLAYS CAP SEC,0,0.00%,0,0,0.00%,柏瑞投信,柏瑞多重資產特別收益基金
柏瑞多重資產特別收益基金 (本基金有相當比重投資於非投資等級之高風險債券且配息來源可能為本金),4,花旗環球證券,44769,18.58%,112541915,44769,0.04%,柏瑞投信,柏瑞多重資產特別收益基金
柏瑞多重資產特別收益基金 (本基金有相當比重投資於非投資等級之高風險債券且配息來源可能為本金),5,美商高盛亞洲證券有限公司台北分公司,0,0.00%,0,0,0.00%,柏瑞投信,柏瑞多重資產特別收益基金
柏瑞拉丁美洲基金,1,群益金鼎證券,314041,28.52%,181780000,314041,0.17%,柏瑞投信,柏瑞拉丁美洲基金
柏瑞拉丁美洲基金,2,新加坡商瑞銀證券台北分公司,139804,12.69%,102002662,139804,0.14%,柏瑞投信,柏瑞拉丁美洲基金
柏瑞拉丁美洲基金,3,花旗環球證券,198277,18.00%,96757715,198277,0.20%,柏瑞投信,柏瑞拉丁美洲基金
柏瑞拉丁美洲基金,4,ITAUCHINT,187408,17.02%,95110418,187408,0.20%,柏瑞投信,柏瑞拉丁美洲基金
柏瑞拉丁美洲基金,5,摩根大通證券,80638,7.32%,88430922,80638,0.09%,柏瑞投信,柏瑞拉丁美洲基金
柏瑞中國A股量化精選基金,1,台灣摩根士丹利證券,253971,38.64%,434808871,253971,0.06%,柏瑞投信,柏瑞中國A股量化精選基金
柏瑞中國A股量化精選基金,2,CLSA LTD.,150794,22.94%,258161889,150794,0.06%,柏瑞投信,柏瑞中國A股量化精選基金
柏瑞中國A股量化精選基金,3,INSTINET PACIFICN LI,74352,11.31%,127290155,74352,0.06%,柏瑞投信,柏瑞中國A股量化精選基金
柏瑞中國A股量化精選基金,4,HSBC Sec,91001,13.84%,112733657,91001,0.08%,柏瑞投信,柏瑞中國A股量化精選基金
柏瑞中國A股量化精選基金,5,美商高盛亞洲證券有限公司台北分公司,33827,5.15%,57905007,33827,0.06%,柏瑞投信,柏瑞中國A股量化精選基金
柏瑞新興動態多重資產基金 (本基金有相當比重投資於非投資等級之高風險債券且配息來源可能為本金),1,BANK OF MONTREAL,0,0.00%,0,0,0.00%,柏瑞投信,柏瑞新興動態多重資產基金
柏瑞新興動態多重資產基金 (本基金有相當比重投資於非投資等級之高風險債券且配息來源可能為本金),2,美商高盛亞洲證券有限公司台北分公司,44499,16.49%,86762439,44499,0.05%,柏瑞投信,柏瑞新興動態多重資產基金
柏瑞新興動態多重資產基金 (本基金有相當比重投資於非投資等級之高風險債券且配息來源可能為本金),3,台灣摩根士丹利證券,16647,6.17%,47443253,16647,0.04%,柏瑞投信,柏瑞新興動態多重資產基金
柏瑞新興動態多重資產基金 (本基金有相當比重投資於非投資等級之高風險債券且配息來源可能為本金),4,INSTINET PACIFICN LI,100204,37.14%,47471830,100204,0.21%,柏瑞投信,柏瑞新興動態多重資產基金
柏瑞新興動態多重資產基金 (本基金有相當比重投資於非投資等級之高風險債券且配息來源可能為本金),5,新加坡商瑞銀證券台北分公司,12551,4.65%,25072705,12551,0.05%,柏瑞投信,柏瑞新興動態多重資產基金
柏瑞ESG量化多重資產基金 (本基金有相當比重投資於非投資等級之高風險債券且配息來源可能為本金),1,INSTINET PACIFICN LI,274257,31.97%,758154274,274257,0.04%,柏瑞投信,柏瑞ESG量化多重資產基金
柏瑞ESG量化多重資產基金 (本基金有相當比重投資於非投資等級之高風險債券且配息來源可能為本金),2,花旗環球證券,174311,20.32%,452425421,174311,0.04%,柏瑞投信,柏瑞ESG量化多重資產基金
柏瑞ESG量化多重資產基金 (本基金有相當比重投資於非投資等級之高風險債券且配息來源可能為本金),3,美商高盛亞洲證券有限公司台北分公司,88866,10.36%,344445483,88866,0.03%,柏瑞投信,柏瑞ESG量化多重資產基金
柏瑞ESG量化多重資產基金 (本基金有相當比重投資於非投資等級之高風險債券且配息來源可能為本金),4,ISI GROUP PROGRAM,83420,9.73%,494991326,83420,0.02%,柏瑞投信,柏瑞ESG量化多重資產基金
柏瑞ESG量化多重資產基金 (本基金有相當比重投資於非投資等級之高風險債券且配息來源可能為本金),5,台灣摩根士丹利證券,55332,6.45%,207552008,55332,0.03%,柏瑞投信,柏瑞ESG量化多重資產基金
柏瑞ESG量化全球股票收益基金 (本基金配息來源可能為本金),1,INSTINET PACIFICN LI,258789,29.49%,696461678,258789,0.04%,柏瑞投信,柏瑞ESG量化全球股票收益基金
柏瑞ESG量化全球股票收益基金 (本基金配息來源可能為本金),2,ISI GROUP PROGRAM,125424,14.29%,630119619,125424,0.02%,柏瑞投信,柏瑞ESG量化全球股票收益基金
柏瑞ESG量化全球股票收益基金 (本基金配息來源可能為本金),3,花旗環球證券,182015,20.74%,445772030,182015,0.04%,柏瑞投信,柏瑞ESG量化全球股票收益基金
柏瑞ESG量化全球股票收益基金 (本基金配息來源可能為本金),4,台灣摩根士丹利證券,94946,10.82%,337459349,94946,0.03%,柏瑞投信,柏瑞ESG量化全球股票收益基金
柏瑞ESG量化全球股票收益基金 (本基金配息來源可能為本金),5,新加坡商瑞銀證券台北分公司,76631,8.73%,238011121,76631,0.03%,柏瑞投信,柏瑞ESG量化全球股票收益基金
柏瑞趨勢動態多重資產基金 (本基金有相當比重投資於非投資等級之高風險債券且配息來源可能為本金),1,ISI GROUP PROGRAM,212482,29.07%,1716653707,212482,0.01%,柏瑞投信,柏瑞趨勢動態多重資產基金
柏瑞趨勢動態多重資產基金 (本基金有相當比重投資於非投資等級之高風險債券且配息來源可能為本金),2,INSTINET PACIFICN LI,217058,29.69%,616945915,217058,0.04%,柏瑞投信,柏瑞趨勢動態多重資產基金
柏瑞趨勢動態多重資產基金 (本基金有相當比重投資於非投資等級之高風險債券且配息來源可能為本金),3,美商高盛亞洲證券有限公司台北分公司,184054,25.18%,535794329,184054,0.03%,柏瑞投信,柏瑞趨勢動態多重資產基金
柏瑞趨勢動態多重資產基金 (本基金有相當比重投資於非投資等級之高風險債券且配息來源可能為本金),4,新加坡商瑞銀證券台北分公司,45627,6.24%,271530838,45627,0.02%,柏瑞投信,柏瑞趨勢動態多重資產基金
柏瑞趨勢動態多重資產基金 (本基金有相當比重投資於非投資等級之高風險債券且配息來源可能為本金),5,BANK OF AMERICA SEC,146,0.02%,484642,146,0.03%,柏瑞投信,柏瑞趨勢動態多重資產基金
柏瑞ESG減碳全球股票基金,1,INSTINET PACIFICN LI,80008,54.31%,168227110,80008,0.05%,柏瑞投信,柏瑞ESG減碳全球股票基金
柏瑞ESG減碳全球股票基金,2,Sanford C. Bernstein,8002,5.43%,35314762,8002,0.02%,柏瑞投信,柏瑞ESG減碳全球股票基金
柏瑞ESG減碳全球股票基金,3,ISI GROUP PROGRAM,11642,7.90%,34050569,11642,0.03%,柏瑞投信,柏瑞ESG減碳全球股票基金
柏瑞ESG減碳全球股票基金,4,台灣摩根士丹利證券,19660,13.35%,30918502,19660,0.06%,柏瑞投信,柏瑞ESG減碳全球股票基金
柏瑞ESG減碳全球股票基金,5,元大證券,6116,4.15%,7645000,6116,0.08%,柏瑞投信,柏瑞ESG減碳全球股票基金
柏瑞利率對策多重資產基金 (本基金有相當比重投資於非投資等級之高風險債券且配息來源可能為本金),1,ISI GROUP PROGRAM,7528,68.70%,101010073,7528,0.01%,柏瑞投信,柏瑞利率對策多重資產基金
柏瑞利率對策多重資產基金 (本基金有相當比重投資於非投資等級之高風險債券且配息來源可能為本金),2,TORONTO DOMINION,0,0.00%,0,0,0.00%,柏瑞投信,柏瑞利率對策多重資產基金
柏瑞利率對策多重資產基金 (本基金有相當比重投資於非投資等級之高風險債券且配息來源可能為本金),3,美商高盛亞洲證券有限公司台北分公司,2617,23.88%,27626187,2617,0.01%,柏瑞投信,柏瑞利率對策多重資產基金
柏瑞利率對策多重資產基金 (本基金有相當比重投資於非投資等級之高風險債券且配息來源可能為本金),4,群益金鼎證券,0,0.00%,0,0,0.00%,柏瑞投信,柏瑞利率對策多重資產基金
柏瑞利率對策多重資產基金 (本基金有相當比重投資於非投資等級之高風險債券且配息來源可能為本金),5,CIBC LDN,0,0.00%,0,0,0.00%,柏瑞投信,柏瑞利率對策多重資產基金
柏瑞科技多重資產基金 (本基金有相當比重投資於非投資等級之高風險債券且配息來源可能為本金),1,ISI GROUP PROGRAM,17895,17.15%,208041732,17895,0.01%,柏瑞投信,柏瑞科技多重資產基金
柏瑞科技多重資產基金 (本基金有相當比重投資於非投資等級之高風險債券且配息來源可能為本金),2,台灣摩根士丹利證券,22405,21.47%,93697478,22405,0.02%,柏瑞投信,柏瑞科技多重資產基金
柏瑞科技多重資產基金 (本基金有相當比重投資於非投資等級之高風險債券且配息來源可能為本金),3,新加坡商瑞銀證券台北分公司,22640,21.70%,125833494,22640,0.02%,柏瑞投信,柏瑞科技多重資產基金
柏瑞科技多重資產基金 (本基金有相當比重投資於非投資等級之高風險債券且配息來源可能為本金),4,美商高盛亞洲證券有限公司台北分公司,12048,11.55%,64229714,12048,0.02%,柏瑞投信,柏瑞科技多重資產基金
柏瑞科技多重資產基金 (本基金有相當比重投資於非投資等級之高風險債券且配息來源可能為本金),5,JANE STREET,0,0.00%,0,0,0.00%,柏瑞投信,柏瑞科技多重資產基金
復華台灣未來50主動式ETF基金 (基金之配息來源可能為收益平準金),1,永豐金證券,21441822,13.56%,23825064000,21441822,0.09%,復華投信,復華台灣未來50主動式ETF基金
復華台灣未來50主動式ETF基金 (基金之配息來源可能為收益平準金),2,元大證券,21035502,13.31%,23373698150,21035502,0.09%,復華投信,復華台灣未來50主動式ETF基金
復華台灣未來50主動式ETF基金 (基金之配息來源可能為收益平準金),3,富邦證券,17079154,10.80%,18977954700,17079154,0.09%,復華投信,復華台灣未來50主動式ETF基金
復華台灣未來50主動式ETF基金 (基金之配息來源可能為收益平準金),4,凱基證券,16995233,10.75%,18884250400,16995233,0.09%,復華投信,復華台灣未來50主動式ETF基金
復華台灣未來50主動式ETF基金 (基金之配息來源可能為收益平準金),5,群益金鼎證券,14819165,9.37%,16466380600,14819165,0.09%,復華投信,復華台灣未來50主動式ETF基金
復華全球金融股票入息主動式ETF基金 (基金之配息來源可能為收益平準金且該基金並無保證收益及配息),1,SinoPac Securities (Asia),3648242,21.27%,3588876878,3648242,0.10%,復華投信,復華全球金融股票入息主動式ETF基金
復華全球金融股票入息主動式ETF基金 (基金之配息來源可能為收益平準金且該基金並無保證收益及配息),2,富邦證券,3468216,20.22%,1970095291,3468216,0.18%,復華投信,復華全球金融股票入息主動式ETF基金
復華全球金融股票入息主動式ETF基金 (基金之配息來源可能為收益平準金且該基金並無保證收益及配息),3,國泰綜合證券,2254061,13.14%,1884078825,2254061,0.12%,復華投信,復華全球金融股票入息主動式ETF基金
復華全球金融股票入息主動式ETF基金 (基金之配息來源可能為收益平準金且該基金並無保證收益及配息),4,JEFFERIES & CO.,2058522,12.00%,1730147448,2058522,0.12%,復華投信,復華全球金融股票入息主動式ETF基金
復華全球金融股票入息主動式ETF基金 (基金之配息來源可能為收益平準金且該基金並無保證收益及配息),5,BTIG,1471932,8.58%,905608925,1471932,0.16%,復華投信,復華全球金融股票入息主動式ETF基金
復華全球金融債券入息主動式ETF基金 (本基金有一定比重得投資於非投資等級之高風險債券且本基金並無保證收益及配息),1,Jane Street Financial Limited,0,0.00%,0,0,0.00%,復華投信,復華全球金融債券入息主動式ETF基金
復華全球金融債券入息主動式ETF基金 (本基金有一定比重得投資於非投資等級之高風險債券且本基金並無保證收益及配息),2,SinoPac Securities (Asia),413207,36.61%,413206845,413207,0.10%,復華投信,復華全球金融債券入息主動式ETF基金
復華全球金融債券入息主動式ETF基金 (本基金有一定比重得投資於非投資等級之高風險債券且本基金並無保證收益及配息),3,Barclays Bank PLC LONDON,0,0.00%,0,0,0.00%,復華投信,復華全球金融債券入息主動式ETF基金
復華全球金融債券入息主動式ETF基金 (本基金有一定比重得投資於非投資等級之高風險債券且本基金並無保證收益及配息),4,Susquehanna Financial Group， LLLP,0,0.00%,0,0,0.00%,復華投信,復華全球金融債券入息主動式ETF基金
復華全球金融債券入息主動式ETF基金 (本基金有一定比重得投資於非投資等級之高風險債券且本基金並無保證收益及配息),5,CITIGROUP,0,0.00%,0,0,0.00%,復華投信,復華全球金融債券入息主動式ETF基金
復華全球未來50主動式ETF基金,1,富邦證券,2664406,17.31%,2633523430,2664406,0.10%,復華投信,復華全球未來50主動式ETF基金
復華全球未來50主動式ETF基金,2,SinoPac Securities (Asia),2362240,15.34%,2288028403,2362240,0.10%,復華投信,復華全球未來50主動式ETF基金
復華全球未來50主動式ETF基金,3,大和國泰證券,2029543,13.18%,2029543518,2029543,0.10%,復華投信,復華全球未來50主動式ETF基金
復華全球未來50主動式ETF基金,4,元大證券,983445,6.39%,1169632956,983445,0.08%,復華投信,復華全球未來50主動式ETF基金
復華全球未來50主動式ETF基金,5,凱基證券,1085646,7.05%,1114473162,1085646,0.10%,復華投信,復華全球未來50主動式ETF基金
復華台灣菁英50指數基金,1,宏遠證券,181498,19.83%,181521950,181498,0.10%,復華投信,復華台灣菁英50指數基金
復華台灣菁英50指數基金,2,凱基證券,171116,18.69%,171128850,171116,0.10%,復華投信,復華台灣菁英50指數基金
復華台灣菁英50指數基金,3,統一綜合證券,170149,18.59%,170160700,170149,0.10%,復華投信,復華台灣菁英50指數基金
復華台灣菁英50指數基金,4,群益金鼎證券,167874,18.34%,167886950,167874,0.10%,復華投信,復華台灣菁英50指數基金
復華台灣菁英50指數基金,5,富邦證券,165018,18.03%,165030450,165018,0.10%,復華投信,復華台灣菁英50指數基金
復華全球創新金融指數基金,1,SinoPac Securities (Asia),517503,40.22%,517503893,517503,0.10%,復華投信,復華全球創新金融指數基金
復華全球創新金融指數基金,2,富邦證券,431423,33.53%,421827024,431423,0.10%,復華投信,復華全球創新金融指數基金
復華全球創新金融指數基金,3,國泰綜合證券,337716,26.25%,331382005,337716,0.10%,復華投信,復華全球創新金融指數基金
復華全球創新金融指數基金,4,nan,0,0.00%,0,0,0.00%,復華投信,復華全球創新金融指數基金
復華全球創新金融指數基金,5,nan,0,0.00%,0,0,0.00%,復華投信,復華全球創新金融指數基金
復華全球AI動力成長指數基金,1,SinoPac Securities (Asia),938041,34.32%,938041334,938041,0.10%,復華投信,復華全球AI動力成長指數基金
復華全球AI動力成長指數基金,2,國泰綜合證券,777698,28.46%,765082595,777698,0.10%,復華投信,復華全球AI動力成長指數基金
復華全球AI動力成長指數基金,3,富邦證券,803056,29.38%,705360397,803056,0.11%,復華投信,復華全球AI動力成長指數基金
復華全球AI動力成長指數基金,4,凱基證券,155017,5.67%,155017500,155017,0.10%,復華投信,復華全球AI動力成長指數基金
復華全球AI動力成長指數基金,5,宏遠證券,53990,1.98%,53990000,53990,0.10%,復華投信,復華全球AI動力成長指數基金
復華全球大趨勢基金,1,SinoPac Securities (Asia),13792159,12.59%,13068051065,13792159,0.11%,復華投信,復華全球大趨勢基金
復華全球大趨勢基金,2,大和國泰證券,10703915,9.77%,10655550471,10703915,0.10%,復華投信,復華全球大趨勢基金
復華全球大趨勢基金,3,富邦證券,9002358,8.22%,8069844200,9002358,0.11%,復華投信,復華全球大趨勢基金
復華全球大趨勢基金,4,凱基證券,6007419,5.48%,5920228765,6007419,0.10%,復華投信,復華全球大趨勢基金
復華全球大趨勢基金,5,元大證券,5638909,5.15%,5493494872,5638909,0.10%,復華投信,復華全球大趨勢基金
復華華人世紀基金,1,富邦證券,36632571,13.33%,33547432106,36632571,0.11%,復華投信,復華華人世紀基金
復華華人世紀基金,2,SinoPac Securities (Asia),27131815,9.87%,24863774627,27131815,0.11%,復華投信,復華華人世紀基金
復華華人世紀基金,3,大和國泰證券,19153349,6.97%,19031193365,19153349,0.10%,復華投信,復華華人世紀基金
復華華人世紀基金,4,華南永昌綜合證券,19039868,6.93%,17774141907,19039868,0.11%,復華投信,復華華人世紀基金
復華華人世紀基金,5,海通國際證券,11096680,4.04%,15381204219,11096680,0.07%,復華投信,復華華人世紀基金
復華人生目標基金,1,永豐金證券,9102379,17.44%,9102900601,9102379,0.10%,復華投信,復華人生目標基金
復華人生目標基金,2,富邦證券,7082078,13.57%,7082803350,7082078,0.10%,復華投信,復華人生目標基金
復華人生目標基金,3,元大證券,7090005,13.58%,6935652634,6935005,0.10%,復華投信,復華人生目標基金
復華人生目標基金,4,群益金鼎證券,6700884,12.84%,6701375260,6700884,0.10%,復華投信,復華人生目標基金
復華人生目標基金,5,凱基證券,6469312,12.39%,5922715400,5922312,0.10%,復華投信,復華人生目標基金
復華傳家基金,1,富邦證券,2784829,16.85%,2784851632,2784829,0.10%,復華投信,復華傳家基金
復華傳家基金,2,群益金鼎證券,2319250,14.04%,2319272900,2319250,0.10%,復華投信,復華傳家基金
復華傳家基金,3,永豐金證券,2144158,12.98%,2144183100,2144158,0.10%,復華投信,復華傳家基金
復華傳家基金,4,凱基證券,2000334,12.11%,1750343500,1750334,0.10%,復華投信,復華傳家基金
復華傳家基金,5,元大證券,1612646,9.76%,1522671296,1522646,0.10%,復華投信,復華傳家基金
復華數位經濟基金,1,群益金鼎證券,3429926,14.77%,3430004700,3429926,0.10%,復華投信,復華數位經濟基金
復華數位經濟基金,2,統一綜合證券,2592247,11.16%,2592308500,2592247,0.10%,復華投信,復華數位經濟基金
復華數位經濟基金,3,富邦證券,2351482,10.13%,2351588000,2351482,0.10%,復華投信,復華數位經濟基金
復華數位經濟基金,4,永豐金證券,2158169,9.29%,2158234200,2158169,0.10%,復華投信,復華數位經濟基金
復華數位經濟基金,5,元大證券,2082328,8.97%,2082380000,2082328,0.10%,復華投信,復華數位經濟基金
復華傳家二號基金,1,永豐金證券,12748089,16.88%,12748624087,12748089,0.10%,復華投信,復華傳家二號基金
復華傳家二號基金,2,群益金鼎證券,9025065,11.95%,9025299650,9025065,0.10%,復華投信,復華傳家二號基金
復華傳家二號基金,3,凱基證券,9305980,12.32%,8498245590,8497980,0.10%,復華投信,復華傳家二號基金
復華傳家二號基金,4,元大證券,8058656,10.67%,7831360100,7831156,0.10%,復華投信,復華傳家二號基金
復華傳家二號基金,5,富邦證券,7130704,9.44%,7130985910,7130704,0.10%,復華投信,復華傳家二號基金
復華中小精選基金,1,永豐金證券,6168612,14.34%,6168659600,6168612,0.10%,復華投信,復華中小精選基金
復華中小精選基金,2,凱基證券,5462016,12.70%,5462037600,5462016,0.10%,復華投信,復華中小精選基金
復華中小精選基金,3,元大證券,4521784,10.51%,4521801200,4521784,0.10%,復華投信,復華中小精選基金
復華中小精選基金,4,統一綜合證券,4137534,9.62%,4137574000,4137534,0.10%,復華投信,復華中小精選基金
復華中小精選基金,5,群益金鼎證券,3932151,9.14%,3932162440,3932151,0.10%,復華投信,復華中小精選基金
復華全方位基金,1,富邦證券,4752977,14.11%,4753001800,4752977,0.10%,復華投信,復華全方位基金
復華全方位基金,2,永豐金證券,4740785,14.08%,4740818385,4740785,0.10%,復華投信,復華全方位基金
復華全方位基金,3,元大證券,4515406,13.41%,4515423800,4515406,0.10%,復華投信,復華全方位基金
復華全方位基金,4,群益金鼎證券,4312876,12.81%,4312909000,4312876,0.10%,復華投信,復華全方位基金
復華全方位基金,5,犇亞證券,3530654,10.48%,3530705500,3530654,0.10%,復華投信,復華全方位基金
復華全球原物料基金,1,大和國泰證券,2319503,13.53%,2290015291,2319503,0.10%,復華投信,復華全球原物料基金
復華全球原物料基金,2,MIZUHO SECURITIES,1481731,8.64%,1384315635,1481731,0.11%,復華投信,復華全球原物料基金
復華全球原物料基金,3,SinoPac Securities (Asia),1342646,7.83%,1153220849,1342646,0.12%,復華投信,復華全球原物料基金
復華全球原物料基金,4,國泰綜合證券,1188649,6.93%,1041379978,1188649,0.11%,復華投信,復華全球原物料基金
復華全球原物料基金,5,JEFFERIES & CO.,1242583,7.25%,996202310,1242583,0.12%,復華投信,復華全球原物料基金
復華大中華中小策略基金,1,國泰綜合證券,458331,13.82%,456356894,458331,0.10%,復華投信,復華大中華中小策略基金
復華大中華中小策略基金,2,元大證券,441432,13.32%,440097058,441432,0.10%,復華投信,復華大中華中小策略基金
復華大中華中小策略基金,3,玉山綜合證券,381587,11.51%,381631500,381587,0.10%,復華投信,復華大中華中小策略基金
復華大中華中小策略基金,4,富邦證券,312506,9.43%,308180864,312506,0.10%,復華投信,復華大中華中小策略基金
復華大中華中小策略基金,5,永豐金證券,269704,8.14%,269739200,269704,0.10%,復華投信,復華大中華中小策略基金
復華東協世紀基金,1,富邦證券,96417,11.87%,84942209,96417,0.11%,復華投信,復華東協世紀基金
復華東協世紀基金,2,國泰綜合證券,111807,13.76%,70200641,111807,0.16%,復華投信,復華東協世紀基金
復華東協世紀基金,3,大和國泰證券,75246,9.26%,69297354,75246,0.11%,復華投信,復華東協世紀基金
復華東協世紀基金,4,SinoPac Securities (Asia),64216,7.90%,61727774,64216,0.10%,復華投信,復華東協世紀基金
復華東協世紀基金,5,JEFFERIES & CO.,60535,7.45%,55811600,60535,0.11%,復華投信,復華東協世紀基金
復華滬深300 A股基金,1,CITICS 香港中信証券,121965,59.32%,152455938,121965,0.08%,復華投信,復華滬深300 A股基金
復華滬深300 A股基金,2,CICC,39568,19.24%,39568361,39568,0.10%,復華投信,復華滬深300 A股基金
復華滬深300 A股基金,3,CITIGROUP,24642,11.99%,24642252,24642,0.10%,復華投信,復華滬深300 A股基金
復華滬深300 A股基金,4,QFII 國泰君安證券,13944,6.78%,13943642,13944,0.10%,復華投信,復華滬深300 A股基金
復華滬深300 A股基金,5,Instinet Pacific Ltd,5487,2.67%,5486456,5487,0.10%,復華投信,復華滬深300 A股基金
復華全球消費基金,1,SinoPac Securities (Asia),193247,14.29%,178037089,193247,0.11%,復華投信,復華全球消費基金
復華全球消費基金,2,美林證券,132404,9.79%,123398290,132404,0.11%,復華投信,復華全球消費基金
復華全球消費基金,3,Goldman Sachs International,19867,1.47%,120367100,19867,0.02%,復華投信,復華全球消費基金
復華全球消費基金,4,JEFFERIES & CO.,118121,8.73%,98848502,118121,0.12%,復華投信,復華全球消費基金
復華全球消費基金,5,元大韓國,90763,6.71%,85872238,90763,0.11%,復華投信,復華全球消費基金
復華美國新星基金,1,SinoPac Securities (Asia),4087701,14.57%,3902465853,4087701,0.10%,復華投信,復華美國新星基金
復華美國新星基金,2,大和國泰證券,2673896,9.53%,2657209317,2673896,0.10%,復華投信,復華美國新星基金
復華美國新星基金,3,Goldman Sachs International,668080,2.38%,2460130980,668080,0.03%,復華投信,復華美國新星基金
復華美國新星基金,4,國泰綜合證券,2315626,8.25%,2262467657,2315626,0.10%,復華投信,復華美國新星基金
復華美國新星基金,5,JEFFERIES & CO.,2155933,7.68%,2062591901,2155933,0.10%,復華投信,復華美國新星基金
復華中國新經濟平衡基金 (本基金有相當比重投資於非投資等級之高風險債券且基金之配息來源可能為本金),1,大和國泰證券,2976566,10.23%,2949212472,2976566,0.10%,復華投信,復華中國新經濟平衡基金
復華中國新經濟平衡基金 (本基金有相當比重投資於非投資等級之高風險債券且基金之配息來源可能為本金),2,富邦證券,2987380,10.27%,2923846387,2987380,0.10%,復華投信,復華中國新經濟平衡基金
復華中國新經濟平衡基金 (本基金有相當比重投資於非投資等級之高風險債券且基金之配息來源可能為本金),3,SinoPac Securities (Asia),2627659,9.03%,2462653517,2627659,0.11%,復華投信,復華中國新經濟平衡基金
復華中國新經濟平衡基金 (本基金有相當比重投資於非投資等級之高風險債券且基金之配息來源可能為本金),4,統一綜合證券,2338549,8.04%,2300634577,2338549,0.10%,復華投信,復華中國新經濟平衡基金
復華中國新經濟平衡基金 (本基金有相當比重投資於非投資等級之高風險債券且基金之配息來源可能為本金),5,興證國際,2078994,7.14%,2078994525,2078994,0.10%,復華投信,復華中國新經濟平衡基金
復華中國新經濟A股基金,1,國金證券,3176815,12.47%,3176815215,3176815,0.10%,復華投信,復華中國新經濟A股基金
復華中國新經濟A股基金,2,QFII興業證券,2815260,11.05%,2815188582,2815260,0.10%,復華投信,復華中國新經濟A股基金
復華中國新經濟A股基金,3,興證國際,2402948,9.43%,2402948108,2402948,0.10%,復華投信,復華中國新經濟A股基金
復華中國新經濟A股基金,4,CICC,1608071,6.31%,1608070296,1608071,0.10%,復華投信,復華中國新經濟A股基金
復華中國新經濟A股基金,5,GF Securities (Hong Kong),1531355,6.01%,1539344914,1531355,0.10%,復華投信,復華中國新經濟A股基金
復華全球物聯網科技基金,1,富邦證券,19436079,8.84%,18120813860,19436079,0.11%,復華投信,復華全球物聯網科技基金
復華全球物聯網科技基金,2,大和國泰證券,16027946,7.29%,15977608503,16027946,0.10%,復華投信,復華全球物聯網科技基金
復華全球物聯網科技基金,3,SinoPac Securities (Asia),15729562,7.15%,14808534282,15729562,0.11%,復華投信,復華全球物聯網科技基金
復華全球物聯網科技基金,4,國泰綜合證券,14929500,6.79%,14077035962,14929500,0.11%,復華投信,復華全球物聯網科技基金
復華全球物聯網科技基金,5,元大證券,12894031,5.86%,12867728062,12894031,0.10%,復華投信,復華全球物聯網科技基金
復華1至5年期非投資等級債券基金 (基金之配息來源可能為收益平準金),1,Jane Street Financial Limited,0,0.00%,0,0,0.00%,復華投信,復華1至5年期非投資等級債券基金
復華1至5年期非投資等級債券基金 (基金之配息來源可能為收益平準金),2,JEFFERIES & CO.,0,0.00%,0,0,0.00%,復華投信,復華1至5年期非投資等級債券基金
復華1至5年期非投資等級債券基金 (基金之配息來源可能為收益平準金),3,Susquehanna Financial Group， LLLP,0,0.00%,0,0,0.00%,復華投信,復華1至5年期非投資等級債券基金
復華1至5年期非投資等級債券基金 (基金之配息來源可能為收益平準金),4,Barclays Bank PLC LONDON,0,0.00%,0,0,0.00%,復華投信,復華1至5年期非投資等級債券基金
復華1至5年期非投資等級債券基金 (基金之配息來源可能為收益平準金),5,nan,0,0.00%,0,0,0.00%,復華投信,復華1至5年期非投資等級債券基金
復華富時不動產證券化基金 (基金之配息來源可能為收益平準金),1,SinoPac Securities (Asia),12211083,27.94%,12211081804,12211083,0.10%,復華投信,復華富時不動產證券化基金
復華富時不動產證券化基金 (基金之配息來源可能為收益平準金),2,國泰綜合證券,8077268,18.48%,8077267116,8077268,0.10%,復華投信,復華富時不動產證券化基金
復華富時不動產證券化基金 (基金之配息來源可能為收益平準金),3,兆豐證券,7261279,16.62%,7261277123,7261279,0.10%,復華投信,復華富時不動產證券化基金
復華富時不動產證券化基金 (基金之配息來源可能為收益平準金),4,台新證券,5112531,11.70%,5112532047,5112531,0.10%,復華投信,復華富時不動產證券化基金
復華富時不動產證券化基金 (基金之配息來源可能為收益平準金),5,華南永昌綜合證券,3278823,7.50%,3278822049,3278823,0.10%,復華投信,復華富時不動產證券化基金
復華新興市場10年期以上債券基金 (基金之配息來源可能為收益平準金),1,Jane Street Financial Limited,0,0.00%,0,0,0.00%,復華投信,復華新興市場10年期以上債券基金
復華新興市場10年期以上債券基金 (基金之配息來源可能為收益平準金),2,JEFFERIES & CO.,0,0.00%,0,0,0.00%,復華投信,復華新興市場10年期以上債券基金
復華新興市場10年期以上債券基金 (基金之配息來源可能為收益平準金),3,nan,0,0.00%,0,0,0.00%,復華投信,復華新興市場10年期以上債券基金
復華新興市場10年期以上債券基金 (基金之配息來源可能為收益平準金),4,nan,0,0.00%,0,0,0.00%,復華投信,復華新興市場10年期以上債券基金
復華新興市場10年期以上債券基金 (基金之配息來源可能為收益平準金),5,nan,0,0.00%,0,0,0.00%,復華投信,復華新興市場10年期以上債券基金
復華亞太平衡基金 (本基金有相當比重投資於非投資等級之高風險債券),1,國泰綜合證券,1930816,10.41%,1883525736,1930816,0.10%,復華投信,復華亞太平衡基金
復華亞太平衡基金 (本基金有相當比重投資於非投資等級之高風險債券),2,大和國泰證券,1385185,7.46%,1357848466,1385185,0.10%,復華投信,復華亞太平衡基金
復華亞太平衡基金 (本基金有相當比重投資於非投資等級之高風險債券),3,富邦證券,1405719,7.58%,1281169668,1405719,0.11%,復華投信,復華亞太平衡基金
復華亞太平衡基金 (本基金有相當比重投資於非投資等級之高風險債券),4,華南永昌綜合證券,1243647,6.70%,1204317344,1243647,0.10%,復華投信,復華亞太平衡基金
復華亞太平衡基金 (本基金有相當比重投資於非投資等級之高風險債券),5,凱基證券,1080975,5.83%,1080985248,1080975,0.10%,復華投信,復華亞太平衡基金
復華亞太成長基金,1,富邦證券,4793432,12.50%,4519781133,4793432,0.11%,復華投信,復華亞太成長基金
復華亞太成長基金,2,元大證券,3627180,9.46%,3651148784,3627180,0.10%,復華投信,復華亞太成長基金
復華亞太成長基金,3,華南永昌綜合證券,3316431,8.65%,3187784184,3316431,0.10%,復華投信,復華亞太成長基金
復華亞太成長基金,4,凱基證券,2905493,7.58%,2900362515,2905493,0.10%,復華投信,復華亞太成長基金
復華亞太成長基金,5,國泰綜合證券,2921883,7.62%,2848509270,2921883,0.10%,復華投信,復華亞太成長基金
復華亞太神龍科技基金,1,大和國泰證券,15573192,11.78%,15406778342,15573192,0.10%,復華投信,復華亞太神龍科技基金
復華亞太神龍科技基金,2,富邦證券,15759965,11.92%,14619589325,15759965,0.11%,復華投信,復華亞太神龍科技基金
復華亞太神龍科技基金,3,國泰綜合證券,12585295,9.52%,11991370195,12585295,0.10%,復華投信,復華亞太神龍科技基金
復華亞太神龍科技基金,4,SinoPac Securities (Asia),11767350,8.90%,11080926476,11767350,0.11%,復華投信,復華亞太神龍科技基金
復華亞太神龍科技基金,5,TD Cowen,1491834,1.13%,6810694599,1491834,0.02%,復華投信,復華亞太神龍科技基金
復華富時台灣高股息低波動基金 (基金之配息來源可能為收益平準金且本基金並無保證收益及配息),1,凱基證券,676164,25.21%,752433930,676164,0.09%,復華投信,復華富時台灣高股息低波動基金
復華富時台灣高股息低波動基金 (基金之配息來源可能為收益平準金且本基金並無保證收益及配息),2,元大證券,673999,25.13%,750059600,673999,0.09%,復華投信,復華富時台灣高股息低波動基金
復華富時台灣高股息低波動基金 (基金之配息來源可能為收益平準金且本基金並無保證收益及配息),3,群益金鼎證券,658738,24.56%,733089050,658738,0.09%,復華投信,復華富時台灣高股息低波動基金
復華富時台灣高股息低波動基金 (基金之配息來源可能為收益平準金且本基金並無保證收益及配息),4,台新證券,459210,17.12%,511285142,459210,0.09%,復華投信,復華富時台灣高股息低波動基金
復華富時台灣高股息低波動基金 (基金之配息來源可能為收益平準金且本基金並無保證收益及配息),5,新光證券,186399,6.95%,207279800,186399,0.09%,復華投信,復華富時台灣高股息低波動基金
復華15年期以上製藥業債券ETF基金 (基金之配息來源可能為收益平準金),1,Jane Street Financial Limited,0,0.00%,0,0,0.00%,復華投信,復華15年期以上製藥業債券ETF基金
復華15年期以上製藥業債券ETF基金 (基金之配息來源可能為收益平準金),2,nan,0,0.00%,0,0,0.00%,復華投信,復華15年期以上製藥業債券ETF基金
復華15年期以上製藥業債券ETF基金 (基金之配息來源可能為收益平準金),3,nan,0,0.00%,0,0,0.00%,復華投信,復華15年期以上製藥業債券ETF基金
復華15年期以上製藥業債券ETF基金 (基金之配息來源可能為收益平準金),4,nan,0,0.00%,0,0,0.00%,復華投信,復華15年期以上製藥業債券ETF基金
復華15年期以上製藥業債券ETF基金 (基金之配息來源可能為收益平準金),5,nan,0,0.00%,0,0,0.00%,復華投信,復華15年期以上製藥業債券ETF基金
復華15年期以上能源業債券ETF基金 (基金之配息來源可能為收益平準金),1,Susquehanna Financial Group， LLLP,0,0.00%,0,0,0.00%,復華投信,復華15年期以上能源業債券ETF基金
復華15年期以上能源業債券ETF基金 (基金之配息來源可能為收益平準金),2,Jane Street Financial Limited,0,0.00%,0,0,0.00%,復華投信,復華15年期以上能源業債券ETF基金
復華15年期以上能源業債券ETF基金 (基金之配息來源可能為收益平準金),3,nan,0,0.00%,0,0,0.00%,復華投信,復華15年期以上能源業債券ETF基金
復華15年期以上能源業債券ETF基金 (基金之配息來源可能為收益平準金),4,nan,0,0.00%,0,0,0.00%,復華投信,復華15年期以上能源業債券ETF基金
復華15年期以上能源業債券ETF基金 (基金之配息來源可能為收益平準金),5,nan,0,0.00%,0,0,0.00%,復華投信,復華15年期以上能源業債券ETF基金
復華新興市場企業債券ETF基金 (基金之配息來源可能為收益平準金),1,Jane Street Financial Limited,0,0.00%,0,0,0.00%,復華投信,復華新興市場企業債券ETF基金
復華新興市場企業債券ETF基金 (基金之配息來源可能為收益平準金),2,元大證券,0,0.00%,0,0,0.00%,復華投信,復華新興市場企業債券ETF基金
復華新興市場企業債券ETF基金 (基金之配息來源可能為收益平準金),3,nan,0,0.00%,0,0,0.00%,復華投信,復華新興市場企業債券ETF基金
復華新興市場企業債券ETF基金 (基金之配息來源可能為收益平準金),4,nan,0,0.00%,0,0,0.00%,復華投信,復華新興市場企業債券ETF基金
復華新興市場企業債券ETF基金 (基金之配息來源可能為收益平準金),5,nan,0,0.00%,0,0,0.00%,復華投信,復華新興市場企業債券ETF基金
復華高成長基金,1,永豐金證券,5868306,15.78%,5868335775,5868306,0.10%,復華投信,復華高成長基金
復華高成長基金,2,凱基證券,5018976,13.50%,5018980000,5018976,0.10%,復華投信,復華高成長基金
復華高成長基金,3,富邦證券,4794832,12.89%,4794855500,4794832,0.10%,復華投信,復華高成長基金
復華高成長基金,4,元大證券,4597438,12.36%,4597445500,4597438,0.10%,復華投信,復華高成長基金
復華高成長基金,5,統一綜合證券,3298716,8.87%,3298720000,3298716,0.10%,復華投信,復華高成長基金
復華美國20年期以上公債ETF基金 (基金之配息來源可能為收益平準金),1,Jane Street Financial Limited,0,0.00%,0,0,0.00%,復華投信,復華美國20年期以上公債ETF基金
復華美國20年期以上公債ETF基金 (基金之配息來源可能為收益平準金),2,凱基證券,0,0.00%,0,0,0.00%,復華投信,復華美國20年期以上公債ETF基金
復華美國20年期以上公債ETF基金 (基金之配息來源可能為收益平準金),3,Susquehanna Financial Group， LLLP,0,0.00%,0,0,0.00%,復華投信,復華美國20年期以上公債ETF基金
復華美國20年期以上公債ETF基金 (基金之配息來源可能為收益平準金),4,國泰綜合證券,0,0.00%,0,0,0.00%,復華投信,復華美國20年期以上公債ETF基金
復華美國20年期以上公債ETF基金 (基金之配息來源可能為收益平準金),5,nan,0,0.00%,0,0,0.00%,復華投信,復華美國20年期以上公債ETF基金
復華1至5年期美元特選信用債券ETF基金 (基金之配息來源可能為收益平準金),1,Jane Street Financial Limited,0,0.00%,0,0,0.00%,復華投信,復華1至5年期美元特選信用債券ETF基金
復華1至5年期美元特選信用債券ETF基金 (基金之配息來源可能為收益平準金),2,JEFFERIES & CO.,0,0.00%,0,0,0.00%,復華投信,復華1至5年期美元特選信用債券ETF基金
復華1至5年期美元特選信用債券ETF基金 (基金之配息來源可能為收益平準金),3,Barclays Bank PLC LONDON,0,0.00%,0,0,0.00%,復華投信,復華1至5年期美元特選信用債券ETF基金
復華1至5年期美元特選信用債券ETF基金 (基金之配息來源可能為收益平準金),4,nan,0,0.00%,0,0,0.00%,復華投信,復華1至5年期美元特選信用債券ETF基金
復華1至5年期美元特選信用債券ETF基金 (基金之配息來源可能為收益平準金),5,nan,0,0.00%,0,0,0.00%,復華投信,復華1至5年期美元特選信用債券ETF基金
復華20年期以上A3級以上公司債券ETF基金 (基金之配息來源可能為收益平準金),1,Jane Street Financial Limited,0,0.00%,0,0,0.00%,復華投信,復華20年期以上A3級以上公司債券ETF基金
復華20年期以上A3級以上公司債券ETF基金 (基金之配息來源可能為收益平準金),2,Susquehanna Financial Group， LLLP,0,0.00%,0,0,0.00%,復華投信,復華20年期以上A3級以上公司債券ETF基金
復華20年期以上A3級以上公司債券ETF基金 (基金之配息來源可能為收益平準金),3,CITIGROUP,0,0.00%,0,0,0.00%,復華投信,復華20年期以上A3級以上公司債券ETF基金
復華20年期以上A3級以上公司債券ETF基金 (基金之配息來源可能為收益平準金),4,摩根大通證券,0,0.00%,0,0,0.00%,復華投信,復華20年期以上A3級以上公司債券ETF基金
復華20年期以上A3級以上公司債券ETF基金 (基金之配息來源可能為收益平準金),5,元大證券,0,0.00%,0,0,0.00%,復華投信,復華20年期以上A3級以上公司債券ETF基金
復華美元非投資等級債券指數基金 (基金之配息來源可能為本金),1,Jane Street Financial Limited,0,0.00%,0,0,0.00%,復華投信,復華美元非投資等級債券指數基金
復華美元非投資等級債券指數基金 (基金之配息來源可能為本金),2,Susquehanna Financial Group， LLLP,0,0.00%,0,0,0.00%,復華投信,復華美元非投資等級債券指數基金
復華美元非投資等級債券指數基金 (基金之配息來源可能為本金),3,JEFFERIES & CO.,0,0.00%,0,0,0.00%,復華投信,復華美元非投資等級債券指數基金
復華美元非投資等級債券指數基金 (基金之配息來源可能為本金),4,Barclays Bank PLC LONDON,0,0.00%,0,0,0.00%,復華投信,復華美元非投資等級債券指數基金
復華美元非投資等級債券指數基金 (基金之配息來源可能為本金),5,nan,0,0.00%,0,0,0.00%,復華投信,復華美元非投資等級債券指數基金
復華5至10年期投資等級債券指數基金,1,Jane Street Financial Limited,0,0.00%,0,0,0.00%,復華投信,復華5至10年期投資等級債券指數基金
復華5至10年期投資等級債券指數基金,2,Susquehanna Financial Group， LLLP,0,0.00%,0,0,0.00%,復華投信,復華5至10年期投資等級債券指數基金
復華5至10年期投資等級債券指數基金,3,國泰綜合證券,0,0.00%,0,0,0.00%,復華投信,復華5至10年期投資等級債券指數基金
復華5至10年期投資等級債券指數基金,4,香港上海滙豐證券,0,0.00%,0,0,0.00%,復華投信,復華5至10年期投資等級債券指數基金
復華5至10年期投資等級債券指數基金,5,nan,0,0.00%,0,0,0.00%,復華投信,復華5至10年期投資等級債券指數基金
復華已開發國家300股票指數基金,1,SinoPac Securities (Asia),3307757,24.69%,3307757517,3307757,0.10%,復華投信,復華已開發國家300股票指數基金
復華已開發國家300股票指數基金,2,國泰綜合證券,3177197,23.72%,3097302568,3177197,0.10%,復華投信,復華已開發國家300股票指數基金
復華已開發國家300股票指數基金,3,富邦證券,2519714,18.81%,2519709821,2519714,0.10%,復華投信,復華已開發國家300股票指數基金
復華已開發國家300股票指數基金,4,台新證券,2003268,14.95%,1993161066,2003268,0.10%,復華投信,復華已開發國家300股票指數基金
復華已開發國家300股票指數基金,5,國票綜合證券,1565119,11.68%,1515678510,1565119,0.10%,復華投信,復華已開發國家300股票指數基金
復華美國標普500低波動指數基金,1,元大證券,199442,31.37%,249304192,199442,0.08%,復華投信,復華美國標普500低波動指數基金
復華美國標普500低波動指數基金,2,國票綜合證券,143034,22.49%,143031425,143034,0.10%,復華投信,復華美國標普500低波動指數基金
復華美國標普500低波動指數基金,3,國泰綜合證券,142164,22.36%,142164130,142164,0.10%,復華投信,復華美國標普500低波動指數基金
復華美國標普500低波動指數基金,4,SinoPac Securities (Asia),140391,22.08%,140395345,140391,0.10%,復華投信,復華美國標普500低波動指數基金
復華美國標普500低波動指數基金,5,BTIG,1601,0.25%,16292042,1601,0.01%,復華投信,復華美國標普500低波動指數基金
復華新興亞洲3至10年期美元債券指數基金 (本基金有相當比重投資於非投資等級之高風險債券),1,Jane Street Financial Limited,0,0.00%,0,0,0.00%,復華投信,復華新興亞洲3至10年期美元債券指數基金
復華新興亞洲3至10年期美元債券指數基金 (本基金有相當比重投資於非投資等級之高風險債券),2,香港上海滙豐證券,0,0.00%,0,0,0.00%,復華投信,復華新興亞洲3至10年期美元債券指數基金
復華新興亞洲3至10年期美元債券指數基金 (本基金有相當比重投資於非投資等級之高風險債券),3,Barclays Bank PLC LONDON,0,0.00%,0,0,0.00%,復華投信,復華新興亞洲3至10年期美元債券指數基金
復華新興亞洲3至10年期美元債券指數基金 (本基金有相當比重投資於非投資等級之高風險債券),4,nan,0,0.00%,0,0,0.00%,復華投信,復華新興亞洲3至10年期美元債券指數基金
復華新興亞洲3至10年期美元債券指數基金 (本基金有相當比重投資於非投資等級之高風險債券),5,nan,0,0.00%,0,0,0.00%,復華投信,復華新興亞洲3至10年期美元債券指數基金
復華新興市場3年期以上美元主權及類主權債券指數基金 (本基金有相當比重投資於非投資等級之高風險債券),1,Jane Street Financial Limited,0,0.00%,0,0,0.00%,復華投信,復華新興市場3年期以上美元主權及類主權債券指數基金
復華新興市場3年期以上美元主權及類主權債券指數基金 (本基金有相當比重投資於非投資等級之高風險債券),2,元大證券,0,0.00%,0,0,0.00%,復華投信,復華新興市場3年期以上美元主權及類主權債券指數基金
復華新興市場3年期以上美元主權及類主權債券指數基金 (本基金有相當比重投資於非投資等級之高風險債券),3,nan,0,0.00%,0,0,0.00%,復華投信,復華新興市場3年期以上美元主權及類主權債券指數基金
復華新興市場3年期以上美元主權及類主權債券指數基金 (本基金有相當比重投資於非投資等級之高風險債券),4,nan,0,0.00%,0,0,0.00%,復華投信,復華新興市場3年期以上美元主權及類主權債券指數基金
復華新興市場3年期以上美元主權及類主權債券指數基金 (本基金有相當比重投資於非投資等級之高風險債券),5,nan,0,0.00%,0,0,0.00%,復華投信,復華新興市場3年期以上美元主權及類主權債券指數基金
復華中國5G通信ETF基金,1,CICC,709546,18.48%,709545139,709546,0.10%,復華投信,復華中國5G通信ETF基金
復華中國5G通信ETF基金,2,TFI Securities and Futures Limited.,692398,18.04%,692397181,692398,0.10%,復華投信,復華中國5G通信ETF基金
復華中國5G通信ETF基金,3,興證國際,684952,17.84%,684951594,684952,0.10%,復華投信,復華中國5G通信ETF基金
復華中國5G通信ETF基金,4,CITICS 香港中信証券,531620,13.85%,664525225,531620,0.08%,復華投信,復華中國5G通信ETF基金
復華中國5G通信ETF基金,5,JEFFERIES & CO.,545963,14.22%,545963100,545963,0.10%,復華投信,復華中國5G通信ETF基金
復華復華基金,1,永豐金證券,4535052,15.21%,4535103000,4535052,0.10%,復華投信,復華復華基金
復華復華基金,2,富邦證券,3251288,10.90%,3251290000,3251288,0.10%,復華投信,復華復華基金
復華復華基金,3,凱基證券,3147744,10.55%,3147775450,3147744,0.10%,復華投信,復華復華基金
復華復華基金,4,群益金鼎證券,2974551,9.97%,2974614100,2974551,0.10%,復華投信,復華復華基金
復華復華基金,5,統一綜合證券,2925260,9.81%,2925298050,2925260,0.10%,復華投信,復華復華基金
復華台灣好收益基金,1,凱基證券,2119267,12.18%,2119303000,2119267,0.10%,復華投信,復華台灣好收益基金
復華台灣好收益基金,2,富邦證券,2024867,11.64%,2025053700,2024867,0.10%,復華投信,復華台灣好收益基金
復華台灣好收益基金,3,永豐金證券,1967725,11.31%,1967775500,1967725,0.10%,復華投信,復華台灣好收益基金
復華台灣好收益基金,4,元大證券,1934457,11.12%,1934548600,1934457,0.10%,復華投信,復華台灣好收益基金
復華台灣好收益基金,5,統一綜合證券,1787387,10.27%,1787495880,1787387,0.10%,復華投信,復華台灣好收益基金
復華美國標普500成長ETF基金,1,富邦證券,667794,19.53%,667792951,667794,0.10%,復華投信,復華美國標普500成長ETF基金
復華美國標普500成長ETF基金,2,SinoPac Securities (Asia),629109,18.40%,629109811,629109,0.10%,復華投信,復華美國標普500成長ETF基金
復華美國標普500成長ETF基金,3,國泰綜合證券,613842,17.95%,613841940,613842,0.10%,復華投信,復華美國標普500成長ETF基金
復華美國標普500成長ETF基金,4,兆豐證券,442440,12.94%,442444243,442440,0.10%,復華投信,復華美國標普500成長ETF基金
復華美國標普500成長ETF基金,5,華南永昌綜合證券,302313,8.84%,302313558,302313,0.10%,復華投信,復華美國標普500成長ETF基金
復華台灣科技優息ETF基金 (基金之配息來源可能為收益平準金且本基金並無保證收益及配息),1,元大證券,44520249,17.00%,49495106650,44520249,0.09%,復華投信,復華台灣科技優息ETF基金
復華台灣科技優息ETF基金 (基金之配息來源可能為收益平準金且本基金並無保證收益及配息),2,永豐金證券,44125039,16.85%,49055841600,44125039,0.09%,復華投信,復華台灣科技優息ETF基金
復華台灣科技優息ETF基金 (基金之配息來源可能為收益平準金且本基金並無保證收益及配息),3,富邦證券,42318780,16.16%,47047453650,42318780,0.09%,復華投信,復華台灣科技優息ETF基金
復華台灣科技優息ETF基金 (基金之配息來源可能為收益平準金且本基金並無保證收益及配息),4,凱基證券,41066886,15.68%,45661064150,41066886,0.09%,復華投信,復華台灣科技優息ETF基金
復華台灣科技優息ETF基金 (基金之配息來源可能為收益平準金且本基金並無保證收益及配息),5,群益金鼎證券,33601538,12.83%,37361892850,33601538,0.09%,復華投信,復華台灣科技優息ETF基金
復華台灣科技高股息基金 (基金之配息來源可能為本金及收益平準金且本基金並無保證收益及配息),1,永豐金證券,1694439,14.91%,1694826300,1694439,0.10%,復華投信,復華台灣科技高股息基金
復華台灣科技高股息基金 (基金之配息來源可能為本金及收益平準金且本基金並無保證收益及配息),2,群益金鼎證券,1572796,13.84%,1572979300,1572796,0.10%,復華投信,復華台灣科技高股息基金
復華台灣科技高股息基金 (基金之配息來源可能為本金及收益平準金且本基金並無保證收益及配息),3,犇亞證券,1505739,13.25%,1506128600,1505739,0.10%,復華投信,復華台灣科技高股息基金
復華台灣科技高股息基金 (基金之配息來源可能為本金及收益平準金且本基金並無保證收益及配息),4,元大證券,1336091,11.76%,1336288800,1336091,0.10%,復華投信,復華台灣科技高股息基金
復華台灣科技高股息基金 (基金之配息來源可能為本金及收益平準金且本基金並無保證收益及配息),5,凱基證券,1235167,10.87%,1235654700,1235167,0.10%,復華投信,復華台灣科技高股息基金
復華日本護城河優勢龍頭企業ETF基金,1,SinoPac Securities (Asia),406331,18.11%,406340052,406331,0.10%,復華投信,復華日本護城河優勢龍頭企業ETF基金
復華日本護城河優勢龍頭企業ETF基金,2,統一綜合證券,391649,17.45%,326373289,391649,0.12%,復華投信,復華日本護城河優勢龍頭企業ETF基金
復華日本護城河優勢龍頭企業ETF基金,3,華南永昌綜合證券,332337,14.81%,276947484,332337,0.12%,復華投信,復華日本護城河優勢龍頭企業ETF基金
復華日本護城河優勢龍頭企業ETF基金,4,群益金鼎證券,271961,12.12%,271958873,271961,0.10%,復華投信,復華日本護城河優勢龍頭企業ETF基金
復華日本護城河優勢龍頭企業ETF基金,5,台新證券,311931,13.90%,259946738,311931,0.12%,復華投信,復華日本護城河優勢龍頭企業ETF基金
復華全球平衡基金 (本基金有相當比重投資於非投資等級之高風險債券),1,統一綜合證券,25409365,9.49%,24803118728,25409365,0.10%,復華投信,復華全球平衡基金
復華全球平衡基金 (本基金有相當比重投資於非投資等級之高風險債券),2,富邦證券,25876061,9.66%,23158667873,25876061,0.11%,復華投信,復華全球平衡基金
復華全球平衡基金 (本基金有相當比重投資於非投資等級之高風險債券),3,SinoPac Securities (Asia),23447472,8.75%,21643356744,23447472,0.11%,復華投信,復華全球平衡基金
復華全球平衡基金 (本基金有相當比重投資於非投資等級之高風險債券),4,國泰綜合證券,22050702,8.23%,20721595614,22050702,0.11%,復華投信,復華全球平衡基金
復華全球平衡基金 (本基金有相當比重投資於非投資等級之高風險債券),5,華南永昌綜合證券,20222233,7.55%,18660230925,20222233,0.11%,復華投信,復華全球平衡基金
復華神盾基金,1,凱基證券,2206694,16.66%,2206734375,2206694,0.10%,復華投信,復華神盾基金
復華神盾基金,2,富邦證券,1979709,14.94%,1979744000,1979709,0.10%,復華投信,復華神盾基金
復華神盾基金,3,群益金鼎證券,1962646,14.82%,1962683250,1962646,0.10%,復華投信,復華神盾基金
復華神盾基金,4,永豐金證券,1392597,10.51%,1392629750,1392597,0.10%,復華投信,復華神盾基金
復華神盾基金,5,元大證券,1457111,11.00%,1189643121,1189611,0.10%,復華投信,復華神盾基金
永豐15年期以上ESG投資等級美元銀行債ETF基金 (本基金之配息來源可能為收益平準金),1,JaneStreet,0,0.00%,0,0,0.00%,永豐投信,永豐15年期以上ESG投資等級美元銀行債ETF基金
永豐15年期以上ESG投資等級美元銀行債ETF基金 (本基金之配息來源可能為收益平準金),2,永豐金證券,0,0.00%,0,0,0.00%,永豐投信,永豐15年期以上ESG投資等級美元銀行債ETF基金
永豐15年期以上ESG投資等級美元銀行債ETF基金 (本基金之配息來源可能為收益平準金),3,nan,0,0.00%,0,0,0.00%,永豐投信,永豐15年期以上ESG投資等級美元銀行債ETF基金
永豐15年期以上ESG投資等級美元銀行債ETF基金 (本基金之配息來源可能為收益平準金),4,nan,0,0.00%,0,0,0.00%,永豐投信,永豐15年期以上ESG投資等級美元銀行債ETF基金
永豐15年期以上ESG投資等級美元銀行債ETF基金 (本基金之配息來源可能為收益平準金),5,nan,0,0.00%,0,0,0.00%,永豐投信,永豐15年期以上ESG投資等級美元銀行債ETF基金
永豐台灣科技趨勢主動式ETF基金 (本基金之配息來源可能為收益平準金),1,永豐金證券,869957,26.32%,966827700,869957,0.09%,永豐投信,永豐台灣科技趨勢主動式ETF基金
永豐台灣科技趨勢主動式ETF基金 (本基金之配息來源可能為收益平準金),2,中信證券,668160,20.22%,742480000,668160,0.09%,永豐投信,永豐台灣科技趨勢主動式ETF基金
永豐台灣科技趨勢主動式ETF基金 (本基金之配息來源可能為收益平準金),3,群益金鼎證券,584056,17.67%,649046700,584056,0.09%,永豐投信,永豐台灣科技趨勢主動式ETF基金
永豐台灣科技趨勢主動式ETF基金 (本基金之配息來源可能為收益平準金),4,凱基證券,531431,16.08%,590528600,531431,0.09%,永豐投信,永豐台灣科技趨勢主動式ETF基金
永豐台灣科技趨勢主動式ETF基金 (本基金之配息來源可能為收益平準金),5,兆豐證券,522869,15.82%,581068400,522869,0.09%,永豐投信,永豐台灣科技趨勢主動式ETF基金
永豐中小基金,1,永豐金證券,1501801,29.03%,1501833744,1501801,0.10%,永豐投信,永豐中小基金
永豐中小基金,2,群益金鼎證券,719802,13.91%,719821300,719802,0.10%,永豐投信,永豐中小基金
永豐中小基金,3,國票綜合證券,447821,8.66%,447828100,447821,0.10%,永豐投信,永豐中小基金
永豐中小基金,4,元大證券,430567,8.32%,430572200,430567,0.10%,永豐投信,永豐中小基金
永豐中小基金,5,凱基證券,424698,8.21%,424707000,424698,0.10%,永豐投信,永豐中小基金
永豐趨勢平衡基金,1,永豐金證券,350910,27.25%,350924346,350910,0.10%,永豐投信,永豐趨勢平衡基金
永豐趨勢平衡基金,2,華南永昌綜合證券,119083,9.25%,119086190,119083,0.10%,永豐投信,永豐趨勢平衡基金
永豐趨勢平衡基金,3,群益金鼎證券,117234,9.10%,117244000,117234,0.10%,永豐投信,永豐趨勢平衡基金
永豐趨勢平衡基金,4,統一綜合證券,111538,8.66%,111548500,111538,0.10%,永豐投信,永豐趨勢平衡基金
永豐趨勢平衡基金,5,大和國泰證券,109641,8.51%,109647500,109641,0.10%,永豐投信,永豐趨勢平衡基金
永豐亞洲民生消費基金,1,永豐金證券,156575,25.15%,120725763,156575,0.13%,永豐投信,永豐亞洲民生消費基金
永豐亞洲民生消費基金,2,中信證券,83706,13.44%,69757610,83706,0.12%,永豐投信,永豐亞洲民生消費基金
永豐亞洲民生消費基金,3,國泰君安,54423,8.74%,54422123,54423,0.10%,永豐投信,永豐亞洲民生消費基金
永豐亞洲民生消費基金,4,大和(HK),65759,10.56%,43841326,65759,0.15%,永豐投信,永豐亞洲民生消費基金
永豐亞洲民生消費基金,5,申萬宏源證券,55355,8.89%,42945221,55355,0.13%,永豐投信,永豐亞洲民生消費基金
永豐臺灣加權ETF基金,1,永豐金證券,91484,38.05%,101958657,91484,0.09%,永豐投信,永豐臺灣加權ETF基金
永豐臺灣加權ETF基金,2,群益金鼎證券,55985,23.29%,62285750,55985,0.09%,永豐投信,永豐臺灣加權ETF基金
永豐臺灣加權ETF基金,3,統一綜合證券,36547,15.20%,41040940,36547,0.09%,永豐投信,永豐臺灣加權ETF基金
永豐臺灣加權ETF基金,4,國票綜合證券,28338,11.79%,31588850,28338,0.09%,永豐投信,永豐臺灣加權ETF基金
永豐臺灣加權ETF基金,5,凱基證券,28070,11.68%,31400175,28070,0.09%,永豐投信,永豐臺灣加權ETF基金
永豐中國經濟建設基金,1,永豐金證券,227854,18.65%,227936743,227854,0.10%,永豐投信,永豐中國經濟建設基金
永豐中國經濟建設基金,2,元大證券,169519,13.87%,131654727,169519,0.13%,永豐投信,永豐中國經濟建設基金
永豐中國經濟建設基金,3,中信證券,150265,12.30%,125220217,150265,0.12%,永豐投信,永豐中國經濟建設基金
永豐中國經濟建設基金,4,國信證券-QFII,91992,7.53%,114986504,91992,0.08%,永豐投信,永豐中國經濟建設基金
永豐中國經濟建設基金,5,國泰君安,100421,8.22%,100421599,100421,0.10%,永豐投信,永豐中國經濟建設基金
永豐滬深300紅利指數基金,1,申萬宏源證券,127640,44.68%,212716964,127640,0.06%,永豐投信,永豐滬深300紅利指數基金
永豐滬深300紅利指數基金,2,永豐金證券,70978,24.85%,88721861,70978,0.08%,永豐投信,永豐滬深300紅利指數基金
永豐滬深300紅利指數基金,3,興業證券-QFII,24069,8.43%,40115043,24069,0.06%,永豐投信,永豐滬深300紅利指數基金
永豐滬深300紅利指數基金,4,國泰君安,35264,12.34%,35264645,35264,0.10%,永豐投信,永豐滬深300紅利指數基金
永豐滬深300紅利指數基金,5,台新證券,27719,9.70%,34649249,27719,0.08%,永豐投信,永豐滬深300紅利指數基金
永豐主流品牌基金,1,永豐金證券,97499,29.80%,97501061,97499,0.10%,永豐投信,永豐主流品牌基金
永豐主流品牌基金,2,大和(HK),90276,27.60%,86222333,90276,0.10%,永豐投信,永豐主流品牌基金
永豐主流品牌基金,3,國泰綜合證券,64707,19.78%,62802067,64707,0.10%,永豐投信,永豐主流品牌基金
永豐主流品牌基金,4,台新證券,29767,9.10%,31710686,29767,0.09%,永豐投信,永豐主流品牌基金
永豐主流品牌基金,5,統一綜合證券,17683,5.41%,17683000,17683,0.10%,永豐投信,永豐主流品牌基金
永豐領航科技基金,1,永豐金證券,873423,28.36%,873481712,873423,0.10%,永豐投信,永豐領航科技基金
永豐領航科技基金,2,群益金鼎證券,396200,12.86%,396234400,396200,0.10%,永豐投信,永豐領航科技基金
永豐領航科技基金,3,華南永昌綜合證券,363540,11.80%,363574900,363540,0.10%,永豐投信,永豐領航科技基金
永豐領航科技基金,4,中信證券,352157,11.43%,352198100,352157,0.10%,永豐投信,永豐領航科技基金
永豐領航科技基金,5,凱基證券,339694,11.03%,339727100,339694,0.10%,永豐投信,永豐領航科技基金
永豐10年期以上美元A級公司債券ETF基金,1,永豐金證券,0,0.00%,0,0,0.00%,永豐投信,永豐10年期以上美元A級公司債券ETF基金
永豐10年期以上美元A級公司債券ETF基金,2,JaneStreet,0,0.00%,0,0,0.00%,永豐投信,永豐10年期以上美元A級公司債券ETF基金
永豐10年期以上美元A級公司債券ETF基金,3,元大證券,0,0.00%,0,0,0.00%,永豐投信,永豐10年期以上美元A級公司債券ETF基金
永豐10年期以上美元A級公司債券ETF基金,4,花旗環球證券,0,0.00%,0,0,0.00%,永豐投信,永豐10年期以上美元A級公司債券ETF基金
永豐10年期以上美元A級公司債券ETF基金,5,nan,0,0.00%,0,0,0.00%,永豐投信,永豐10年期以上美元A級公司債券ETF基金
永豐1至3年期美國公債ETF基金,1,永豐金證券,0,0.00%,0,0,0.00%,永豐投信,永豐1至3年期美國公債ETF基金
永豐1至3年期美國公債ETF基金,2,JaneStreet,0,0.00%,0,0,0.00%,永豐投信,永豐1至3年期美國公債ETF基金
永豐1至3年期美國公債ETF基金,3,元大證券,0,0.00%,0,0,0.00%,永豐投信,永豐1至3年期美國公債ETF基金
永豐1至3年期美國公債ETF基金,4,nan,0,0.00%,0,0,0.00%,永豐投信,永豐1至3年期美國公債ETF基金
永豐1至3年期美國公債ETF基金,5,nan,0,0.00%,0,0,0.00%,永豐投信,永豐1至3年期美國公債ETF基金
永豐20年期以上美國公債ETF基金,1,JaneStreet,0,0.00%,0,0,0.00%,永豐投信,永豐20年期以上美國公債ETF基金
永豐20年期以上美國公債ETF基金,2,永豐金證券,0,0.00%,0,0,0.00%,永豐投信,永豐20年期以上美國公債ETF基金
永豐20年期以上美國公債ETF基金,3,元大證券,0,0.00%,0,0,0.00%,永豐投信,永豐20年期以上美國公債ETF基金
永豐20年期以上美國公債ETF基金,4,中信證券,0,0.00%,0,0,0.00%,永豐投信,永豐20年期以上美國公債ETF基金
永豐20年期以上美國公債ETF基金,5,nan,0,0.00%,0,0,0.00%,永豐投信,永豐20年期以上美國公債ETF基金
永豐美國大型500股票ETF基金,1,永豐金證券,535702,29.47%,1071417596,535702,0.05%,永豐投信,永豐美國大型500股票ETF基金
永豐美國大型500股票ETF基金,2,國票綜合證券,514822,28.33%,1029650331,514822,0.05%,永豐投信,永豐美國大型500股票ETF基金
永豐美國大型500股票ETF基金,3,凱基證券,412714,22.71%,825451685,412714,0.05%,永豐投信,永豐美國大型500股票ETF基金
永豐美國大型500股票ETF基金,4,中信證券,354314,19.49%,708622720,354314,0.05%,永豐投信,永豐美國大型500股票ETF基金
永豐美國大型500股票ETF基金,5,nan,0,0.00%,0,0,0.00%,永豐投信,永豐美國大型500股票ETF基金
永豐臺灣ESG永續優選基金,1,永豐金證券,241043,26.12%,241181750,241043,0.10%,永豐投信,永豐臺灣ESG永續優選基金
永豐臺灣ESG永續優選基金,2,富邦證券,175103,18.97%,175186500,175103,0.10%,永豐投信,永豐臺灣ESG永續優選基金
永豐臺灣ESG永續優選基金,3,統一綜合證券,156073,16.91%,156155600,156073,0.10%,永豐投信,永豐臺灣ESG永續優選基金
永豐臺灣ESG永續優選基金,4,台新證券,150343,16.29%,150420200,150343,0.10%,永豐投信,永豐臺灣ESG永續優選基金
永豐臺灣ESG永續優選基金,5,凱基證券,134602,14.58%,134733650,134602,0.10%,永豐投信,永豐臺灣ESG永續優選基金
永豐永豐基金,1,永豐金證券,2091036,28.20%,2091088392,2091036,0.10%,永豐投信,永豐永豐基金
永豐永豐基金,2,中信證券,655679,8.84%,655758650,655679,0.10%,永豐投信,永豐永豐基金
永豐永豐基金,3,凱基證券,628706,8.48%,628727900,628706,0.10%,永豐投信,永豐永豐基金
永豐永豐基金,4,國票綜合證券,622230,8.39%,622251450,622230,0.10%,永豐投信,永豐永豐基金
永豐永豐基金,5,福邦證券,547824,7.39%,547847800,547824,0.10%,永豐投信,永豐永豐基金
永豐中國科技50大ETF基金,1,永豐金證券,1902017,32.55%,2377519144,1902017,0.08%,永豐投信,永豐中國科技50大ETF基金
永豐中國科技50大ETF基金,2,統一綜合證券,1442222,24.68%,1802787391,1442222,0.08%,永豐投信,永豐中國科技50大ETF基金
永豐中國科技50大ETF基金,3,群益金鼎證券,831859,14.23%,1039806621,831859,0.08%,永豐投信,永豐中國科技50大ETF基金
永豐中國科技50大ETF基金,4,凱基證券,726525,12.43%,908161628,726525,0.08%,永豐投信,永豐中國科技50大ETF基金
永豐中國科技50大ETF基金,5,中信證券,707622,12.11%,884524382,707622,0.08%,永豐投信,永豐中國科技50大ETF基金
永豐台灣ESG永續優質ETF基金,1,永豐金證券,4764459,25.25%,5298490811,4764459,0.09%,永豐投信,永豐台灣ESG永續優質ETF基金
永豐台灣ESG永續優質ETF基金,2,群益金鼎證券,3613979,19.16%,4016780187,3613979,0.09%,永豐投信,永豐台灣ESG永續優質ETF基金
永豐台灣ESG永續優質ETF基金,3,國票綜合證券,2486610,13.18%,2763810549,2486610,0.09%,永豐投信,永豐台灣ESG永續優質ETF基金
永豐台灣ESG永續優質ETF基金,4,凱基證券,2377064,12.60%,2643427278,2377064,0.09%,永豐投信,永豐台灣ESG永續優質ETF基金
永豐台灣ESG永續優質ETF基金,5,中信證券,2294283,12.16%,2550279749,2294283,0.09%,永豐投信,永豐台灣ESG永續優質ETF基金
永豐美國科技ETF基金,1,群益金鼎證券,67417,57.20%,134836532,67417,0.05%,永豐投信,永豐美國科技ETF基金
永豐美國科技ETF基金,2,國票綜合證券,50368,42.73%,100737552,50368,0.05%,永豐投信,永豐美國科技ETF基金
永豐美國科技ETF基金,3,永豐金證券,79,0.07%,157506,79,0.05%,永豐投信,永豐美國科技ETF基金
永豐美國科技ETF基金,4,nan,0,0.00%,0,0,0.00%,永豐投信,永豐美國科技ETF基金
永豐美國科技ETF基金,5,nan,0,0.00%,0,0,0.00%,永豐投信,永豐美國科技ETF基金
永豐台灣智能車供應鏈ETF基金,1,永豐金證券,350239,27.60%,389587049,350239,0.09%,永豐投信,永豐台灣智能車供應鏈ETF基金
永豐台灣智能車供應鏈ETF基金,2,統一綜合證券,333781,26.30%,371269355,333781,0.09%,永豐投信,永豐台灣智能車供應鏈ETF基金
永豐台灣智能車供應鏈ETF基金,3,國票綜合證券,325179,25.63%,361547391,325179,0.09%,永豐投信,永豐台灣智能車供應鏈ETF基金
永豐台灣智能車供應鏈ETF基金,4,群益金鼎證券,95303,7.51%,106074530,95303,0.09%,永豐投信,永豐台灣智能車供應鏈ETF基金
永豐台灣智能車供應鏈ETF基金,5,中信證券,87942,6.93%,97910264,87942,0.09%,永豐投信,永豐台灣智能車供應鏈ETF基金
永豐台灣優選入息存股ETF基金,1,永豐金證券,596512,22.04%,665414355,596512,0.09%,永豐投信,永豐台灣優選入息存股ETF基金
永豐台灣優選入息存股ETF基金,2,凱基證券,546200,20.18%,608057215,546200,0.09%,永豐投信,永豐台灣優選入息存股ETF基金
永豐台灣優選入息存股ETF基金,3,群益金鼎證券,487230,18.00%,541826709,487230,0.09%,永豐投信,永豐台灣優選入息存股ETF基金
永豐台灣優選入息存股ETF基金,4,中信證券,481572,17.79%,535732036,481572,0.09%,永豐投信,永豐台灣優選入息存股ETF基金
永豐台灣優選入息存股ETF基金,5,兆豐證券,187366,6.92%,210287148,187366,0.09%,永豐投信,永豐台灣優選入息存股ETF基金
永豐ESG全球數位基礎建設基金 (本基金配息來源可能為本金),1,大和(HK),68581,21.70%,57315880,68581,0.12%,永豐投信,永豐ESG全球數位基礎建設基金
永豐ESG全球數位基礎建設基金 (本基金配息來源可能為本金),2,國票綜合證券,46911,14.85%,51125106,46911,0.09%,永豐投信,永豐ESG全球數位基礎建設基金
永豐ESG全球數位基礎建設基金 (本基金配息來源可能為本金),3,元大證券,58681,18.57%,49595198,58681,0.12%,永豐投信,永豐ESG全球數位基礎建設基金
永豐ESG全球數位基礎建設基金 (本基金配息來源可能為本金),4,永豐金證券,58171,18.41%,46944903,58171,0.12%,永豐投信,永豐ESG全球數位基礎建設基金
永豐ESG全球數位基礎建設基金 (本基金配息來源可能為本金),5,中信證券,48408,15.32%,41290713,48408,0.12%,永豐投信,永豐ESG全球數位基礎建設基金
永豐台灣ESG低碳高息40ETF基金,1,永豐金證券,1449908,19.63%,1615853487,1449908,0.09%,永豐投信,永豐台灣ESG低碳高息40ETF基金
永豐台灣ESG低碳高息40ETF基金,2,國票綜合證券,1398790,18.93%,1557163407,1398790,0.09%,永豐投信,永豐台灣ESG低碳高息40ETF基金
永豐台灣ESG低碳高息40ETF基金,3,中信證券,1170969,15.85%,1302066209,1170969,0.09%,永豐投信,永豐台灣ESG低碳高息40ETF基金
永豐台灣ESG低碳高息40ETF基金,4,兆豐證券,1164693,15.77%,1296487827,1164693,0.09%,永豐投信,永豐台灣ESG低碳高息40ETF基金
永豐台灣ESG低碳高息40ETF基金,5,華南永昌綜合證券,941549,12.74%,1048731400,941549,0.09%,永豐投信,永豐台灣ESG低碳高息40ETF基金
永豐創新醫療多重資產基金 (本基金有相當比重投資於非投資等級之高風險債券且配息來源可能為本金),1,國票綜合證券,98875,17.16%,109861390,98875,0.09%,永豐投信,永豐創新醫療多重資產基金
永豐創新醫療多重資產基金 (本基金有相當比重投資於非投資等級之高風險債券且配息來源可能為本金),2,兆豐證券,62382,10.83%,103971527,62382,0.06%,永豐投信,永豐創新醫療多重資產基金
永豐創新醫療多重資產基金 (本基金有相當比重投資於非投資等級之高風險債券且配息來源可能為本金),3,永豐金證券,99559,17.28%,98104101,99559,0.10%,永豐投信,永豐創新醫療多重資產基金
永豐創新醫療多重資產基金 (本基金有相當比重投資於非投資等級之高風險債券且配息來源可能為本金),4,元大證券,86717,15.05%,84267090,86717,0.10%,永豐投信,永豐創新醫療多重資產基金
永豐創新醫療多重資產基金 (本基金有相當比重投資於非投資等級之高風險債券且配息來源可能為本金),5,中信證券,48146,8.36%,48156307,48146,0.10%,永豐投信,永豐創新醫療多重資產基金
中國信託日經高股息50 ETF基金 (本子基金之配息來源可能為收益平準金且基金並無保證收益及配息),1,元大證券,75903,16.66%,75898571,75903,0.10%,中國信託投信,中國信託日經高股息50 ETF基金 (本子基金之配息來源可能為收益平準金且基金
中國信託日經高股息50 ETF基金 (本子基金之配息來源可能為收益平準金且基金並無保證收益及配息),2,凱基證券,63766,13.99%,63762887,63766,0.10%,中國信託投信,中國信託日經高股息50 ETF基金 (本子基金之配息來源可能為收益平準金且基金
中國信託日經高股息50 ETF基金 (本子基金之配息來源可能為收益平準金且基金並無保證收益及配息),3,兆豐證券,50372,11.05%,50374350,50372,0.10%,中國信託投信,中國信託日經高股息50 ETF基金 (本子基金之配息來源可能為收益平準金且基金
中國信託日經高股息50 ETF基金 (本子基金之配息來源可能為收益平準金且基金並無保證收益及配息),4,群益金鼎證券,48292,10.60%,48291954,48292,0.10%,中國信託投信,中國信託日經高股息50 ETF基金 (本子基金之配息來源可能為收益平準金且基金
中國信託日經高股息50 ETF基金 (本子基金之配息來源可能為收益平準金且基金並無保證收益及配息),5,富邦證券,37367,8.20%,37364401,37367,0.10%,中國信託投信,中國信託日經高股息50 ETF基金 (本子基金之配息來源可能為收益平準金且基金
中國信託日本商社及批發ETF基金,1,中信證券,1762563,20.44%,1762607363,1762563,0.10%,中國信託投信,中國信託日本商社及批發ETF基金
中國信託日本商社及批發ETF基金,2,富邦證券,905615,10.50%,905608291,905615,0.10%,中國信託投信,中國信託日本商社及批發ETF基金
中國信託日本商社及批發ETF基金,3,元大證券,849101,9.85%,849098328,849101,0.10%,中國信託投信,中國信託日本商社及批發ETF基金
中國信託日本商社及批發ETF基金,4,華南永昌綜合證券,826679,9.59%,826671286,826679,0.10%,中國信託投信,中國信託日本商社及批發ETF基金
中國信託日本商社及批發ETF基金,5,凱基證券,812817,9.43%,812820745,812817,0.10%,中國信託投信,中國信託日本商社及批發ETF基金
中國信託日本半導體ETF基金,1,中信證券,759800,23.48%,759824041,759800,0.10%,中國信託投信,中國信託日本半導體ETF基金
中國信託日本半導體ETF基金,2,群益金鼎證券,489513,15.13%,489510577,489513,0.10%,中國信託投信,中國信託日本半導體ETF基金
中國信託日本半導體ETF基金,3,元大證券,340336,10.52%,340326535,340336,0.10%,中國信託投信,中國信託日本半導體ETF基金
中國信託日本半導體ETF基金,4,國泰綜合證券,310973,9.61%,310974583,310973,0.10%,中國信託投信,中國信託日本半導體ETF基金
中國信託日本半導體ETF基金,5,凱基證券,302994,9.36%,302987161,302994,0.10%,中國信託投信,中國信託日本半導體ETF基金
中國信託亞太高股息ETF基金 (本子基金之配息來源可能為收益平準金且基金並無保證收益及配息),1,中信證券,338019,12.45%,420723705,338019,0.08%,中國信託投信,中國信託亞太高股息ETF基金 (本子基金之配息來源可能為收益平準金且基金
中國信託亞太高股息ETF基金 (本子基金之配息來源可能為收益平準金且基金並無保證收益及配息),2,國泰綜合證券,252138,9.29%,310023265,252138,0.08%,中國信託投信,中國信託亞太高股息ETF基金 (本子基金之配息來源可能為收益平準金且基金
中國信託亞太高股息ETF基金 (本子基金之配息來源可能為收益平準金且基金並無保證收益及配息),3,永豐金證券,258973,9.54%,252965721,258973,0.10%,中國信託投信,中國信託亞太高股息ETF基金 (本子基金之配息來源可能為收益平準金且基金
中國信託亞太高股息ETF基金 (本子基金之配息來源可能為收益平準金且基金並無保證收益及配息),4,富邦證券,249516,9.19%,246727711,249516,0.10%,中國信託投信,中國信託亞太高股息ETF基金 (本子基金之配息來源可能為收益平準金且基金
中國信託亞太高股息ETF基金 (本子基金之配息來源可能為收益平準金且基金並無保證收益及配息),5,Daiwa Capital Markets Hong Kong Limited,244867,9.02%,221724235,244867,0.11%,中國信託投信,中國信託亞太高股息ETF基金 (本子基金之配息來源可能為收益平準金且基金
中國信託全球高股息ETF基金 (本子基金之配息來源可能為收益平準金且本子基金並無保證收益及配息),1,群益金鼎證券,306565,14.96%,382261734,306565,0.08%,中國信託投信,中國信託全球高股息ETF基金 (本子基金之配息來源可能為收益平準金且本子基金
中國信託全球高股息ETF基金 (本子基金之配息來源可能為收益平準金且本子基金並無保證收益及配息),2,中信證券,265903,12.97%,327594343,265903,0.08%,中國信託投信,中國信託全球高股息ETF基金 (本子基金之配息來源可能為收益平準金且本子基金
中國信託全球高股息ETF基金 (本子基金之配息來源可能為收益平準金且本子基金並無保證收益及配息),3,國泰綜合證券,233458,11.39%,288615784,233458,0.08%,中國信託投信,中國信託全球高股息ETF基金 (本子基金之配息來源可能為收益平準金且本子基金
中國信託全球高股息ETF基金 (本子基金之配息來源可能為收益平準金且本子基金並無保證收益及配息),4,元大證券,232229,11.33%,243211313,232229,0.10%,中國信託投信,中國信託全球高股息ETF基金 (本子基金之配息來源可能為收益平準金且本子基金
中國信託全球高股息ETF基金 (本子基金之配息來源可能為收益平準金且本子基金並無保證收益及配息),5,凱基證券,176883,8.63%,210625921,176883,0.08%,中國信託投信,中國信託全球高股息ETF基金 (本子基金之配息來源可能為收益平準金且本子基金
中國信託NASDAQ 100 ETF基金,1,中信證券,161780,17.58%,202215354,161780,0.08%,中國信託投信,中國信託NASDAQ 100 ETF基金
中國信託NASDAQ 100 ETF基金,2,國泰綜合證券,159582,17.34%,199463748,159582,0.08%,中國信託投信,中國信託NASDAQ 100 ETF基金
中國信託NASDAQ 100 ETF基金,3,群益金鼎證券,129458,14.07%,161821865,129458,0.08%,中國信託投信,中國信託NASDAQ 100 ETF基金
中國信託NASDAQ 100 ETF基金,4,凱基證券,128522,13.97%,160664939,128522,0.08%,中國信託投信,中國信託NASDAQ 100 ETF基金
中國信託NASDAQ 100 ETF基金,5,永豐金證券,114682,12.46%,143368619,114682,0.08%,中國信託投信,中國信託NASDAQ 100 ETF基金
中國信託美國創新科技ETF基金,1,中信證券,298710,20.56%,373371779,298710,0.08%,中國信託投信,中國信託美國創新科技ETF基金
中國信託美國創新科技ETF基金,2,國泰綜合證券,289709,19.94%,362136608,289709,0.08%,中國信託投信,中國信託美國創新科技ETF基金
中國信託美國創新科技ETF基金,3,富邦證券,210491,14.49%,263117683,210491,0.08%,中國信託投信,中國信託美國創新科技ETF基金
中國信託美國創新科技ETF基金,4,凱基證券,198453,13.66%,248073142,198453,0.08%,中國信託投信,中國信託美國創新科技ETF基金
中國信託美國創新科技ETF基金,5,永豐金證券,162981,11.22%,203729766,162981,0.08%,中國信託投信,中國信託美國創新科技ETF基金
中國信託美國聚焦成長基金,1,中信證券,338864,21.38%,423576257,338864,0.08%,中國信託投信,中國信託美國聚焦成長基金
中國信託美國聚焦成長基金,2,國泰綜合證券,232900,14.69%,291125771,232900,0.08%,中國信託投信,中國信託美國聚焦成長基金
中國信託美國聚焦成長基金,3,凱基證券,207143,13.07%,258922261,207143,0.08%,中國信託投信,中國信託美國聚焦成長基金
中國信託美國聚焦成長基金,4,兆豐證券,204022,12.87%,255031619,204022,0.08%,中國信託投信,中國信託美國聚焦成長基金
中國信託美國聚焦成長基金,5,元大證券,186094,11.74%,232620402,186094,0.08%,中國信託投信,中國信託美國聚焦成長基金
中國信託ARK創新主動式ETF基金,1,中信證券,858794,20.78%,1073500266,858794,0.08%,中國信託投信,中國信託ARK創新主動式ETF基金
中國信託ARK創新主動式ETF基金,2,國泰綜合證券,591158,14.31%,738946629,591158,0.08%,中國信託投信,中國信託ARK創新主動式ETF基金
中國信託ARK創新主動式ETF基金,3,富邦證券,547444,13.25%,684304257,547444,0.08%,中國信託投信,中國信託ARK創新主動式ETF基金
中國信託ARK創新主動式ETF基金,4,元大證券,521336,12.62%,651665150,521336,0.08%,中國信託投信,中國信託ARK創新主動式ETF基金
中國信託ARK創新主動式ETF基金,5,凱基證券,472770,11.44%,590961300,472770,0.08%,中國信託投信,中國信託ARK創新主動式ETF基金
中國信託價值策略非投資等級債券主動式ETF基金 (本子基金之配息來源可能為收益平準金並無保證收益及配息),1,Jane Street Financial Limited,0,0.00%,0,0,0.00%,中國信託投信,中國信託價值策略非投資等級債券主動式ETF基金
中國信託價值策略非投資等級債券主動式ETF基金 (本子基金之配息來源可能為收益平準金並無保證收益及配息),2,Susquehanna Financial Group， LLLP,0,0.00%,0,0,0.00%,中國信託投信,中國信託價值策略非投資等級債券主動式ETF基金
中國信託價值策略非投資等級債券主動式ETF基金 (本子基金之配息來源可能為收益平準金並無保證收益及配息),3,元大證券,0,0.00%,0,0,0.00%,中國信託投信,中國信託價值策略非投資等級債券主動式ETF基金
中國信託價值策略非投資等級債券主動式ETF基金 (本子基金之配息來源可能為收益平準金並無保證收益及配息),4,中信證券,0,0.00%,0,0,0.00%,中國信託投信,中國信託價值策略非投資等級債券主動式ETF基金
中國信託價值策略非投資等級債券主動式ETF基金 (本子基金之配息來源可能為收益平準金並無保證收益及配息),5,nan,0,0.00%,0,0,0.00%,中國信託投信,中國信託價值策略非投資等級債券主動式ETF基金
中國信託策略優利多重資產基金 (本基金有相當比重投資於非投資等級之高風險債券且基金配息來源可能為本金及基金並無保證收益及配息),1,中信證券,2083796,21.56%,2538819642,2083796,0.08%,中國信託投信,中國信託策略優利多重資產基金
中國信託策略優利多重資產基金 (本基金有相當比重投資於非投資等級之高風險債券且基金配息來源可能為本金及基金並無保證收益及配息),2,Jane Street Financial Limited,0,0.00%,0,0,0.00%,中國信託投信,中國信託策略優利多重資產基金
中國信託策略優利多重資產基金 (本基金有相當比重投資於非投資等級之高風險債券且基金配息來源可能為本金及基金並無保證收益及配息),3,State Street Corporation,625110,6.47%,2026350778,625110,0.03%,中國信託投信,中國信託策略優利多重資產基金
中國信託策略優利多重資產基金 (本基金有相當比重投資於非投資等級之高風險債券且基金配息來源可能為本金及基金並無保證收益及配息),4,富邦證券,1571131,16.25%,1963913885,1571131,0.08%,中國信託投信,中國信託策略優利多重資產基金
中國信託策略優利多重資產基金 (本基金有相當比重投資於非投資等級之高風險債券且基金配息來源可能為本金及基金並無保證收益及配息),5,元大證券,1327478,13.73%,1619319257,1327478,0.08%,中國信託投信,中國信託策略優利多重資產基金
中國信託台灣卓越成長主動式ETF基金,1,中信證券,1339317,17.14%,1675747350,1339317,0.08%,中國信託投信,中國信託台灣卓越成長主動式ETF基金
中國信託台灣卓越成長主動式ETF基金,2,國泰綜合證券,1007334,12.89%,1260504550,1007334,0.08%,中國信託投信,中國信託台灣卓越成長主動式ETF基金
中國信託台灣卓越成長主動式ETF基金,3,元大證券,969911,12.41%,1213322560,969911,0.08%,中國信託投信,中國信託台灣卓越成長主動式ETF基金
中國信託台灣卓越成長主動式ETF基金,4,兆豐證券,939581,12.02%,1174874500,939581,0.08%,中國信託投信,中國信託台灣卓越成長主動式ETF基金
中國信託台灣卓越成長主動式ETF基金,5,華南永昌綜合證券,832048,10.65%,1040790960,832048,0.08%,中國信託投信,中國信託台灣卓越成長主動式ETF基金
中國信託趨勢領袖多重資產基金 (本基金有相當比重投資於非投資等級之高風險債券且基金配息來源可能為本金),1,中信證券,1277535,21.91%,1596915190,1277535,0.08%,中國信託投信,中國信託趨勢領袖多重資產基金
中國信託趨勢領袖多重資產基金 (本基金有相當比重投資於非投資等級之高風險債券且基金配息來源可能為本金),2,富邦證券,1035995,17.77%,1294991342,1035995,0.08%,中國信託投信,中國信託趨勢領袖多重資產基金
中國信託趨勢領袖多重資產基金 (本基金有相當比重投資於非投資等級之高風險債券且基金配息來源可能為本金),3,國泰綜合證券,997005,17.10%,1246254611,997005,0.08%,中國信託投信,中國信託趨勢領袖多重資產基金
中國信託趨勢領袖多重資產基金 (本基金有相當比重投資於非投資等級之高風險債券且基金配息來源可能為本金),4,凱基證券,974026,16.70%,1217535895,974026,0.08%,中國信託投信,中國信託趨勢領袖多重資產基金
中國信託趨勢領袖多重資產基金 (本基金有相當比重投資於非投資等級之高風險債券且基金配息來源可能為本金),5,元大證券,762257,13.07%,952822513,762257,0.08%,中國信託投信,中國信託趨勢領袖多重資產基金
中國信託美國數據中心及電力ETF 基金,1,中信證券,2045444,20.19%,2556804910,2045444,0.08%,中國信託投信,中國信託美國數據中心及電力ETF 基金
中國信託美國數據中心及電力ETF 基金,2,國泰綜合證券,1495213,14.76%,1869017941,1495213,0.08%,中國信託投信,中國信託美國數據中心及電力ETF 基金
中國信託美國數據中心及電力ETF 基金,3,元大證券,1454381,14.36%,1817984912,1454381,0.08%,中國信託投信,中國信託美國數據中心及電力ETF 基金
中國信託美國數據中心及電力ETF 基金,4,凱基證券,1431056,14.13%,1788817163,1431056,0.08%,中國信託投信,中國信託美國數據中心及電力ETF 基金
中國信託美國數據中心及電力ETF 基金,5,富邦證券,1341698,13.24%,1677133358,1341698,0.08%,中國信託投信,中國信託美國數據中心及電力ETF 基金
中國信託台灣收益成長主動式ETF基金 (基金之配息來源可能為收益平準金且基金並無保證收益及配息),1,中信證券,3140265,14.29%,3926988700,3140265,0.08%,中國信託投信,中國信託台灣收益成長主動式ETF基金
中國信託台灣收益成長主動式ETF基金 (基金之配息來源可能為收益平準金且基金並無保證收益及配息),2,國泰綜合證券,2994538,13.63%,3743883400,2994538,0.08%,中國信託投信,中國信託台灣收益成長主動式ETF基金
中國信託台灣收益成長主動式ETF基金 (基金之配息來源可能為收益平準金且基金並無保證收益及配息),3,元大證券,2623266,11.94%,3279513000,2623266,0.08%,中國信託投信,中國信託台灣收益成長主動式ETF基金
中國信託台灣收益成長主動式ETF基金 (基金之配息來源可能為收益平準金且基金並無保證收益及配息),4,國票綜合證券,2034896,9.26%,2543864600,2034896,0.08%,中國信託投信,中國信託台灣收益成長主動式ETF基金
中國信託台灣收益成長主動式ETF基金 (基金之配息來源可能為收益平準金且基金並無保證收益及配息),5,兆豐證券,1977169,9.00%,2471673350,1977169,0.08%,中國信託投信,中國信託台灣收益成長主動式ETF基金
中國信託台日韓PCB ETF基金,1,中信證券,103099,35.01%,128924500,103099,0.08%,中國信託投信,中國信託台日韓PCB ETF基金
中國信託台日韓PCB ETF基金,2,永豐金證券,111294,37.79%,111293611,111294,0.10%,中國信託投信,中國信託台日韓PCB ETF基金
中國信託台日韓PCB ETF基金,3,國泰綜合證券,54343,18.45%,67932200,54343,0.08%,中國信託投信,中國信託台日韓PCB ETF基金
中國信託台日韓PCB ETF基金,4,富邦證券,25777,8.75%,25776426,25777,0.10%,中國信託投信,中國信託台日韓PCB ETF基金
中國信託台日韓PCB ETF基金,5,nan,0,0.00%,0,0,0.00%,中國信託投信,中國信託台日韓PCB ETF基金
中國信託樂齡收益平衡基金 (本基金有相當比重投資於非投資等級之高風險債券且本基金之配息來源可能為本金),1,中信證券,6486,21.03%,7621612,6486,0.09%,中國信託投信,中國信託樂齡收益平衡基金
中國信託樂齡收益平衡基金 (本基金有相當比重投資於非投資等級之高風險債券且本基金之配息來源可能為本金),2,Daiwa Capital Markets Hong Kong Limited,6044,19.60%,7554351,6044,0.08%,中國信託投信,中國信託樂齡收益平衡基金
中國信託樂齡收益平衡基金 (本基金有相當比重投資於非投資等級之高風險債券且本基金之配息來源可能為本金),3,國泰綜合證券,5694,18.46%,7118097,5694,0.08%,中國信託投信,中國信託樂齡收益平衡基金
中國信託樂齡收益平衡基金 (本基金有相當比重投資於非投資等級之高風險債券且本基金之配息來源可能為本金),4,State Street Corporation,143,0.46%,5795048,143,0.00%,中國信託投信,中國信託樂齡收益平衡基金
中國信託樂齡收益平衡基金 (本基金有相當比重投資於非投資等級之高風險債券且本基金之配息來源可能為本金),5,富邦證券,3989,12.93%,4986071,3989,0.08%,中國信託投信,中國信託樂齡收益平衡基金
中國信託台灣活力基金,1,中信證券,219600,18.05%,275113890,219600,0.08%,中國信託投信,中國信託台灣活力基金
中國信託台灣活力基金,2,國泰綜合證券,98882,8.13%,123820070,98882,0.08%,中國信託投信,中國信託台灣活力基金
中國信託台灣活力基金,3,大和國泰證券,95684,7.86%,119858250,95684,0.08%,中國信託投信,中國信託台灣活力基金
中國信託台灣活力基金,4,統一綜合證券,91201,7.49%,114082350,91201,0.08%,中國信託投信,中國信託台灣活力基金
中國信託台灣活力基金,5,群益金鼎證券,87250,7.17%,109274500,87250,0.08%,中國信託投信,中國信託台灣活力基金
中國信託智慧城市建設基金,1,中信證券,107082,25.23%,118670470,107082,0.09%,中國信託投信,中國信託智慧城市建設基金
中國信託智慧城市建設基金,2,國泰綜合證券,71309,16.80%,78206442,71309,0.09%,中國信託投信,中國信託智慧城市建設基金
中國信託智慧城市建設基金,3,State Street Corporation,12709,2.99%,73534944,12709,0.02%,中國信託投信,中國信託智慧城市建設基金
中國信託智慧城市建設基金,4,Daiwa Capital Markets Hong Kong Limited,59547,14.03%,62872101,59547,0.09%,中國信託投信,中國信託智慧城市建設基金
中國信託智慧城市建設基金,5,富邦證券,54555,12.86%,62160865,54555,0.09%,中國信託投信,中國信託智慧城市建設基金
中國信託MSCI中國外資自由投資50不含A及B股單日正向2倍ETF基金,1,中信證券,38001,100.00%,48311680,38001,0.08%,中國信託投信,中國信託MSCI中國外資自由投資50不含A及B股單日正向2倍ETF基金
中國信託MSCI中國外資自由投資50不含A及B股單日正向2倍ETF基金,2,nan,0,0.00%,0,0,0.00%,中國信託投信,中國信託MSCI中國外資自由投資50不含A及B股單日正向2倍ETF基金
中國信託MSCI中國外資自由投資50不含A及B股單日正向2倍ETF基金,3,nan,0,0.00%,0,0,0.00%,中國信託投信,中國信託MSCI中國外資自由投資50不含A及B股單日正向2倍ETF基金
中國信託MSCI中國外資自由投資50不含A及B股單日正向2倍ETF基金,4,nan,0,0.00%,0,0,0.00%,中國信託投信,中國信託MSCI中國外資自由投資50不含A及B股單日正向2倍ETF基金
中國信託MSCI中國外資自由投資50不含A及B股單日正向2倍ETF基金,5,nan,0,0.00%,0,0,0.00%,中國信託投信,中國信託MSCI中國外資自由投資50不含A及B股單日正向2倍ETF基金
中國信託MSCI中國外資自由投資50不含A及B股ETF基金,1,中信證券,432287,10.02%,452597518,432287,0.10%,中國信託投信,中國信託MSCI中國外資自由投資50不含A及B股ETF基金
中國信託MSCI中國外資自由投資50不含A及B股ETF基金,2,華南永昌綜合證券,395781,9.18%,395780400,395781,0.10%,中國信託投信,中國信託MSCI中國外資自由投資50不含A及B股ETF基金
中國信託MSCI中國外資自由投資50不含A及B股ETF基金,3,兆豐證券,384151,8.91%,384952865,384151,0.10%,中國信託投信,中國信託MSCI中國外資自由投資50不含A及B股ETF基金
中國信託MSCI中國外資自由投資50不含A及B股ETF基金,4,元大證券,363931,8.44%,367215871,363931,0.10%,中國信託投信,中國信託MSCI中國外資自由投資50不含A及B股ETF基金
中國信託MSCI中國外資自由投資50不含A及B股ETF基金,5,國泰綜合證券,300883,6.98%,303895749,300883,0.10%,中國信託投信,中國信託MSCI中國外資自由投資50不含A及B股ETF基金
中國信託10年期以上高評級美元公司債券ETF基金 (本基金之配息來源可能為收益平準金),1,元大證券,0,0.00%,0,0,0.00%,中國信託投信,中國信託10年期以上高評級美元公司債券ETF基金
中國信託10年期以上高評級美元公司債券ETF基金 (本基金之配息來源可能為收益平準金),2,Jane Street Financial Limited,0,0.00%,0,0,0.00%,中國信託投信,中國信託10年期以上高評級美元公司債券ETF基金
中國信託10年期以上高評級美元公司債券ETF基金 (本基金之配息來源可能為收益平準金),3,nan,0,0.00%,0,0,0.00%,中國信託投信,中國信託10年期以上高評級美元公司債券ETF基金
中國信託10年期以上高評級美元公司債券ETF基金 (本基金之配息來源可能為收益平準金),4,nan,0,0.00%,0,0,0.00%,中國信託投信,中國信託10年期以上高評級美元公司債券ETF基金
中國信託10年期以上高評級美元公司債券ETF基金 (本基金之配息來源可能為收益平準金),5,nan,0,0.00%,0,0,0.00%,中國信託投信,中國信託10年期以上高評級美元公司債券ETF基金
中國信託10年期以上優先順位金融債券ETF基金 (本基金之配息來源可能為收益平準金),1,元大證券,0,0.00%,0,0,0.00%,中國信託投信,中國信託10年期以上優先順位金融債券ETF基金
中國信託10年期以上優先順位金融債券ETF基金 (本基金之配息來源可能為收益平準金),2,Jane Street Financial Limited,0,0.00%,0,0,0.00%,中國信託投信,中國信託10年期以上優先順位金融債券ETF基金
中國信託10年期以上優先順位金融債券ETF基金 (本基金之配息來源可能為收益平準金),3,Susquehanna Financial Group， LLLP,0,0.00%,0,0,0.00%,中國信託投信,中國信託10年期以上優先順位金融債券ETF基金
中國信託10年期以上優先順位金融債券ETF基金 (本基金之配息來源可能為收益平準金),4,nan,0,0.00%,0,0,0.00%,中國信託投信,中國信託10年期以上優先順位金融債券ETF基金
中國信託10年期以上優先順位金融債券ETF基金 (本基金之配息來源可能為收益平準金),5,nan,0,0.00%,0,0,0.00%,中國信託投信,中國信託10年期以上優先順位金融債券ETF基金
中國信託美國政府20年期以上債券ETF基金,1,富邦證券,0,0.00%,0,0,0.00%,中國信託投信,中國信託美國政府20年期以上債券ETF基金
中國信託美國政府20年期以上債券ETF基金,2,Jane Street Financial Limited,0,0.00%,0,0,0.00%,中國信託投信,中國信託美國政府20年期以上債券ETF基金
中國信託美國政府20年期以上債券ETF基金,3,中信證券,0,0.00%,0,0,0.00%,中國信託投信,中國信託美國政府20年期以上債券ETF基金
中國信託美國政府20年期以上債券ETF基金,4,元大證券,0,0.00%,0,0,0.00%,中國信託投信,中國信託美國政府20年期以上債券ETF基金
中國信託美國政府20年期以上債券ETF基金,5,凱基證券,0,0.00%,0,0,0.00%,中國信託投信,中國信託美國政府20年期以上債券ETF基金
中國信託美國高評級市政債券ETF基金 (本子基金並無保證收益及配息),1,富邦證券,0,0.00%,0,0,0.00%,中國信託投信,中國信託美國高評級市政債券ETF基金 (本子基金
中國信託美國高評級市政債券ETF基金 (本子基金並無保證收益及配息),2,Jane Street Financial Limited,0,0.00%,0,0,0.00%,中國信託投信,中國信託美國高評級市政債券ETF基金 (本子基金
中國信託美國高評級市政債券ETF基金 (本子基金並無保證收益及配息),3,JP MORGAN SECURITIES,0,0.00%,0,0,0.00%,中國信託投信,中國信託美國高評級市政債券ETF基金 (本子基金
中國信託美國高評級市政債券ETF基金 (本子基金並無保證收益及配息),4,元大證券,0,0.00%,0,0,0.00%,中國信託投信,中國信託美國高評級市政債券ETF基金 (本子基金
中國信託美國高評級市政債券ETF基金 (本子基金並無保證收益及配息),5,國泰綜合證券,0,0.00%,0,0,0.00%,中國信託投信,中國信託美國高評級市政債券ETF基金 (本子基金
中國信託新興市場0-5年期美元政府債券ETF基金 (本子基金有 一定 比重投資於非投資等級之高風險債券 且基金並無保證收益及配息),1,Jane Street Financial Limited,0,0.00%,0,0,0.00%,中國信託投信,中國信託新興市場0-5年期美元政府債券ETF基金 (本子基金有 一定 比重投資於非投資等級之高風險債券 且基金
中國信託新興市場0-5年期美元政府債券ETF基金 (本子基金有 一定 比重投資於非投資等級之高風險債券 且基金並無保證收益及配息),2,元大證券,0,0.00%,0,0,0.00%,中國信託投信,中國信託新興市場0-5年期美元政府債券ETF基金 (本子基金有 一定 比重投資於非投資等級之高風險債券 且基金
中國信託新興市場0-5年期美元政府債券ETF基金 (本子基金有 一定 比重投資於非投資等級之高風險債券 且基金並無保證收益及配息),3,nan,0,0.00%,0,0,0.00%,中國信託投信,中國信託新興市場0-5年期美元政府債券ETF基金 (本子基金有 一定 比重投資於非投資等級之高風險債券 且基金
中國信託新興市場0-5年期美元政府債券ETF基金 (本子基金有 一定 比重投資於非投資等級之高風險債券 且基金並無保證收益及配息),4,nan,0,0.00%,0,0,0.00%,中國信託投信,中國信託新興市場0-5年期美元政府債券ETF基金 (本子基金有 一定 比重投資於非投資等級之高風險債券 且基金
中國信託新興市場0-5年期美元政府債券ETF基金 (本子基金有 一定 比重投資於非投資等級之高風險債券 且基金並無保證收益及配息),5,nan,0,0.00%,0,0,0.00%,中國信託投信,中國信託新興市場0-5年期美元政府債券ETF基金 (本子基金有 一定 比重投資於非投資等級之高風險債券 且基金
中國信託新興亞洲(不含中國)美元精選綜合債券ETF基金 (本子基金有一定比重投資於非投資等級之高風險債券且基金並無保證收益及配息),1,Jane Street Financial Limited,0,0.00%,0,0,0.00%,中國信託投信,中國信託新興亞洲(不含中國)美元精選綜合債券ETF基金 (本子基金有一定比重投資於非投資等級之高風險債券且基金
中國信託新興亞洲(不含中國)美元精選綜合債券ETF基金 (本子基金有一定比重投資於非投資等級之高風險債券且基金並無保證收益及配息),2,元大證券,0,0.00%,0,0,0.00%,中國信託投信,中國信託新興亞洲(不含中國)美元精選綜合債券ETF基金 (本子基金有一定比重投資於非投資等級之高風險債券且基金
中國信託新興亞洲(不含中國)美元精選綜合債券ETF基金 (本子基金有一定比重投資於非投資等級之高風險債券且基金並無保證收益及配息),3,nan,0,0.00%,0,0,0.00%,中國信託投信,中國信託新興亞洲(不含中國)美元精選綜合債券ETF基金 (本子基金有一定比重投資於非投資等級之高風險債券且基金
中國信託新興亞洲(不含中國)美元精選綜合債券ETF基金 (本子基金有一定比重投資於非投資等級之高風險債券且基金並無保證收益及配息),4,nan,0,0.00%,0,0,0.00%,中國信託投信,中國信託新興亞洲(不含中國)美元精選綜合債券ETF基金 (本子基金有一定比重投資於非投資等級之高風險債券且基金
中國信託新興亞洲(不含中國)美元精選綜合債券ETF基金 (本子基金有一定比重投資於非投資等級之高風險債券且基金並無保證收益及配息),5,nan,0,0.00%,0,0,0.00%,中國信託投信,中國信託新興亞洲(不含中國)美元精選綜合債券ETF基金 (本子基金有一定比重投資於非投資等級之高風險債券且基金
中國信託美國政府0至1年期債券ETF基金 (本基金之配息來源可能為收益平準金),1,富邦證券,0,0.00%,0,0,0.00%,中國信託投信,中國信託美國政府0至1年期債券ETF基金
中國信託美國政府0至1年期債券ETF基金 (本基金之配息來源可能為收益平準金),2,Jane Street Financial Limited,0,0.00%,0,0,0.00%,中國信託投信,中國信託美國政府0至1年期債券ETF基金
中國信託美國政府0至1年期債券ETF基金 (本基金之配息來源可能為收益平準金),3,元大證券,0,0.00%,0,0,0.00%,中國信託投信,中國信託美國政府0至1年期債券ETF基金
中國信託美國政府0至1年期債券ETF基金 (本基金之配息來源可能為收益平準金),4,中信證券,0,0.00%,0,0,0.00%,中國信託投信,中國信託美國政府0至1年期債券ETF基金
中國信託美國政府0至1年期債券ETF基金 (本基金之配息來源可能為收益平準金),5,凱基證券,0,0.00%,0,0,0.00%,中國信託投信,中國信託美國政府0至1年期債券ETF基金
中國信託10年期以上電信業美元公司債券ETF基金 (本基金之配息來源可能為收益平準金),1,Susquehanna Financial Group， LLLP,0,0.00%,0,0,0.00%,中國信託投信,中國信託10年期以上電信業美元公司債券ETF基金
中國信託10年期以上電信業美元公司債券ETF基金 (本基金之配息來源可能為收益平準金),2,元大證券,0,0.00%,0,0,0.00%,中國信託投信,中國信託10年期以上電信業美元公司債券ETF基金
中國信託10年期以上電信業美元公司債券ETF基金 (本基金之配息來源可能為收益平準金),3,Jane Street Financial Limited,0,0.00%,0,0,0.00%,中國信託投信,中國信託10年期以上電信業美元公司債券ETF基金
中國信託10年期以上電信業美元公司債券ETF基金 (本基金之配息來源可能為收益平準金),4,nan,0,0.00%,0,0,0.00%,中國信託投信,中國信託10年期以上電信業美元公司債券ETF基金
中國信託10年期以上電信業美元公司債券ETF基金 (本基金之配息來源可能為收益平準金),5,nan,0,0.00%,0,0,0.00%,中國信託投信,中國信託10年期以上電信業美元公司債券ETF基金
中國信託20年期以上BBB級美元公司債券ETF基金 (本基金之配息來源可能為收益平準金),1,元大證券,0,0.00%,0,0,0.00%,中國信託投信,中國信託20年期以上BBB級美元公司債券ETF基金
中國信託20年期以上BBB級美元公司債券ETF基金 (本基金之配息來源可能為收益平準金),2,Jane Street Financial Limited,0,0.00%,0,0,0.00%,中國信託投信,中國信託20年期以上BBB級美元公司債券ETF基金
中國信託20年期以上BBB級美元公司債券ETF基金 (本基金之配息來源可能為收益平準金),3,中信證券,0,0.00%,0,0,0.00%,中國信託投信,中國信託20年期以上BBB級美元公司債券ETF基金
中國信託20年期以上BBB級美元公司債券ETF基金 (本基金之配息來源可能為收益平準金),4,nan,0,0.00%,0,0,0.00%,中國信託投信,中國信託20年期以上BBB級美元公司債券ETF基金
中國信託20年期以上BBB級美元公司債券ETF基金 (本基金之配息來源可能為收益平準金),5,nan,0,0.00%,0,0,0.00%,中國信託投信,中國信託20年期以上BBB級美元公司債券ETF基金
中國信託亞太實質收息多重資產基金 (本基金之配息來源可能為本金),1,中信證券,108672,13.89%,108669518,108672,0.10%,中國信託投信,中國信託亞太實質收息多重資產基金
中國信託亞太實質收息多重資產基金 (本基金之配息來源可能為本金),2,永豐金證券,64827,8.28%,64331358,64827,0.10%,中國信託投信,中國信託亞太實質收息多重資產基金
中國信託亞太實質收息多重資產基金 (本基金之配息來源可能為本金),3,Ho Chi Minh City Securities Corperation,83198,10.63%,55465147,83198,0.15%,中國信託投信,中國信託亞太實質收息多重資產基金
中國信託亞太實質收息多重資產基金 (本基金之配息來源可能為本金),4,群益金鼎證券,75012,9.59%,50006663,75012,0.15%,中國信託投信,中國信託亞太實質收息多重資產基金
中國信託亞太實質收息多重資產基金 (本基金之配息來源可能為本金),5,台新證券,46550,5.95%,46177395,46550,0.10%,中國信託投信,中國信託亞太實質收息多重資產基金
中國信託越南機會基金,1,群益金鼎證券,5058396,12.68%,3372266332,5058396,0.15%,中國信託投信,中國信託越南機會基金
中國信託越南機會基金,2,Ho Chi Minh City Securities Corperation,4817551,12.07%,3211701976,4817551,0.15%,中國信託投信,中國信託越南機會基金
中國信託越南機會基金,3,VNDIRECT Securities Corporation,4461750,11.18%,2974499416,4461750,0.15%,中國信託投信,中國信託越南機會基金
中國信託越南機會基金,4,SSI Securities Corporation,4450441,11.15%,2966958674,4450441,0.15%,中國信託投信,中國信託越南機會基金
中國信託越南機會基金,5,YUANTA SECURITIES VIETNAM LIMITED COMPANY,3986914,9.99%,2657942087,3986914,0.15%,中國信託投信,中國信託越南機會基金
中國信託15年期以上新興市場美元主權低碳債券ETF基金 (本基金非屬環境、社會及治理相關主題基金),1,Jane Street Financial Limited,0,0.00%,0,0,0.00%,中國信託投信,中國信託15年期以上新興市場美元主權低碳債券ETF基金
中國信託15年期以上新興市場美元主權低碳債券ETF基金 (本基金非屬環境、社會及治理相關主題基金),2,nan,0,0.00%,0,0,0.00%,中國信託投信,中國信託15年期以上新興市場美元主權低碳債券ETF基金
中國信託15年期以上新興市場美元主權低碳債券ETF基金 (本基金非屬環境、社會及治理相關主題基金),3,nan,0,0.00%,0,0,0.00%,中國信託投信,中國信託15年期以上新興市場美元主權低碳債券ETF基金
中國信託15年期以上新興市場美元主權低碳債券ETF基金 (本基金非屬環境、社會及治理相關主題基金),4,nan,0,0.00%,0,0,0.00%,中國信託投信,中國信託15年期以上新興市場美元主權低碳債券ETF基金
中國信託15年期以上新興市場美元主權低碳債券ETF基金 (本基金非屬環境、社會及治理相關主題基金),5,nan,0,0.00%,0,0,0.00%,中國信託投信,中國信託15年期以上新興市場美元主權低碳債券ETF基金
中國信託恒生中國高股息ETF基金 (本子基金之配息來源可能為收益平準金且基金並無保證收益及配息),1,中信證券,9627560,11.58%,9627562310,9627560,0.10%,中國信託投信,中國信託恒生中國高股息ETF基金 (本子基金之配息來源可能為收益平準金且基金
中國信託恒生中國高股息ETF基金 (本子基金之配息來源可能為收益平準金且基金並無保證收益及配息),2,國泰綜合證券,6880680,8.28%,6880684273,6880680,0.10%,中國信託投信,中國信託恒生中國高股息ETF基金 (本子基金之配息來源可能為收益平準金且基金
中國信託恒生中國高股息ETF基金 (本子基金之配息來源可能為收益平準金且基金並無保證收益及配息),3,元大證券,6685411,8.04%,6685417306,6685411,0.10%,中國信託投信,中國信託恒生中國高股息ETF基金 (本子基金之配息來源可能為收益平準金且基金
中國信託恒生中國高股息ETF基金 (本子基金之配息來源可能為收益平準金且基金並無保證收益及配息),4,富邦證券,6656263,8.01%,6656263797,6656263,0.10%,中國信託投信,中國信託恒生中國高股息ETF基金 (本子基金之配息來源可能為收益平準金且基金
中國信託恒生中國高股息ETF基金 (本子基金之配息來源可能為收益平準金且基金並無保證收益及配息),5,凱基證券,4983889,6.00%,4983886745,4983889,0.10%,中國信託投信,中國信託恒生中國高股息ETF基金 (本子基金之配息來源可能為收益平準金且基金
中國信託臺灣ESG永續關鍵半導體ETF基金,1,中信證券,14649458,22.49%,18316027700,14649458,0.08%,中國信託投信,中國信託臺灣ESG永續關鍵半導體ETF基金
中國信託臺灣ESG永續關鍵半導體ETF基金,2,元大證券,11382776,17.48%,14228583243,11382776,0.08%,中國信託投信,中國信託臺灣ESG永續關鍵半導體ETF基金
中國信託臺灣ESG永續關鍵半導體ETF基金,3,凱基證券,7496281,11.51%,9370407800,7496281,0.08%,中國信託投信,中國信託臺灣ESG永續關鍵半導體ETF基金
中國信託臺灣ESG永續關鍵半導體ETF基金,4,國泰綜合證券,7342880,11.28%,9179325700,7342880,0.08%,中國信託投信,中國信託臺灣ESG永續關鍵半導體ETF基金
中國信託臺灣ESG永續關鍵半導體ETF基金,5,華南永昌綜合證券,6324891,9.71%,7906305100,6324891,0.08%,中國信託投信,中國信託臺灣ESG永續關鍵半導體ETF基金
中國信託特選小資高價30ETF基金,1,中信證券,1155411,20.47%,1444427600,1155411,0.08%,中國信託投信,中國信託特選小資高價30ETF基金
中國信託特選小資高價30ETF基金,2,國泰綜合證券,821511,14.56%,1026916956,821511,0.08%,中國信託投信,中國信託特選小資高價30ETF基金
中國信託特選小資高價30ETF基金,3,華南永昌綜合證券,774759,13.73%,968464500,774759,0.08%,中國信託投信,中國信託特選小資高價30ETF基金
中國信託特選小資高價30ETF基金,4,兆豐證券,774665,13.73%,968352500,774665,0.08%,中國信託投信,中國信託特選小資高價30ETF基金
中國信託特選小資高價30ETF基金,5,元大證券,694363,12.30%,867979110,694363,0.08%,中國信託投信,中國信託特選小資高價30ETF基金
中國信託臺灣綠能及電動車ETF基金 (本基金非屬環境、社會及治理相關主題基金),1,中信證券,1788738,21.02%,2246229979,1788738,0.08%,中國信託投信,中國信託臺灣綠能及電動車ETF基金
中國信託臺灣綠能及電動車ETF基金 (本基金非屬環境、社會及治理相關主題基金),2,元大證券,1633532,19.20%,2043722445,1633532,0.08%,中國信託投信,中國信託臺灣綠能及電動車ETF基金
中國信託臺灣綠能及電動車ETF基金 (本基金非屬環境、社會及治理相關主題基金),3,永豐金證券,1338177,15.73%,1673074881,1338177,0.08%,中國信託投信,中國信託臺灣綠能及電動車ETF基金
中國信託臺灣綠能及電動車ETF基金 (本基金非屬環境、社會及治理相關主題基金),4,華南永昌綜合證券,1271728,14.95%,1590108585,1271728,0.08%,中國信託投信,中國信託臺灣綠能及電動車ETF基金
中國信託臺灣綠能及電動車ETF基金 (本基金非屬環境、社會及治理相關主題基金),5,群益金鼎證券,1242930,14.61%,1555355593,1242930,0.08%,中國信託投信,中國信託臺灣綠能及電動車ETF基金
中國信託科技趨勢多重資產基金 (本基金有相當比重投資於非投資等級之高風險債券且本基金之配息來源可能為本金),1,中信證券,619297,24.41%,787220422,619297,0.08%,中國信託投信,中國信託科技趨勢多重資產基金
中國信託科技趨勢多重資產基金 (本基金有相當比重投資於非投資等級之高風險債券且本基金之配息來源可能為本金),2,凱基證券,411282,16.21%,514102137,411282,0.08%,中國信託投信,中國信託科技趨勢多重資產基金
中國信託科技趨勢多重資產基金 (本基金有相當比重投資於非投資等級之高風險債券且本基金之配息來源可能為本金),3,群益金鼎證券,391186,15.42%,488982107,391186,0.08%,中國信託投信,中國信託科技趨勢多重資產基金
中國信託科技趨勢多重資產基金 (本基金有相當比重投資於非投資等級之高風險債券且本基金之配息來源可能為本金),4,國泰綜合證券,355249,14.00%,444061367,355249,0.08%,中國信託投信,中國信託科技趨勢多重資產基金
中國信託科技趨勢多重資產基金 (本基金有相當比重投資於非投資等級之高風險債券且本基金之配息來源可能為本金),5,BNP Paribas Securities Asia Limited,24557,0.97%,414944282,24557,0.01%,中國信託投信,中國信託科技趨勢多重資產基金
中國信託電池及儲能科技ETF基金,1,中信證券,903924,16.54%,980258388,903924,0.09%,中國信託投信,中國信託電池及儲能科技ETF基金
中國信託電池及儲能科技ETF基金,2,富邦證券,667115,12.21%,687858609,667115,0.10%,中國信託投信,中國信託電池及儲能科技ETF基金
中國信託電池及儲能科技ETF基金,3,國泰綜合證券,529818,9.70%,536034235,529818,0.10%,中國信託投信,中國信託電池及儲能科技ETF基金
中國信託電池及儲能科技ETF基金,4,華南永昌綜合證券,510237,9.34%,510235879,510237,0.10%,中國信託投信,中國信託電池及儲能科技ETF基金
中國信託電池及儲能科技ETF基金,5,State Street Corporation,446838,8.18%,453647272,446838,0.10%,中國信託投信,中國信託電池及儲能科技ETF基金
中國信託 ESG 碳商機多重資產基金 (本基金有相當比重投資於非投資等級之高風險債券且本基金之配息來源可能為本金),1,中信證券,49891,22.13%,62362581,49891,0.08%,中國信託投信,中國信託 ESG 碳商機多重資產基金
中國信託 ESG 碳商機多重資產基金 (本基金有相當比重投資於非投資等級之高風險債券且本基金之配息來源可能為本金),2,凱基證券,33724,14.96%,40760255,33724,0.08%,中國信託投信,中國信託 ESG 碳商機多重資產基金
中國信託 ESG 碳商機多重資產基金 (本基金有相當比重投資於非投資等級之高風險債券且本基金之配息來源可能為本金),3,富邦證券,41632,18.47%,37335416,41632,0.11%,中國信託投信,中國信託 ESG 碳商機多重資產基金
中國信託 ESG 碳商機多重資產基金 (本基金有相當比重投資於非投資等級之高風險債券且本基金之配息來源可能為本金),4,國泰綜合證券,27619,12.25%,31185023,27619,0.09%,中國信託投信,中國信託 ESG 碳商機多重資產基金
中國信託 ESG 碳商機多重資產基金 (本基金有相當比重投資於非投資等級之高風險債券且本基金之配息來源可能為本金),5,台新證券,21700,9.63%,31000161,21700,0.07%,中國信託投信,中國信託 ESG 碳商機多重資產基金
中國信託臺灣智慧50ETF基金,1,中信證券,320348,17.61%,401567918,320348,0.08%,中國信託投信,中國信託臺灣智慧50ETF基金
中國信託臺灣智慧50ETF基金,2,元大證券,310093,17.05%,388002100,310093,0.08%,中國信託投信,中國信託臺灣智慧50ETF基金
中國信託臺灣智慧50ETF基金,3,群益金鼎證券,256602,14.11%,320867355,256602,0.08%,中國信託投信,中國信託臺灣智慧50ETF基金
中國信託臺灣智慧50ETF基金,4,國票綜合證券,237087,13.03%,297066955,237087,0.08%,中國信託投信,中國信託臺灣智慧50ETF基金
中國信託臺灣智慧50ETF基金,5,凱基證券,217522,11.96%,272319445,217522,0.08%,中國信託投信,中國信託臺灣智慧50ETF基金
中國信託特選金融及數據ETF基金,1,中信證券,367362,14.86%,454364514,367362,0.08%,中國信託投信,中國信託特選金融及數據ETF基金
中國信託特選金融及數據ETF基金,2,國泰綜合證券,302018,12.22%,359195581,302018,0.08%,中國信託投信,中國信託特選金融及數據ETF基金
中國信託特選金融及數據ETF基金,3,State Street Corporation,146004,5.91%,350265084,146004,0.04%,中國信託投信,中國信託特選金融及數據ETF基金
中國信託特選金融及數據ETF基金,4,元大證券,243676,9.86%,302564183,243676,0.08%,中國信託投信,中國信託特選金融及數據ETF基金
中國信託特選金融及數據ETF基金,5,群益金鼎證券,211590,8.56%,257981019,211590,0.08%,中國信託投信,中國信託特選金融及數據ETF基金
中國信託ESG金融收益多重資產基金 (本基金有相當比重投資於非投資等級之高風險債券且本基金之配息來源可能為本金),1,Jane Street Financial Limited,0,0.00%,0,0,0.00%,中國信託投信,中國信託ESG金融收益多重資產基金
中國信託ESG金融收益多重資產基金 (本基金有相當比重投資於非投資等級之高風險債券且本基金之配息來源可能為本金),2,中信證券,127257,13.61%,164470958,127257,0.08%,中國信託投信,中國信託ESG金融收益多重資產基金
中國信託ESG金融收益多重資產基金 (本基金有相當比重投資於非投資等級之高風險債券且本基金之配息來源可能為本金),3,凱基證券,105020,11.23%,129162436,105020,0.08%,中國信託投信,中國信託ESG金融收益多重資產基金
中國信託ESG金融收益多重資產基金 (本基金有相當比重投資於非投資等級之高風險債券且本基金之配息來源可能為本金),4,永豐金證券,108091,11.56%,126360004,108091,0.09%,中國信託投信,中國信託ESG金融收益多重資產基金
中國信託ESG金融收益多重資產基金 (本基金有相當比重投資於非投資等級之高風險債券且本基金之配息來源可能為本金),5,元大證券,98028,10.48%,122534785,98028,0.08%,中國信託投信,中國信託ESG金融收益多重資產基金
中國信託上櫃ESG 30 ETF基金,1,中信證券,205792,20.26%,257594005,205792,0.08%,中國信託投信,中國信託上櫃ESG 30 ETF基金
中國信託上櫃ESG 30 ETF基金,2,國泰綜合證券,174535,17.19%,218796066,174535,0.08%,中國信託投信,中國信託上櫃ESG 30 ETF基金
中國信託上櫃ESG 30 ETF基金,3,凱基證券,170959,16.83%,213899343,170959,0.08%,中國信託投信,中國信託上櫃ESG 30 ETF基金
中國信託上櫃ESG 30 ETF基金,4,華南永昌綜合證券,157106,15.47%,196490995,157106,0.08%,中國信託投信,中國信託上櫃ESG 30 ETF基金
中國信託上櫃ESG 30 ETF基金,5,群益金鼎證券,156104,15.37%,195234508,156104,0.08%,中國信託投信,中國信託上櫃ESG 30 ETF基金
中國信託成長轉機多重資產基金 (本基金有相當比重投資於非投資等級之高風險債券且本基金之配息來源可能為本金),1,中信證券,147621,22.05%,184531805,147621,0.08%,中國信託投信,中國信託成長轉機多重資產基金
中國信託成長轉機多重資產基金 (本基金有相當比重投資於非投資等級之高風險債券且本基金之配息來源可能為本金),2,華南永昌綜合證券,112930,16.87%,141162358,112930,0.08%,中國信託投信,中國信託成長轉機多重資產基金
中國信託成長轉機多重資產基金 (本基金有相當比重投資於非投資等級之高風險債券且本基金之配息來源可能為本金),3,國泰綜合證券,89358,13.35%,111697018,89358,0.08%,中國信託投信,中國信託成長轉機多重資產基金
中國信託成長轉機多重資產基金 (本基金有相當比重投資於非投資等級之高風險債券且本基金之配息來源可能為本金),4,凱基證券,72693,10.86%,90866366,72693,0.08%,中國信託投信,中國信託成長轉機多重資產基金
中國信託成長轉機多重資產基金 (本基金有相當比重投資於非投資等級之高風險債券且本基金之配息來源可能為本金),5,元大證券,85443,12.76%,106804766,85443,0.08%,中國信託投信,中國信託成長轉機多重資產基金
中國信託臺灣優選成長高股息ETF基金 (基金之配息來源可能為收益平準金 且 基金並無保證收益及配息),1,中信證券,2062448,21.70%,2582320121,2062448,0.08%,中國信託投信,中國信託臺灣優選成長高股息ETF基金
中國信託臺灣優選成長高股息ETF基金 (基金之配息來源可能為收益平準金 且 基金並無保證收益及配息),2,元大證券,1639632,17.25%,2049691800,1639632,0.08%,中國信託投信,中國信託臺灣優選成長高股息ETF基金
中國信託臺灣優選成長高股息ETF基金 (基金之配息來源可能為收益平準金 且 基金並無保證收益及配息),3,永豐金證券,1442374,15.18%,1803024550,1442374,0.08%,中國信託投信,中國信託臺灣優選成長高股息ETF基金
中國信託臺灣優選成長高股息ETF基金 (基金之配息來源可能為收益平準金 且 基金並無保證收益及配息),4,凱基證券,1440002,15.15%,1800093850,1440002,0.08%,中國信託投信,中國信託臺灣優選成長高股息ETF基金
中國信託臺灣優選成長高股息ETF基金 (基金之配息來源可能為收益平準金 且 基金並無保證收益及配息),5,群益金鼎證券,936014,9.85%,1170044050,936014,0.08%,中國信託投信,中國信託臺灣優選成長高股息ETF基金
中國信託上游半導體ETF基金,1,中信證券,1113310,15.59%,1343646218,1113310,0.08%,中國信託投信,中國信託上游半導體ETF基金
中國信託上游半導體ETF基金,2,元大證券,671050,9.40%,797117904,671050,0.08%,中國信託投信,中國信託上游半導體ETF基金
中國信託上游半導體ETF基金,3,富邦證券,652220,9.14%,740186505,652220,0.09%,中國信託投信,中國信託上游半導體ETF基金
中國信託上游半導體ETF基金,4,國泰綜合證券,584395,8.19%,704853503,584395,0.08%,中國信託投信,中國信託上游半導體ETF基金
中國信託上游半導體ETF基金,5,State Street Corporation,475007,6.65%,612557795,475007,0.08%,中國信託投信,中國信託上游半導體ETF基金
中國信託15年期以上已開發市場投資級優化收益ESG美元公司債券ETF基金 (本子基金之配息來源可能為收益平準金並無保證收益及配息),1,元大證券,0,0.00%,0,0,0.00%,中國信託投信,中國信託15年期以上已開發市場投資級優化收益ESG美元公司債券ETF基金 (本子基金之配息來源可能為收益平準金並無保證收益及配息)
中國信託15年期以上已開發市場投資級優化收益ESG美元公司債券ETF基金 (本子基金之配息來源可能為收益平準金並無保證收益及配息),2,Jane Street Financial Limited,0,0.00%,0,0,0.00%,中國信託投信,中國信託15年期以上已開發市場投資級優化收益ESG美元公司債券ETF基金 (本子基金之配息來源可能為收益平準金並無保證收益及配息)
中國信託15年期以上已開發市場投資級優化收益ESG美元公司債券ETF基金 (本子基金之配息來源可能為收益平準金並無保證收益及配息),3,永豐金證券,0,0.00%,0,0,0.00%,中國信託投信,中國信託15年期以上已開發市場投資級優化收益ESG美元公司債券ETF基金 (本子基金之配息來源可能為收益平準金並無保證收益及配息)
中國信託15年期以上已開發市場投資級優化收益ESG美元公司債券ETF基金 (本子基金之配息來源可能為收益平準金並無保證收益及配息),4,凱基證券,0,0.00%,0,0,0.00%,中國信託投信,中國信託15年期以上已開發市場投資級優化收益ESG美元公司債券ETF基金 (本子基金之配息來源可能為收益平準金並無保證收益及配息)
中國信託15年期以上已開發市場投資級優化收益ESG美元公司債券ETF基金 (本子基金之配息來源可能為收益平準金並無保證收益及配息),5,Susquehanna Financial Group， LLLP,0,0.00%,0,0,0.00%,中國信託投信,中國信託15年期以上已開發市場投資級優化收益ESG美元公司債券ETF基金 (本子基金之配息來源可能為收益平準金並無保證收益及配息)
宏利台灣動力基金,1,凱基證券,552732,20.04%,553153835,552732,0.10%,宏利投信,宏利台灣動力基金
宏利台灣動力基金,2,統一綜合證券,532096,19.29%,532324847,532096,0.10%,宏利投信,宏利台灣動力基金
宏利台灣動力基金,3,華南永昌綜合證券,379176,13.75%,379327479,379176,0.10%,宏利投信,宏利台灣動力基金
宏利台灣動力基金,4,第一金證券,321329,11.65%,321524558,321329,0.10%,宏利投信,宏利台灣動力基金
宏利台灣動力基金,5,香港上海滙豐證券,229378,8.32%,229376777,229378,0.10%,宏利投信,宏利台灣動力基金
宏利亞太中小企業基金,1,永豐金證券,67923,33.41%,53041468,67923,0.13%,宏利投信,宏利亞太中小企業基金
宏利亞太中小企業基金,2,申銀萬國證券(香港)有限公司,24587,12.09%,26939594,24587,0.09%,宏利投信,宏利亞太中小企業基金
宏利亞太中小企業基金,3,國泰綜合證券,14840,7.30%,14840046,14840,0.10%,宏利投信,宏利亞太中小企業基金
宏利亞太中小企業基金,4,Jefferies,12966,6.38%,12965659,12966,0.10%,宏利投信,宏利亞太中小企業基金
宏利亞太中小企業基金,5,HSBC,4425,2.18%,11445041,4425,0.04%,宏利投信,宏利亞太中小企業基金
宏利全球動力股票基金,1,高盛,26218,5.37%,154914712,26218,0.02%,宏利投信,宏利全球動力股票基金
宏利全球動力股票基金,2,J.P. Morgan Securities PLC,27926,5.72%,144253756,27926,0.02%,宏利投信,宏利全球動力股票基金
宏利全球動力股票基金,3,MORGAN STANLEY,42030,8.61%,97999986,42030,0.04%,宏利投信,宏利全球動力股票基金
宏利全球動力股票基金,4,Barclays,29731,6.09%,87724864,29731,0.03%,宏利投信,宏利全球動力股票基金
宏利全球動力股票基金,5,Instinet LLC,12382,2.54%,61910208,12382,0.02%,宏利投信,宏利全球動力股票基金
宏利精選中華基金,1,永豐金證券,86175,13.39%,100980844,86175,0.09%,宏利投信,宏利精選中華基金
宏利精選中華基金,2,國泰綜合證券,94337,14.66%,94335485,94337,0.10%,宏利投信,宏利精選中華基金
宏利精選中華基金,3,申銀萬國證券(香港)有限公司,66048,10.27%,82559864,66048,0.08%,宏利投信,宏利精選中華基金
宏利精選中華基金,4,Jefferies,45296,7.04%,45296218,45296,0.10%,宏利投信,宏利精選中華基金
宏利精選中華基金,5,CITIC SECURITIES BROKERAGE (HK) LIMITED,24185,3.76%,27362971,24185,0.09%,宏利投信,宏利精選中華基金
宏利特別股息收益基金 (本基金配息來源可能為本金),1,Seaport Global Securities LLC,0,0.00%,60129230,0,0.00%,宏利投信,宏利特別股息收益基金
宏利特別股息收益基金 (本基金配息來源可能為本金),2,UBS,0,0.00%,9268638,0,0.00%,宏利投信,宏利特別股息收益基金
宏利特別股息收益基金 (本基金配息來源可能為本金),3,Barclays,0,0.00%,10965587,0,0.00%,宏利投信,宏利特別股息收益基金
宏利特別股息收益基金 (本基金配息來源可能為本金),4,JANE STREET EXECUTION SERVICES LLC,0,0.00%,0,0,0.00%,宏利投信,宏利特別股息收益基金
宏利特別股息收益基金 (本基金配息來源可能為本金),5,MORGAN STANLEY,0,0.00%,0,0,0.00%,宏利投信,宏利特別股息收益基金
宏利臺灣股息收益基金 (本基金配息來源可能為本金及收益平準金且並無保證收益及配息),1,統一綜合證券,725951,20.04%,726767813,725951,0.10%,宏利投信,宏利臺灣股息收益基金
宏利臺灣股息收益基金 (本基金配息來源可能為本金及收益平準金且並無保證收益及配息),2,凱基證券,721919,19.93%,722369438,721919,0.10%,宏利投信,宏利臺灣股息收益基金
宏利臺灣股息收益基金 (本基金配息來源可能為本金及收益平準金且並無保證收益及配息),3,華南永昌綜合證券,577099,15.93%,577462101,577099,0.10%,宏利投信,宏利臺灣股息收益基金
宏利臺灣股息收益基金 (本基金配息來源可能為本金及收益平準金且並無保證收益及配息),4,國泰綜合證券,400615,11.06%,400612796,400615,0.10%,宏利投信,宏利臺灣股息收益基金
宏利臺灣股息收益基金 (本基金配息來源可能為本金及收益平準金且並無保證收益及配息),5,第一金證券,396594,10.95%,396769376,396594,0.10%,宏利投信,宏利臺灣股息收益基金
宏利實質多重資產基金 (本基金有相當比重投資於非投資等級之高風險債券且配息來源可能為本金),1,STIFEL NICOLAUS,105108,31.07%,77303891,105108,0.14%,宏利投信,宏利實質多重資產基金
宏利實質多重資產基金 (本基金有相當比重投資於非投資等級之高風險債券且配息來源可能為本金),2,WOLFE RESEARCH SECURITIES,34434,10.18%,64320245,34434,0.05%,宏利投信,宏利實質多重資產基金
宏利實質多重資產基金 (本基金有相當比重投資於非投資等級之高風險債券且配息來源可能為本金),3,MORGAN STANLEY,25739,7.61%,18498763,25739,0.14%,宏利投信,宏利實質多重資產基金
宏利實質多重資產基金 (本基金有相當比重投資於非投資等級之高風險債券且配息來源可能為本金),4,群益金鼎證券,29142,8.62%,42425801,29142,0.07%,宏利投信,宏利實質多重資產基金
宏利實質多重資產基金 (本基金有相當比重投資於非投資等級之高風險債券且配息來源可能為本金),5,Barclays,5122,1.51%,5142560,5122,0.10%,宏利投信,宏利實質多重資產基金
宏利亞洲收益成長多重資產基金 (本基金有相當比重投資於非投資等級之高風險債券且配息來源可能為本金),1,永豐金證券,34804,31.58%,22580564,34804,0.15%,宏利投信,宏利亞洲收益成長多重資產基金
宏利亞洲收益成長多重資產基金 (本基金有相當比重投資於非投資等級之高風險債券且配息來源可能為本金),2,國泰綜合證券,21426,19.44%,15392012,21426,0.14%,宏利投信,宏利亞洲收益成長多重資產基金
宏利亞洲收益成長多重資產基金 (本基金有相當比重投資於非投資等級之高風險債券且配息來源可能為本金),3,JANE STREET EXECUTION SERVICES LLC,0,0.00%,0,0,0.00%,宏利投信,宏利亞洲收益成長多重資產基金
宏利亞洲收益成長多重資產基金 (本基金有相當比重投資於非投資等級之高風險債券且配息來源可能為本金),4,AUSTRALIA AND NEW ZEALAND BANKING GROUP,0,0.00%,0,0,0.00%,宏利投信,宏利亞洲收益成長多重資產基金
宏利亞洲收益成長多重資產基金 (本基金有相當比重投資於非投資等級之高風險債券且配息來源可能為本金),5,Credit Agricole,0,0.00%,0,0,0.00%,宏利投信,宏利亞洲收益成長多重資產基金
宏利全球科技基金 (本基金配息來源可能為本金),1,永豐金證券,118804,39.00%,111853622,117703,0.11%,宏利投信,宏利全球科技基金
宏利全球科技基金 (本基金配息來源可能為本金),2,Shenyin Wanguo Securities,85369,28.02%,85368695,85369,0.10%,宏利投信,宏利全球科技基金
宏利全球科技基金 (本基金配息來源可能為本金),3,國泰綜合證券,21365,7.01%,60362201,20233,0.03%,宏利投信,宏利全球科技基金
宏利全球科技基金 (本基金配息來源可能為本金),4,Jefferies,45181,14.83%,43552992,43460,0.10%,宏利投信,宏利全球科技基金
宏利全球科技基金 (本基金配息來源可能為本金),5,HSBC,802,0.26%,26546237,802,0.00%,宏利投信,宏利全球科技基金
宏利數位基礎設施多重資產基金 (本基金有相當比重投資於非投資等級之高風險債券且配息來源可能為本金),1,Piper Sandler and Co.,4797,10.41%,58738973,4797,0.01%,宏利投信,宏利數位基礎設施多重資產基金
宏利數位基礎設施多重資產基金 (本基金有相當比重投資於非投資等級之高風險債券且配息來源可能為本金),2,Instinet LLC,37477,81.32%,48830750,37477,0.08%,宏利投信,宏利數位基礎設施多重資產基金
宏利數位基礎設施多重資產基金 (本基金有相當比重投資於非投資等級之高風險債券且配息來源可能為本金),3,MORGAN STANLEY,0,0.00%,0,0,0.00%,宏利投信,宏利數位基礎設施多重資產基金
宏利數位基礎設施多重資產基金 (本基金有相當比重投資於非投資等級之高風險債券且配息來源可能為本金),4,BANK OF AMERICA,0,0.00%,0,0,0.00%,宏利投信,宏利數位基礎設施多重資產基金
宏利數位基礎設施多重資產基金 (本基金有相當比重投資於非投資等級之高風險債券且配息來源可能為本金),5,Jones Trading,855,1.86%,15347749,855,0.01%,宏利投信,宏利數位基礎設施多重資產基金
貝萊德 iShares 安碩 0-3 月美國國庫證券指數基金 (基金之配息來源可能為本金),1,BNP PARIBAS SECURITIES CORP BONDS,0,0.00%,0,0,0.00%,貝萊德投信,貝萊德 iShares 安碩 0-3 月美國國庫證券指數基金
貝萊德 iShares 安碩 0-3 月美國國庫證券指數基金 (基金之配息來源可能為本金),2,J.P.MORGAN SECURITIES PLC,0,0.00%,0,0,0.00%,貝萊德投信,貝萊德 iShares 安碩 0-3 月美國國庫證券指數基金
貝萊德 iShares 安碩 0-3 月美國國庫證券指數基金 (基金之配息來源可能為本金),3,MORGAN STANLEY & CO. LLC,0,0.00%,0,0,0.00%,貝萊德投信,貝萊德 iShares 安碩 0-3 月美國國庫證券指數基金
貝萊德 iShares 安碩 0-3 月美國國庫證券指數基金 (基金之配息來源可能為本金),4,CITIGROUP GLOBAL MARKETS INC,0,0.00%,0,0,0.00%,貝萊德投信,貝萊德 iShares 安碩 0-3 月美國國庫證券指數基金
貝萊德 iShares 安碩 0-3 月美國國庫證券指數基金 (基金之配息來源可能為本金),5,MERRILL LYNCH AND CO INC NY,0,0.00%,0,0,0.00%,貝萊德投信,貝萊德 iShares 安碩 0-3 月美國國庫證券指數基金
貝萊德iShares安碩標普500卓越50 ETF基金 (基金之配息來源可能為收益平準金),1,BNP PARIBAS PRIME BROKERAGE INC.,10510,9.01%,872008509,10510,0.00%,貝萊德投信,貝萊德iShares安碩標普500卓越50 ETF基金
貝萊德iShares安碩標普500卓越50 ETF基金 (基金之配息來源可能為收益平準金),2,MERRILL LYNCH AND CO INC NY,18869,16.17%,851415685,18869,0.00%,貝萊德投信,貝萊德iShares安碩標普500卓越50 ETF基金
貝萊德iShares安碩標普500卓越50 ETF基金 (基金之配息來源可能為收益平準金),3,PERSHING LLC JERSEY CITY,32813,28.13%,747619652,32813,0.00%,貝萊德投信,貝萊德iShares安碩標普500卓越50 ETF基金
貝萊德iShares安碩標普500卓越50 ETF基金 (基金之配息來源可能為收益平準金),4,MORGAN STANLEY & CO. LLC,7154,6.13%,496285007,7154,0.00%,貝萊德投信,貝萊德iShares安碩標普500卓越50 ETF基金
貝萊德iShares安碩標普500卓越50 ETF基金 (基金之配息來源可能為收益平準金),5,GOLDMAN SACHS AND CO NEW YORK,6011,5.15%,462404404,6011,0.00%,貝萊德投信,貝萊德iShares安碩標普500卓越50 ETF基金
貝萊德iShares安碩收益優化投資等級債主動式ETF基金 (基金有一定比重投資於非投資等級之高風險債券，配息來源可能為收益平準金且並無保證收益及配息),1,GOLDMAN SACHS INTERNATIONAL LONDON,0,0.00%,0,0,0.00%,貝萊德投信,貝萊德iShares安碩收益優化投資等級債主動式ETF基金
貝萊德iShares安碩收益優化投資等級債主動式ETF基金 (基金有一定比重投資於非投資等級之高風險債券，配息來源可能為收益平準金且並無保證收益及配息),2,MERRILL LYNCH AND CO INC NY,100033,94.34%,0,0,0.00%,貝萊德投信,貝萊德iShares安碩收益優化投資等級債主動式ETF基金
貝萊德iShares安碩收益優化投資等級債主動式ETF基金 (基金有一定比重投資於非投資等級之高風險債券，配息來源可能為收益平準金且並無保證收益及配息),3,MORGAN STANLEY & CO. LLC,0,0.00%,0,0,0.00%,貝萊德投信,貝萊德iShares安碩收益優化投資等級債主動式ETF基金
貝萊德iShares安碩收益優化投資等級債主動式ETF基金 (基金有一定比重投資於非投資等級之高風險債券，配息來源可能為收益平準金且並無保證收益及配息),4,MARKETAXESS CORP,0,0.00%,0,0,0.00%,貝萊德投信,貝萊德iShares安碩收益優化投資等級債主動式ETF基金
貝萊德iShares安碩收益優化投資等級債主動式ETF基金 (基金有一定比重投資於非投資等級之高風險債券，配息來源可能為收益平準金且並無保證收益及配息),5,J.P. MORGAN SEC'S - FIXED INC.,0,0.00%,0,0,0.00%,貝萊德投信,貝萊德iShares安碩收益優化投資等級債主動式ETF基金
貝萊德iShares安碩世界股票ETF基金,1,MERRILL LYNCH AND CO INC NY,130546,15.97%,2371589637,116366,0.00%,貝萊德投信,貝萊德iShares安碩世界股票ETF基金
貝萊德iShares安碩世界股票ETF基金,2,J.P. MORGAN CLEARING CORP.,24578,3.01%,992314484,24302,0.00%,貝萊德投信,貝萊德iShares安碩世界股票ETF基金
貝萊德iShares安碩世界股票ETF基金,3,群益金鼎證券,106146,12.98%,544784880,106146,0.02%,貝萊德投信,貝萊德iShares安碩世界股票ETF基金
貝萊德iShares安碩世界股票ETF基金,4,MERRILL LYNCH INTL LTD LONDON,142564,17.44%,420689100,142564,0.03%,貝萊德投信,貝萊德iShares安碩世界股票ETF基金
貝萊德iShares安碩世界股票ETF基金,5,BNP PARIBAS PRIME BROKERAGE INC.,4734,0.58%,276590920,4734,0.00%,貝萊德投信,貝萊德iShares安碩世界股票ETF基金
貝萊德iShares安碩10年期以上A級美元公司債ETF基金 (基金之配息來源 可能為收益平準金),1,GOLDMAN SACHS INTERNATIONAL LONDON,0,0.00%,0,0,0.00%,貝萊德投信,貝萊德iShares安碩10年期以上A級美元公司債ETF基金
貝萊德iShares安碩10年期以上A級美元公司債ETF基金 (基金之配息來源 可能為收益平準金),2,GOLDMAN SACHS AND CO NEW YORK,0,0.00%,0,0,0.00%,貝萊德投信,貝萊德iShares安碩10年期以上A級美元公司債ETF基金
貝萊德iShares安碩10年期以上A級美元公司債ETF基金 (基金之配息來源 可能為收益平準金),3,WELLS FARGO SECURITIES LLC,0,0.00%,0,0,0.00%,貝萊德投信,貝萊德iShares安碩10年期以上A級美元公司債ETF基金
貝萊德iShares安碩10年期以上A級美元公司債ETF基金 (基金之配息來源 可能為收益平準金),4,BANC OF AMERICA SECURITIES ASIA LIMITED,0,0.00%,0,0,0.00%,貝萊德投信,貝萊德iShares安碩10年期以上A級美元公司債ETF基金
貝萊德iShares安碩10年期以上A級美元公司債ETF基金 (基金之配息來源 可能為收益平準金),5,J.P. MORGAN SEC'S - FIXED INC.,0,0.00%,0,0,0.00%,貝萊德投信,貝萊德iShares安碩10年期以上A級美元公司債ETF基金
貝萊德寶利基金,1,香港商麥格理資本台灣證券分公司,137507,11.96%,171944500,137507,0.08%,貝萊德投信,貝萊德寶利基金
貝萊德寶利基金,2,元大證券,124417,10.82%,155521514,124417,0.08%,貝萊德投信,貝萊德寶利基金
貝萊德寶利基金,3,新加坡商瑞銀證券台北分公司,123019,10.70%,153810055,123019,0.08%,貝萊德投信,貝萊德寶利基金
貝萊德寶利基金,4,富邦證券,117064,10.18%,146346501,117064,0.08%,貝萊德投信,貝萊德寶利基金
貝萊德寶利基金,5,香港上海滙豐證券,111215,9.67%,139018573,111215,0.08%,貝萊德投信,貝萊德寶利基金
野村全球科技多重資產基金 (本基金有相當比重投資於非投資等級之高風險債券且配息來源可能為本金),1,Daiwa Securities (HK),1007358,10.08%,2005780844,1007358,0.05%,野村投信,野村全球科技多重資產基金
野村全球科技多重資產基金 (本基金有相當比重投資於非投資等級之高風險債券且配息來源可能為本金),2,JP MORGAN,1959402,19.61%,1951396847,1959402,0.10%,野村投信,野村全球科技多重資產基金
野村全球科技多重資產基金 (本基金有相當比重投資於非投資等級之高風險債券且配息來源可能為本金),3,UBS WARBURG,1839174,18.41%,1690666878,1839174,0.11%,野村投信,野村全球科技多重資產基金
野村全球科技多重資產基金 (本基金有相當比重投資於非投資等級之高風險債券且配息來源可能為本金),4,CITIGROUP GLOBAL MARKETS,1052118,10.53%,1052115596,1052118,0.10%,野村投信,野村全球科技多重資產基金
野村全球科技多重資產基金 (本基金有相當比重投資於非投資等級之高風險債券且配息來源可能為本金),5,花旗環球證券,963553,9.64%,963589375,963553,0.10%,野村投信,野村全球科技多重資產基金
野村全球航運龍頭息收ETF基金 (本基金之配息來源可能為收益平準金且並無保證收益及配息),1,永豐金證券,208822,13.60%,265842356,208822,0.08%,野村投信,野村全球航運龍頭息收ETF基金
野村全球航運龍頭息收ETF基金 (本基金之配息來源可能為收益平準金且並無保證收益及配息),2,元大證券,149083,9.71%,226069699,149083,0.07%,野村投信,野村全球航運龍頭息收ETF基金
野村全球航運龍頭息收ETF基金 (本基金之配息來源可能為收益平準金且並無保證收益及配息),3,Taishin Securities,123490,8.04%,164815481,123490,0.07%,野村投信,野村全球航運龍頭息收ETF基金
野村全球航運龍頭息收ETF基金 (本基金之配息來源可能為收益平準金且並無保證收益及配息),4,Masterlink Securities,80537,5.24%,143969549,80537,0.06%,野村投信,野村全球航運龍頭息收ETF基金
野村全球航運龍頭息收ETF基金 (本基金之配息來源可能為收益平準金且並無保證收益及配息),5,中信證券,110125,7.17%,140823479,110125,0.08%,野村投信,野村全球航運龍頭息收ETF基金
野村美日ETF傘型基金之美國創新研發龍頭ETF基金,1,元大證券,155913,19.23%,310007580,155913,0.05%,野村投信,野村美日ETF傘型基金之美國創新研發龍頭ETF基金
野村美日ETF傘型基金之美國創新研發龍頭ETF基金,2,富邦證券,136832,16.87%,273660167,136832,0.05%,野村投信,野村美日ETF傘型基金之美國創新研發龍頭ETF基金
野村美日ETF傘型基金之美國創新研發龍頭ETF基金,3,群益金鼎證券,128548,15.85%,257086581,128548,0.05%,野村投信,野村美日ETF傘型基金之美國創新研發龍頭ETF基金
野村美日ETF傘型基金之美國創新研發龍頭ETF基金,4,President Securities,72626,8.96%,145248300,72626,0.05%,野村投信,野村美日ETF傘型基金之美國創新研發龍頭ETF基金
野村美日ETF傘型基金之美國創新研發龍頭ETF基金,5,Taishin Securities,68088,8.40%,136172444,68088,0.05%,野村投信,野村美日ETF傘型基金之美國創新研發龍頭ETF基金
野村美日ETF傘型基金之日本價值動能高息ETF基金 (本基金之配息來源可能為收益平準金且並無保證收益及配息),1,群益金鼎證券,32760,11.80%,40951560,32760,0.08%,野村投信,野村美日ETF傘型基金之日本價值動能高息ETF基金
野村美日ETF傘型基金之日本價值動能高息ETF基金 (本基金之配息來源可能為收益平準金且並無保證收益及配息),2,Taishin Securities,26416,9.52%,33020771,26416,0.08%,野村投信,野村美日ETF傘型基金之日本價值動能高息ETF基金
野村美日ETF傘型基金之日本價值動能高息ETF基金 (本基金之配息來源可能為收益平準金且並無保證收益及配息),3,元大證券,23854,8.60%,29817330,23854,0.08%,野村投信,野村美日ETF傘型基金之日本價值動能高息ETF基金
野村美日ETF傘型基金之日本價值動能高息ETF基金 (本基金之配息來源可能為收益平準金且並無保證收益及配息),4,富邦證券,23486,8.46%,29357506,23486,0.08%,野村投信,野村美日ETF傘型基金之日本價值動能高息ETF基金
野村美日ETF傘型基金之日本價值動能高息ETF基金 (本基金之配息來源可能為收益平準金且並無保證收益及配息),5,台灣摩根士丹利證券,14412,5.19%,28829146,14412,0.05%,野村投信,野村美日ETF傘型基金之日本價值動能高息ETF基金
野村臺灣智慧優選主動式ETF基金 (本基金之配息來源可能為收益平準金),1,元大證券,3746824,16.14%,4164012300,3746824,0.09%,野村投信,野村臺灣智慧優選主動式ETF基金
野村臺灣智慧優選主動式ETF基金 (本基金之配息來源可能為收益平準金),2,台新證券,3740457,16.11%,4156521777,3740457,0.09%,野村投信,野村臺灣智慧優選主動式ETF基金
野村臺灣智慧優選主動式ETF基金 (本基金之配息來源可能為收益平準金),3,中信證券,2655820,11.44%,3321537412,2655820,0.08%,野村投信,野村臺灣智慧優選主動式ETF基金
野村臺灣智慧優選主動式ETF基金 (本基金之配息來源可能為收益平準金),4,富邦證券,2721622,11.72%,3025794200,2721622,0.09%,野村投信,野村臺灣智慧優選主動式ETF基金
野村臺灣智慧優選主動式ETF基金 (本基金之配息來源可能為收益平準金),5,永豐金證券,2401458,10.34%,2668888565,2401458,0.09%,野村投信,野村臺灣智慧優選主動式ETF基金
野村臺灣增強50主動式ETF基金,1,元大證券,8490552,16.80%,9438077760,8490552,0.09%,野村投信,野村臺灣增強50主動式ETF基金
野村臺灣增強50主動式ETF基金,2,富邦證券,6994732,13.84%,7780679788,6994732,0.09%,野村投信,野村臺灣增強50主動式ETF基金
野村臺灣增強50主動式ETF基金,3,永豐金證券,6519835,12.90%,7246093372,6519835,0.09%,野村投信,野村臺灣增強50主動式ETF基金
野村臺灣增強50主動式ETF基金,4,中信證券,4969163,9.83%,6217412856,4969163,0.08%,野村投信,野村臺灣增強50主動式ETF基金
野村臺灣增強50主動式ETF基金,5,台新證券,4799953,9.50%,5334293394,4799953,0.09%,野村投信,野村臺灣增強50主動式ETF基金
野村日本東證ETF基金,1,凱基證券,74208,16.80%,74207414,74208,0.10%,野村投信,野村日本東證ETF基金
野村日本東證ETF基金,2,HSBC_B,25375,5.75%,63438802,25375,0.04%,野村投信,野村日本東證ETF基金
野村日本東證ETF基金,3,Taishin Securities,39172,8.87%,48964495,39172,0.08%,野村投信,野村日本東證ETF基金
野村日本東證ETF基金,4,CITIGROUP GLOBAL MARKETS,23371,5.29%,46745149,23371,0.05%,野村投信,野村日本東證ETF基金
野村日本東證ETF基金,5,群益金鼎證券,31563,7.15%,39453490,31563,0.08%,野村投信,野村日本東證ETF基金
野村澳洲10年期以上主權及類主權債券ETF基金 (本基金之配息來源可能為收益平準金),1,元大證券,0,0.00%,0,0,0.00%,野村投信,野村澳洲10年期以上主權及類主權債券ETF基金
野村澳洲10年期以上主權及類主權債券ETF基金 (本基金之配息來源可能為收益平準金),2,UBS AG,0,0.00%,0,0,0.00%,野村投信,野村澳洲10年期以上主權及類主權債券ETF基金
野村澳洲10年期以上主權及類主權債券ETF基金 (本基金之配息來源可能為收益平準金),3,Merrill Lynch Asia Pacific Limited,0,0.00%,0,0,0.00%,野村投信,野村澳洲10年期以上主權及類主權債券ETF基金
野村澳洲10年期以上主權及類主權債券ETF基金 (本基金之配息來源可能為收益平準金),4,The Hongkong and Shanghai Banking Corpor,0,0.00%,0,0,0.00%,野村投信,野村澳洲10年期以上主權及類主權債券ETF基金
野村澳洲10年期以上主權及類主權債券ETF基金 (本基金之配息來源可能為收益平準金),5,Citigroup Global Markets Limited,0,0.00%,0,0,0.00%,野村投信,野村澳洲10年期以上主權及類主權債券ETF基金
野村成長傘型基金之臺灣創新科技50ETF連結基金,1,台新證券,440198,14.42%,489696261,440198,0.09%,野村投信,野村成長傘型基金之臺灣創新科技50ETF連結基金
野村成長傘型基金之臺灣創新科技50ETF連結基金,2,永豐金證券,432097,14.16%,480299850,432097,0.09%,野村投信,野村成長傘型基金之臺灣創新科技50ETF連結基金
野村成長傘型基金之臺灣創新科技50ETF連結基金,3,香港商野村國際證券有限公司台北分公司,271826,8.91%,340679370,271826,0.08%,野村投信,野村成長傘型基金之臺灣創新科技50ETF連結基金
野村成長傘型基金之臺灣創新科技50ETF連結基金,4,統一綜合證券,300038,9.83%,334232340,300038,0.09%,野村投信,野村成長傘型基金之臺灣創新科技50ETF連結基金
野村成長傘型基金之臺灣創新科技50ETF連結基金,5,凱基證券,297781,9.76%,331722540,297781,0.09%,野村投信,野村成長傘型基金之臺灣創新科技50ETF連結基金
野村臺灣策略高息主動式ETF基金 (本基金之配息來源可能為收益平準金且並無保證收益及配息),1,元大證券,6018666,17.96%,6694459150,6018666,0.09%,野村投信,野村臺灣策略高息主動式ETF基金
野村臺灣策略高息主動式ETF基金 (本基金之配息來源可能為收益平準金且並無保證收益及配息),2,富邦證券,5889185,17.58%,6558536137,5889185,0.09%,野村投信,野村臺灣策略高息主動式ETF基金
野村臺灣策略高息主動式ETF基金 (本基金之配息來源可能為收益平準金且並無保證收益及配息),3,中信證券,3444727,10.28%,4321048601,3444727,0.08%,野村投信,野村臺灣策略高息主動式ETF基金
野村臺灣策略高息主動式ETF基金 (本基金之配息來源可能為收益平準金且並無保證收益及配息),4,永豐金證券,3621862,10.81%,4030402426,3621862,0.09%,野村投信,野村臺灣策略高息主動式ETF基金
野村臺灣策略高息主動式ETF基金 (本基金之配息來源可能為收益平準金且並無保證收益及配息),5,凱基證券,3570991,10.66%,3974071850,3570991,0.09%,野村投信,野村臺灣策略高息主動式ETF基金
野村全球稀土與關鍵資源ETF基金,1,元大證券,1873163,13.80%,2338171215,1873163,0.08%,野村投信,野村全球稀土與關鍵資源ETF基金
野村全球稀土與關鍵資源ETF基金,2,Taishin Securities,1571708,11.58%,2060186035,1571708,0.08%,野村投信,野村全球稀土與關鍵資源ETF基金
野村全球稀土與關鍵資源ETF基金,3,群益金鼎證券,1401578,10.33%,2018892434,1401578,0.07%,野村投信,野村全球稀土與關鍵資源ETF基金
野村全球稀土與關鍵資源ETF基金,4,富邦證券,1502962,11.07%,1888113909,1502962,0.08%,野村投信,野村全球稀土與關鍵資源ETF基金
野村全球稀土與關鍵資源ETF基金,5,永豐金證券,1517268,11.18%,1741951737,1517268,0.09%,野村投信,野村全球稀土與關鍵資源ETF基金
野村臺灣智慧優選主動式ETF連結基金,1,凱基證券,275750,19.17%,308269570,275750,0.09%,野村投信,野村臺灣智慧優選主動式ETF連結基金
野村臺灣智慧優選主動式ETF連結基金,2,永豐金證券,110538,7.69%,122837230,110538,0.09%,野村投信,野村臺灣智慧優選主動式ETF連結基金
野村臺灣智慧優選主動式ETF連結基金,3,國泰綜合證券,93312,6.49%,104918150,93312,0.09%,野村投信,野村臺灣智慧優選主動式ETF連結基金
野村臺灣智慧優選主動式ETF連結基金,4,統一綜合證券,94330,6.56%,104902750,94330,0.09%,野村投信,野村臺灣智慧優選主動式ETF連結基金
野村臺灣智慧優選主動式ETF連結基金,5,國票綜合證券,93865,6.53%,104895280,93865,0.09%,野村投信,野村臺灣智慧優選主動式ETF連結基金
野村鴻運基金,1,統一綜合證券,2711056,10.46%,3012475300,2711056,0.09%,野村投信,野村鴻運基金
野村鴻運基金,2,香港商野村國際證券有限公司台北分公司,2224494,8.58%,2781027200,2224494,0.08%,野村投信,野村鴻運基金
野村鴻運基金,3,元大證券,1944667,7.50%,2160872500,1944667,0.09%,野村投信,野村鴻運基金
野村鴻運基金,4,香港商麥格理資本台灣證券分公司,1735764,6.70%,1929513400,1735764,0.09%,野村投信,野村鴻運基金
野村鴻運基金,5,新加坡商瑞銀證券台北分公司,1815790,7.01%,1816111200,1815790,0.10%,野村投信,野村鴻運基金
野村鴻利基金,1,統一綜合證券,492676,12.85%,547486317,492676,0.09%,野村投信,野村鴻利基金
野村鴻利基金,2,中信證券,317644,8.28%,397095600,317644,0.08%,野村投信,野村鴻利基金
野村鴻利基金,3,台新證券,308208,8.04%,342582725,308208,0.09%,野村投信,野村鴻利基金
野村鴻利基金,4,元大證券,275002,7.17%,305627500,275002,0.09%,野村投信,野村鴻利基金
野村鴻利基金,5,國票綜合證券,262621,6.85%,291869278,262621,0.09%,野村投信,野村鴻利基金
野村台灣運籌基金,1,台新證券,2296211,14.15%,2551675223,2296211,0.09%,野村投信,野村台灣運籌基金
野村台灣運籌基金,2,統一綜合證券,1988774,12.26%,2209866923,1988774,0.09%,野村投信,野村台灣運籌基金
野村台灣運籌基金,3,元大證券,1617324,9.97%,1797209075,1617324,0.09%,野村投信,野村台灣運籌基金
野村台灣運籌基金,4,香港商野村國際證券有限公司台北分公司,1365503,8.42%,1707254000,1365503,0.08%,野村投信,野村台灣運籌基金
野村台灣運籌基金,5,玉山綜合證券,1134785,6.99%,1261033500,1134785,0.09%,野村投信,野村台灣運籌基金
野村環球基金,1,UBS WARBURG,3711987,22.49%,3414151321,3711987,0.11%,野村投信,野村環球基金
野村環球基金,2,Daiwa Securities (HK),1585112,9.61%,3141884755,1585112,0.05%,野村投信,野村環球基金
野村環球基金,3,JP MORGAN,3094395,18.75%,3074680465,3094395,0.10%,野村投信,野村環球基金
野村環球基金,4,CITIGROUP GLOBAL MARKETS,2712579,16.44%,2712576536,2712579,0.10%,野村投信,野村環球基金
野村環球基金,5,CGS-CIMB Securities (Hong Kong) Limited,1641964,9.95%,1094641414,1641964,0.15%,野村投信,野村環球基金
野村積極成長基金,1,中信證券,778577,9.66%,973296400,778577,0.08%,野村投信,野村積極成長基金
野村積極成長基金,2,國票綜合證券,801051,9.94%,890160285,801051,0.09%,野村投信,野村積極成長基金
野村積極成長基金,3,統一綜合證券,786032,9.75%,873439725,786032,0.09%,野村投信,野村積極成長基金
野村積極成長基金,4,香港商野村國際證券有限公司台北分公司,673523,8.36%,842059100,673523,0.08%,野村投信,野村積極成長基金
野村積極成長基金,5,台新證券,589396,7.31%,654946920,589396,0.09%,野村投信,野村積極成長基金
野村全球品牌基金,1,UBS WARBURG,2588720,22.22%,2375767504,2588720,0.11%,野村投信,野村全球品牌基金
野村全球品牌基金,2,Daiwa Securities (HK),1191486,10.23%,2258143330,1191486,0.05%,野村投信,野村全球品牌基金
野村全球品牌基金,3,JP MORGAN,2059031,17.67%,2048832805,2059031,0.10%,野村投信,野村全球品牌基金
野村全球品牌基金,4,CITIGROUP GLOBAL MARKETS,1824949,15.66%,1824948517,1824949,0.10%,野村投信,野村全球品牌基金
野村全球品牌基金,5,CGS-CIMB Securities (Hong Kong) Limited,1253643,10.76%,835761848,1253643,0.15%,野村投信,野村全球品牌基金
野村成長基金,1,統一綜合證券,1044686,10.97%,1160819551,1044686,0.09%,野村投信,野村成長基金
野村成長基金,2,台新證券,1019682,10.70%,1133182892,1019682,0.09%,野村投信,野村成長基金
野村成長基金,3,中信證券,868390,9.11%,1085527000,868390,0.08%,野村投信,野村成長基金
野村成長基金,4,元大證券,867939,9.11%,964476690,867939,0.09%,野村投信,野村成長基金
野村成長基金,5,兆豐證券,630225,6.62%,787833410,630225,0.08%,野村投信,野村成長基金
野村高科技基金,1,元大證券,8881669,11.87%,9869654200,8881669,0.09%,野村投信,野村高科技基金
野村高科技基金,2,富邦證券,8779799,11.73%,9760206135,8779799,0.09%,野村投信,野村高科技基金
野村高科技基金,3,凱基證券,7263388,9.71%,8071628800,7263388,0.09%,野村投信,野村高科技基金
野村高科技基金,4,永豐金證券,6657705,8.90%,7398031182,6657705,0.09%,野村投信,野村高科技基金
野村高科技基金,5,國泰綜合證券,6335402,8.47%,7040382994,6335402,0.09%,野村投信,野村高科技基金
野村平衡基金,1,統一綜合證券,436878,10.07%,485465105,436878,0.09%,野村投信,野村平衡基金
野村平衡基金,2,香港商野村國際證券有限公司台北分公司,366213,8.44%,457837500,366213,0.08%,野村投信,野村平衡基金
野村平衡基金,3,香港商麥格理資本台灣證券分公司,377268,8.70%,419257500,377268,0.09%,野村投信,野村平衡基金
野村平衡基金,4,台新證券,307692,7.10%,341944245,307692,0.09%,野村投信,野村平衡基金
野村平衡基金,5,康和綜合證券,303128,6.99%,336833585,303128,0.09%,野村投信,野村平衡基金
野村ｅ科技基金,1,元大證券,4970293,11.21%,5523812000,4970293,0.09%,野村投信,野村ｅ科技基金
野村ｅ科技基金,2,富邦證券,4807875,10.85%,5345181390,4807875,0.09%,野村投信,野村ｅ科技基金
野村ｅ科技基金,3,凱基證券,4379906,9.88%,4867727000,4379906,0.09%,野村投信,野村ｅ科技基金
野村ｅ科技基金,4,永豐金證券,4260871,9.61%,4734892800,4260871,0.09%,野村投信,野村ｅ科技基金
野村ｅ科技基金,5,國泰綜合證券,3885627,8.77%,4318263521,3885627,0.09%,野村投信,野村ｅ科技基金
野村中小基金,1,香港商野村國際證券有限公司台北分公司,4022718,8.86%,5029037100,4022718,0.08%,野村投信,野村中小基金
野村中小基金,2,摩根大通證券,4423010,9.75%,4423553700,4423010,0.10%,野村投信,野村中小基金
野村中小基金,3,新加坡商瑞銀證券台北分公司,4378367,9.65%,4379073500,4378367,0.10%,野村投信,野村中小基金
野村中小基金,4,統一綜合證券,3900967,8.60%,4334587892,3900967,0.09%,野村投信,野村中小基金
野村中小基金,5,香港商麥格理資本台灣證券分公司,3796837,8.37%,4220536600,3796837,0.09%,野村投信,野村中小基金
野村優質基金,1,統一綜合證券,4000918,11.51%,4445554000,4000918,0.09%,野村投信,野村優質基金
野村優質基金,2,元大證券,2849281,8.19%,3165944000,2849281,0.09%,野村投信,野村優質基金
野村優質基金,3,摩根大通證券,2633236,7.57%,2633236400,2633236,0.10%,野村投信,野村優質基金
野村優質基金,4,富邦證券,1977331,5.69%,2197178680,1977331,0.09%,野村投信,野村優質基金
野村優質基金,5,大和國泰證券,1937185,5.57%,2152726000,1937185,0.09%,野村投信,野村優質基金
野村泰國基金,1,UOB,474821,47.22%,152680866,474821,0.31%,野村投信,野村泰國基金
野村泰國基金,2,BNP PARIBAS PEREGRINE,89145,8.87%,89143993,89145,0.10%,野村投信,野村泰國基金
野村泰國基金,3,凱基證券,168658,16.77%,84328546,168658,0.20%,野村投信,野村泰國基金
野村泰國基金,4,JP MORGAN,56934,5.66%,56933862,56934,0.10%,野村投信,野村泰國基金
野村泰國基金,5,Instinet Pacific Limited,54046,5.37%,54046633,54046,0.10%,野村投信,野村泰國基金
野村中國機會基金,1,UBS WARBURG,2102995,33.61%,1173921942,2102995,0.18%,野村投信,野村中國機會基金
野村中國機會基金,2,CITIGROUP GLOBAL MARKETS,1088826,17.40%,1088825529,1088826,0.10%,野村投信,野村中國機會基金
野村中國機會基金,3,Shenwan Hongyuan Securities (HK) Ltd,775058,12.39%,603579951,775058,0.13%,野村投信,野村中國機會基金
野村中國機會基金,4,CIS,405465,6.48%,405464413,405465,0.10%,野村投信,野村中國機會基金
野村中國機會基金,5,凱基證券,373868,5.98%,344579502,373868,0.11%,野村投信,野村中國機會基金
野村巴西基金,1,UBS WARBURG,115355,24.84%,93154159,115355,0.12%,野村投信,野村巴西基金
野村巴西基金,2,CITIGROUP GLOBAL MARKETS,79320,17.08%,79319729,79320,0.10%,野村投信,野村巴西基金
野村巴西基金,3,台灣摩根士丹利證券,94505,20.35%,77176336,94505,0.12%,野村投信,野村巴西基金
野村巴西基金,4,Goldman Sachs (Asia) L.L.C.,55091,11.86%,60970222,55091,0.09%,野村投信,野村巴西基金
野村巴西基金,5,JP MORGAN,57315,12.34%,44088769,57315,0.13%,野村投信,野村巴西基金
野村雙印傘型基金之印度潛力基金,1,Spark Institutional Equities Private Lim,875735,29.75%,474483530,875735,0.18%,野村投信,野村雙印傘型基金之印度潛力基金
野村雙印傘型基金之印度潛力基金,2,HSBC_B,618510,21.01%,362126527,618510,0.17%,野村投信,野村雙印傘型基金之印度潛力基金
野村雙印傘型基金之印度潛力基金,3,UBS WARBURG,726611,24.68%,333308872,726611,0.22%,野村投信,野村雙印傘型基金之印度潛力基金
野村雙印傘型基金之印度潛力基金,4,CITIGROUP GLOBAL MARKETS,305767,10.39%,305766713,305767,0.10%,野村投信,野村雙印傘型基金之印度潛力基金
野村雙印傘型基金之印度潛力基金,5,Merrill Lynch,225153,7.65%,225152913,225153,0.10%,野村投信,野村雙印傘型基金之印度潛力基金
野村動態配置多重資產基金 (本基金有相當比重投資於非投資等級之高風險債券且配息來源可能為本金),1,Daiwa Securities (HK),147546,12.03%,274450520,147546,0.05%,野村投信,野村動態配置多重資產基金
野村動態配置多重資產基金 (本基金有相當比重投資於非投資等級之高風險債券且配息來源可能為本金),2,UBS WARBURG,282595,23.05%,269848366,282595,0.10%,野村投信,野村動態配置多重資產基金
野村動態配置多重資產基金 (本基金有相當比重投資於非投資等級之高風險債券且配息來源可能為本金),3,JP MORGAN,226994,18.51%,225822276,226994,0.10%,野村投信,野村動態配置多重資產基金
野村動態配置多重資產基金 (本基金有相當比重投資於非投資等級之高風險債券且配息來源可能為本金),4,CITIGROUP GLOBAL MARKETS,176551,14.40%,176550246,176551,0.10%,野村投信,野村動態配置多重資產基金
野村動態配置多重資產基金 (本基金有相當比重投資於非投資等級之高風險債券且配息來源可能為本金),5,台灣摩根士丹利證券,130979,10.68%,130115920,130979,0.10%,野村投信,野村動態配置多重資產基金
野村日本領先基金,1,Sanford C. Bernstein,700114,31.03%,466745975,700114,0.15%,野村投信,野村日本領先基金
野村日本領先基金,2,UBS WARBURG,382919,16.97%,382919936,382919,0.10%,野村投信,野村日本領先基金
野村日本領先基金,3,Daiwa Securities (HK),187402,8.31%,374804632,187402,0.05%,野村投信,野村日本領先基金
野村日本領先基金,4,JP MORGAN,304597,13.50%,304597572,304597,0.10%,野村投信,野村日本領先基金
野村日本領先基金,5,CITIGROUP GLOBAL MARKETS,297186,13.17%,297188601,297186,0.10%,野村投信,野村日本領先基金
野村多元收益多重資產基金 (本基金有相當比重投資於非投資等級之高風險債券且配息來源可能為本金且並無保證收益及配息),1,UBS WARBURG,1553009,27.34%,1541141511,1553009,0.10%,野村投信,野村多元收益多重資產基金
野村多元收益多重資產基金 (本基金有相當比重投資於非投資等級之高風險債券且配息來源可能為本金且並無保證收益及配息),2,JP MORGAN,1306601,23.00%,1301022582,1306601,0.10%,野村投信,野村多元收益多重資產基金
野村多元收益多重資產基金 (本基金有相當比重投資於非投資等級之高風險債券且配息來源可能為本金且並無保證收益及配息),3,Daiwa Securities (HK),650309,11.45%,1300613984,650309,0.05%,野村投信,野村多元收益多重資產基金
野村多元收益多重資產基金 (本基金有相當比重投資於非投資等級之高風險債券且配息來源可能為本金且並無保證收益及配息),4,CITIGROUP GLOBAL MARKETS,1290653,22.72%,1290652469,1290653,0.10%,野村投信,野村多元收益多重資產基金
野村多元收益多重資產基金 (本基金有相當比重投資於非投資等級之高風險債券且配息來源可能為本金且並無保證收益及配息),5,台灣摩根士丹利證券,508898,8.96%,504643667,508898,0.10%,野村投信,野村多元收益多重資產基金
野村亞太高股息基金 (本基金之配息來源可能為本金且並無保證收益及配息),1,UBS WARBURG,851712,20.26%,509556145,851712,0.17%,野村投信,野村亞太高股息基金
野村亞太高股息基金 (本基金之配息來源可能為本金且並無保證收益及配息),2,花旗環球證券,379714,9.03%,379841867,379714,0.10%,野村投信,野村亞太高股息基金
野村亞太高股息基金 (本基金之配息來源可能為本金且並無保證收益及配息),3,美商高盛亞洲證券有限公司台北分公司,304966,7.25%,304968000,304966,0.10%,野村投信,野村亞太高股息基金
野村亞太高股息基金 (本基金之配息來源可能為本金且並無保證收益及配息),4,UOB,949727,22.59%,303710577,949727,0.31%,野村投信,野村亞太高股息基金
野村亞太高股息基金 (本基金之配息來源可能為本金且並無保證收益及配息),5,JP MORGAN,329164,7.83%,303378875,329164,0.11%,野村投信,野村亞太高股息基金
野村全球生技醫療基金,1,UBS WARBURG,256083,22.67%,276919499,256083,0.09%,野村投信,野村全球生技醫療基金
野村全球生技醫療基金,2,Daiwa Securities (HK),144651,12.80%,271464464,144651,0.05%,野村投信,野村全球生技醫療基金
野村全球生技醫療基金,3,JP MORGAN,233344,20.65%,232883251,233344,0.10%,野村投信,野村全球生技醫療基金
野村全球生技醫療基金,4,CITIGROUP GLOBAL MARKETS,132272,11.71%,132272539,132272,0.10%,野村投信,野村全球生技醫療基金
野村全球生技醫療基金,5,台灣摩根士丹利證券,100634,8.91%,98729516,100634,0.10%,野村投信,野村全球生技醫療基金
野村全球正向效應成長基金 (本基金配息來源可能為本金且非屬環境、社會及治理相關主題基金),1,Daiwa Securities (HK),211677,12.09%,408302868,211677,0.05%,野村投信,野村全球正向效應成長基金
野村全球正向效應成長基金 (本基金配息來源可能為本金且非屬環境、社會及治理相關主題基金),2,JP MORGAN,363121,20.73%,361371482,363121,0.10%,野村投信,野村全球正向效應成長基金
野村全球正向效應成長基金 (本基金配息來源可能為本金且非屬環境、社會及治理相關主題基金),3,CITIGROUP GLOBAL MARKETS,355830,20.32%,355828862,355830,0.10%,野村投信,野村全球正向效應成長基金
野村全球正向效應成長基金 (本基金配息來源可能為本金且非屬環境、社會及治理相關主題基金),4,UBS WARBURG,387329,22.12%,336744879,387329,0.12%,野村投信,野村全球正向效應成長基金
野村全球正向效應成長基金 (本基金配息來源可能為本金且非屬環境、社會及治理相關主題基金),5,HSBC_B,40377,2.31%,115169777,40377,0.04%,野村投信,野村全球正向效應成長基金
野村全球基礎建設大未來基金,1,JP MORGAN,238203,18.87%,236491938,238203,0.10%,野村投信,野村全球基礎建設大未來基金
野村全球基礎建設大未來基金,2,UBS WARBURG,284888,22.57%,194602257,284888,0.15%,野村投信,野村全球基礎建設大未來基金
野村全球基礎建設大未來基金,3,CITIGROUP GLOBAL MARKETS,181701,14.40%,181702527,181701,0.10%,野村投信,野村全球基礎建設大未來基金
野村全球基礎建設大未來基金,4,Daiwa Securities (HK),80194,6.35%,156476332,80194,0.05%,野村投信,野村全球基礎建設大未來基金
野村全球基礎建設大未來基金,5,台灣摩根士丹利證券,111985,8.87%,104579120,111985,0.11%,野村投信,野村全球基礎建設大未來基金
野村環球時機多重資產基金 (本基金有相當比重投資於非投資等級之高風險債券且配息來源可能為本金),1,JP Morgan Securities LLC,20019,17.19%,77157684,20019,0.03%,野村投信,野村環球時機多重資產基金
野村環球時機多重資產基金 (本基金有相當比重投資於非投資等級之高風險債券且配息來源可能為本金),2,Goldman Sachs & Co,11679,10.03%,78959714,11679,0.01%,野村投信,野村環球時機多重資產基金
野村環球時機多重資產基金 (本基金有相當比重投資於非投資等級之高風險債券且配息來源可能為本金),3,Morgan Stanley & Co LLC,12244,10.52%,58931520,12244,0.02%,野村投信,野村環球時機多重資產基金
野村環球時機多重資產基金 (本基金有相當比重投資於非投資等級之高風險債券且配息來源可能為本金),4,Bank of America Securities Inc,12036,10.34%,65269687,12036,0.02%,野村投信,野村環球時機多重資產基金
野村環球時機多重資產基金 (本基金有相當比重投資於非投資等級之高風險債券且配息來源可能為本金),5,UBS Securities,11189,9.61%,47338768,11189,0.02%,野村投信,野村環球時機多重資產基金
野村策略轉機多重資產基金 (本基金有相當比重投資於非投資等級之高風險債券且配息來源可能為本金),1,Morgan Stanley & Co international PLC,0,0.00%,0,0,0.00%,野村投信,野村策略轉機多重資產基金
野村策略轉機多重資產基金 (本基金有相當比重投資於非投資等級之高風險債券且配息來源可能為本金),2,Citigroup Global Markets Limited,0,0.00%,0,0,0.00%,野村投信,野村策略轉機多重資產基金
野村策略轉機多重資產基金 (本基金有相當比重投資於非投資等級之高風險債券且配息來源可能為本金),3,JP MORGAN,35300,21.98%,34823586,35300,0.10%,野村投信,野村策略轉機多重資產基金
野村策略轉機多重資產基金 (本基金有相當比重投資於非投資等級之高風險債券且配息來源可能為本金),4,Nomura International PLC,0,0.00%,0,0,0.00%,野村投信,野村策略轉機多重資產基金
野村策略轉機多重資產基金 (本基金有相當比重投資於非投資等級之高風險債券且配息來源可能為本金),5,The Hongkong and Shanghai Banking Corpor,0,0.00%,0,0,0.00%,野村投信,野村策略轉機多重資產基金
野村臺灣創新科技50ETF基金 (本基金之配息來源可能為收益平準金),1,元大證券,3626371,13.72%,4030031534,3626371,0.09%,野村投信,野村臺灣創新科技50ETF基金
野村臺灣創新科技50ETF基金 (本基金之配息來源可能為收益平準金),2,富邦證券,3468225,13.12%,3853905100,3468225,0.09%,野村投信,野村臺灣創新科技50ETF基金
野村臺灣創新科技50ETF基金 (本基金之配息來源可能為收益平準金),3,中信證券,2677475,10.13%,3347448795,2677475,0.08%,野村投信,野村臺灣創新科技50ETF基金
野村臺灣創新科技50ETF基金 (本基金之配息來源可能為收益平準金),4,永豐金證券,2753978,10.42%,3060102150,2753978,0.09%,野村投信,野村臺灣創新科技50ETF基金
野村臺灣創新科技50ETF基金 (本基金之配息來源可能為收益平準金),5,台新證券,2481348,9.39%,2757210850,2481348,0.09%,野村投信,野村臺灣創新科技50ETF基金
野村臺灣趨勢動能高股息ETF基金 (本基金之配息來源可能為收益平準金且並無保證收益及配息),1,永豐金證券,204266,11.41%,227990120,204266,0.09%,野村投信,野村臺灣趨勢動能高股息ETF基金
野村臺灣趨勢動能高股息ETF基金 (本基金之配息來源可能為收益平準金且並無保證收益及配息),2,凱基證券,195399,10.91%,218603580,195399,0.09%,野村投信,野村臺灣趨勢動能高股息ETF基金
野村臺灣趨勢動能高股息ETF基金 (本基金之配息來源可能為收益平準金且並無保證收益及配息),3,富邦證券,187919,10.49%,209845695,187919,0.09%,野村投信,野村臺灣趨勢動能高股息ETF基金
野村臺灣趨勢動能高股息ETF基金 (本基金之配息來源可能為收益平準金且並無保證收益及配息),4,元大證券,180758,10.09%,201556370,180758,0.09%,野村投信,野村臺灣趨勢動能高股息ETF基金
野村臺灣趨勢動能高股息ETF基金 (本基金之配息來源可能為收益平準金且並無保證收益及配息),5,統一綜合證券,179461,10.02%,200064570,179461,0.09%,野村投信,野村臺灣趨勢動能高股息ETF基金
野村全球高股息基金 (本基金之配息來源可能為本金且並無保證收益及配息),1,UBS WARBURG,1764941,24.11%,1608675769,1764941,0.11%,野村投信,野村全球高股息基金
野村全球高股息基金 (本基金之配息來源可能為本金且並無保證收益及配息),2,Daiwa Securities (HK),831120,11.35%,1595599316,831120,0.05%,野村投信,野村全球高股息基金
野村全球高股息基金 (本基金之配息來源可能為本金且並無保證收益及配息),3,JP MORGAN,1558728,21.30%,1550854840,1558728,0.10%,野村投信,野村全球高股息基金
野村全球高股息基金 (本基金之配息來源可能為本金且並無保證收益及配息),4,CITIGROUP GLOBAL MARKETS,1028227,14.05%,1028227560,1028227,0.10%,野村投信,野村全球高股息基金
野村全球高股息基金 (本基金之配息來源可能為本金且並無保證收益及配息),5,花旗環球證券,525960,7.19%,526353290,525960,0.10%,野村投信,野村全球高股息基金
野村台灣高股息基金 (本基金之配息來源可能為本金且並無保證收益及配息),1,統一綜合證券,860381,11.50%,956299447,860381,0.09%,野村投信,野村台灣高股息基金
野村台灣高股息基金 (本基金之配息來源可能為本金且並無保證收益及配息),2,台新證券,678293,9.07%,754156368,678293,0.09%,野村投信,野村台灣高股息基金
野村台灣高股息基金 (本基金之配息來源可能為本金且並無保證收益及配息),3,中信證券,516293,6.90%,645690860,516293,0.08%,野村投信,野村台灣高股息基金
野村台灣高股息基金 (本基金之配息來源可能為本金且並無保證收益及配息),4,香港商麥格理資本台灣證券分公司,563574,7.53%,626870050,563574,0.09%,野村投信,野村台灣高股息基金
野村台灣高股息基金 (本基金之配息來源可能為本金且並無保證收益及配息),5,香港商野村國際證券有限公司台北分公司,466618,6.24%,583794050,466618,0.08%,野村投信,野村台灣高股息基金
聯邦台灣精彩50ETF基金 (本基金之配息來源可能為收益平準金),1,中信證券,572544,21.93%,572830508,572544,0.10%,聯邦投信,聯邦台灣精彩50ETF基金
聯邦台灣精彩50ETF基金 (本基金之配息來源可能為收益平準金),2,群益金鼎證券,352336,13.50%,352496246,352336,0.10%,聯邦投信,聯邦台灣精彩50ETF基金
聯邦台灣精彩50ETF基金 (本基金之配息來源可能為收益平準金),3,聯邦證券,275156,10.54%,275157805,275156,0.10%,聯邦投信,聯邦台灣精彩50ETF基金
聯邦台灣精彩50ETF基金 (本基金之配息來源可能為收益平準金),4,第一金證券,273270,10.47%,273555047,273270,0.10%,聯邦投信,聯邦台灣精彩50ETF基金
聯邦台灣精彩50ETF基金 (本基金之配息來源可能為收益平準金),5,兆豐證券,240821,9.23%,240978731,240821,0.10%,聯邦投信,聯邦台灣精彩50ETF基金
聯邦日本收益成長多重資產基金 (本基金配息來源可能為本金),1,中信證券,724295,11.87%,724305411,724295,0.10%,聯邦投信,聯邦日本收益成長多重資產基金
聯邦日本收益成長多重資產基金 (本基金配息來源可能為本金),2,國泰綜合證券,677639,11.11%,677636414,677639,0.10%,聯邦投信,聯邦日本收益成長多重資產基金
聯邦日本收益成長多重資產基金 (本基金配息來源可能為本金),3,Okasan,879220,14.41%,732691679,879220,0.12%,聯邦投信,聯邦日本收益成長多重資產基金
聯邦日本收益成長多重資產基金 (本基金配息來源可能為本金),4,兆豐證券,682151,11.18%,682152179,682151,0.10%,聯邦投信,聯邦日本收益成長多重資產基金
聯邦日本收益成長多重資產基金 (本基金配息來源可能為本金),5,元大證券,652323,10.69%,652323774,652323,0.10%,聯邦投信,聯邦日本收益成長多重資產基金
聯邦美國金融創新ETF基金 (本基金之配息來源可能為收益平準金),1,中信證券,526302,21.54%,656436517,526302,0.08%,聯邦投信,聯邦美國金融創新ETF基金
聯邦美國金融創新ETF基金 (本基金之配息來源可能為收益平準金),2,永豐金證券,523931,21.44%,651777962,523931,0.08%,聯邦投信,聯邦美國金融創新ETF基金
聯邦美國金融創新ETF基金 (本基金之配息來源可能為收益平準金),3,群益金鼎證券,521482,21.34%,650650086,521482,0.08%,聯邦投信,聯邦美國金融創新ETF基金
聯邦美國金融創新ETF基金 (本基金之配息來源可能為收益平準金),4,凱基證券,468367,19.17%,468367537,468367,0.10%,聯邦投信,聯邦美國金融創新ETF基金
聯邦美國金融創新ETF基金 (本基金之配息來源可能為收益平準金),5,元大證券,242947,9.94%,298655086,242947,0.08%,聯邦投信,聯邦美國金融創新ETF基金
聯邦精選科技基金,1,中信證券,838018,9.96%,838089700,838018,0.10%,聯邦投信,聯邦精選科技基金
聯邦精選科技基金,2,國票綜合證券,770059,9.15%,770074700,770059,0.10%,聯邦投信,聯邦精選科技基金
聯邦精選科技基金,3,群益金鼎證券,742767,8.83%,742835500,742767,0.10%,聯邦投信,聯邦精選科技基金
聯邦精選科技基金,4,兆豐證券,736629,8.75%,736676500,736629,0.10%,聯邦投信,聯邦精選科技基金
聯邦精選科技基金,5,康和綜合證券,656504,7.80%,656552200,656504,0.10%,聯邦投信,聯邦精選科技基金
聯邦中國龍基金,1,群益金鼎證券,101686,12.67%,101694000,101686,0.10%,聯邦投信,聯邦中國龍基金
聯邦中國龍基金,2,康和綜合證券,81312,10.13%,81315320,81312,0.10%,聯邦投信,聯邦中國龍基金
聯邦中國龍基金,3,國票綜合證券,73415,9.15%,73420000,73415,0.10%,聯邦投信,聯邦中國龍基金
聯邦中國龍基金,4,中信證券,68638,8.55%,68648400,68638,0.10%,聯邦投信,聯邦中國龍基金
聯邦中國龍基金,5,兆豐證券,62347,7.77%,62347500,62347,0.10%,聯邦投信,聯邦中國龍基金
聯邦環太平洋平衡基金 ((本基金有相當比重投資於非投資等級之高風險債券且基金之配息來源可能為本金)),1,兆豐證券,13642,17.29%,16028216,13642,0.09%,聯邦投信,聯邦環太平洋平衡基金
聯邦環太平洋平衡基金 ((本基金有相當比重投資於非投資等級之高風險債券且基金之配息來源可能為本金)),2,元大證券,11102,14.07%,13876892,11102,0.08%,聯邦投信,聯邦環太平洋平衡基金
聯邦環太平洋平衡基金 ((本基金有相當比重投資於非投資等級之高風險債券且基金之配息來源可能為本金)),3,中信證券,10150,12.87%,12687708,10150,0.08%,聯邦投信,聯邦環太平洋平衡基金
聯邦環太平洋平衡基金 ((本基金有相當比重投資於非投資等級之高風險債券且基金之配息來源可能為本金)),4,國泰綜合證券,9878,12.52%,12347545,9878,0.08%,聯邦投信,聯邦環太平洋平衡基金
聯邦環太平洋平衡基金 ((本基金有相當比重投資於非投資等級之高風險債券且基金之配息來源可能為本金)),5,遠智證券,13703,17.37%,11419514,13703,0.12%,聯邦投信,聯邦環太平洋平衡基金
聯邦高息策略多重資產基金 ((本基金有相當比重投資於非投資等級之高風險債券且配息來源可能為本金)),1,中信證券,38260,13.21%,45052689,38260,0.08%,聯邦投信,聯邦高息策略多重資產基金
聯邦高息策略多重資產基金 ((本基金有相當比重投資於非投資等級之高風險債券且配息來源可能為本金)),2,國泰綜合證券,35906,12.39%,44884300,35906,0.08%,聯邦投信,聯邦高息策略多重資產基金
聯邦高息策略多重資產基金 ((本基金有相當比重投資於非投資等級之高風險債券且配息來源可能為本金)),3,兆豐證券,45371,15.66%,52180641,45371,0.09%,聯邦投信,聯邦高息策略多重資產基金
聯邦高息策略多重資產基金 ((本基金有相當比重投資於非投資等級之高風險債券且配息來源可能為本金)),4,凱基證券,26653,9.20%,26656213,26653,0.10%,聯邦投信,聯邦高息策略多重資產基金
聯邦高息策略多重資產基金 ((本基金有相當比重投資於非投資等級之高風險債券且配息來源可能為本金)),5,富邦證券,38827,13.40%,46270026,38827,0.08%,聯邦投信,聯邦高息策略多重資產基金
聯邦低碳目標多重資產基金,1,凱基證券,7151,16.86%,7150958,7151,0.10%,聯邦投信,聯邦低碳目標多重資產基金
聯邦低碳目標多重資產基金,2,國泰綜合證券,9722,22.93%,10216897,9722,0.10%,聯邦投信,聯邦低碳目標多重資產基金
聯邦低碳目標多重資產基金,3,兆豐證券,5978,14.10%,7471526,5978,0.08%,聯邦投信,聯邦低碳目標多重資產基金
聯邦低碳目標多重資產基金,4,中信證券,5959,14.05%,7449041,5959,0.08%,聯邦投信,聯邦低碳目標多重資產基金
聯邦低碳目標多重資產基金,5,永豐金證券,5882,13.87%,7353329,5882,0.08%,聯邦投信,聯邦低碳目標多重資產基金
聯邦民生基礎建設股票入息基金 ((本基金配息來源可能為本金)),1,元大證券,55500,13.12%,69375203,55500,0.08%,聯邦投信,聯邦民生基礎建設股票入息基金
聯邦民生基礎建設股票入息基金 ((本基金配息來源可能為本金)),2,群益金鼎證券,65069,15.38%,63202512,65069,0.10%,聯邦投信,聯邦民生基礎建設股票入息基金
聯邦民生基礎建設股票入息基金 ((本基金配息來源可能為本金)),3,國泰綜合證券,50714,11.99%,62108848,50714,0.08%,聯邦投信,聯邦民生基礎建設股票入息基金
聯邦民生基礎建設股票入息基金 ((本基金配息來源可能為本金)),4,中信證券,48253,11.41%,58157716,48253,0.08%,聯邦投信,聯邦民生基礎建設股票入息基金
聯邦民生基礎建設股票入息基金 ((本基金配息來源可能為本金)),5,永豐金證券,38920,9.20%,47714912,38920,0.08%,聯邦投信,聯邦民生基礎建設股票入息基金
聯邦臺灣精選收益多重資產基金 ((本基金配息來源可能為本金)),1,中信證券,39574,13.16%,39577750,39574,0.10%,聯邦投信,聯邦臺灣精選收益多重資產基金
聯邦臺灣精選收益多重資產基金 ((本基金配息來源可能為本金)),2,元大證券,35266,11.73%,25592500,25592,0.10%,聯邦投信,聯邦臺灣精選收益多重資產基金
聯邦臺灣精選收益多重資產基金 ((本基金配息來源可能為本金)),3,國票綜合證券,25050,8.33%,25050000,25050,0.10%,聯邦投信,聯邦臺灣精選收益多重資產基金
聯邦臺灣精選收益多重資產基金 ((本基金配息來源可能為本金)),4,兆豐證券,21244,7.07%,11633000,11633,0.10%,聯邦投信,聯邦臺灣精選收益多重資產基金
聯邦臺灣精選收益多重資產基金 ((本基金配息來源可能為本金)),5,群益金鼎證券,21117,7.02%,19605450,19600,0.10%,聯邦投信,聯邦臺灣精選收益多重資產基金
聯邦金鑽平衡基金,1,群益金鼎證券,70540,11.94%,61927500,61927,0.10%,聯邦投信,聯邦金鑽平衡基金
聯邦金鑽平衡基金,2,中信證券,53722,9.09%,53722000,53722,0.10%,聯邦投信,聯邦金鑽平衡基金
聯邦金鑽平衡基金,3,元大證券,53337,9.03%,43577992,43576,0.10%,聯邦投信,聯邦金鑽平衡基金
聯邦金鑽平衡基金,4,第一金證券,45123,7.64%,45123000,45123,0.10%,聯邦投信,聯邦金鑽平衡基金
聯邦金鑽平衡基金,5,國票綜合證券,40272,6.81%,40272000,40272,0.10%,聯邦投信,聯邦金鑽平衡基金
東方匯理全球多重資產成長收益基金 (本基金有相當比重投資於非投資等級之高風險債券且配息來源可能為本金),1,MORGAN STANLEY BANK AG,111701,47.61%,1008521304,100856,0.01%,東方投信,東方匯理全球多重資產成長收益基金
東方匯理全球多重資產成長收益基金 (本基金有相當比重投資於非投資等級之高風險債券且配息來源可能為本金),2,SG COWEN SEC INC NEW YORK,88418,37.69%,884218138,88418,0.01%,東方投信,東方匯理全球多重資產成長收益基金
東方匯理全球多重資產成長收益基金 (本基金有相當比重投資於非投資等級之高風險債券且配息來源可能為本金),3,群益金鼎證券,0,0.00%,0,0,0.00%,東方投信,東方匯理全球多重資產成長收益基金
東方匯理全球多重資產成長收益基金 (本基金有相當比重投資於非投資等級之高風險債券且配息來源可能為本金),4,GOLDMAN SACHS INTERNATIONAL LONDON,4442,1.89%,232913594,4442,0.00%,東方投信,東方匯理全球多重資產成長收益基金
東方匯理全球多重資產成長收益基金 (本基金有相當比重投資於非投資等級之高風險債券且配息來源可能為本金),5,CITIGROUP GLOBAL MKTS LTD LDN,10461,4.46%,104605371,10461,0.01%,東方投信,東方匯理全球多重資產成長收益基金
東方匯理實質收息多重資產基金 (本基金之配息來源可能為本金),1,GOLDMAN SACHS INTERNATIONAL LONDON,11494,7.53%,674342531,11494,0.00%,東方投信,東方匯理實質收息多重資產基金
東方匯理實質收息多重資產基金 (本基金之配息來源可能為本金),2,MORGAN STANLEY BANK AG,58075,38.04%,554038057,55403,0.01%,東方投信,東方匯理實質收息多重資產基金
東方匯理實質收息多重資產基金 (本基金之配息來源可能為本金),3,BOFA SECURITIES INC,32220,21.10%,139899949,13990,0.01%,東方投信,東方匯理實質收息多重資產基金
東方匯理實質收息多重資產基金 (本基金之配息來源可能為本金),4,J.P.MORGAN SECURITIES INC NY,17780,11.64%,177806701,17780,0.01%,東方投信,東方匯理實質收息多重資產基金
東方匯理實質收息多重資產基金 (本基金之配息來源可能為本金),5,SOCIETE GENERALE,2064,1.35%,20644824,2064,0.01%,東方投信,東方匯理實質收息多重資產基金
東方匯理先進醫療科技多重資產基金 (本基金之配息來源可能為本金),1,CALYON CORP AND INV BANK PARIS,1025,10.58%,10258349,1025,0.01%,東方投信,東方匯理先進醫療科技多重資產基金
東方匯理先進醫療科技多重資產基金 (本基金之配息來源可能為本金),2,SOCIETE GENERALE,0,0.00%,0,0,0.00%,東方投信,東方匯理先進醫療科技多重資產基金
東方匯理先進醫療科技多重資產基金 (本基金之配息來源可能為本金),3,J.P.MORGAN SECURITIES INC NY,2385,24.62%,22571417,2257,0.01%,東方投信,東方匯理先進醫療科技多重資產基金
東方匯理先進醫療科技多重資產基金 (本基金之配息來源可能為本金),4,MORGAN STANLEY BANK AG,2371,24.48%,23706334,2371,0.01%,東方投信,東方匯理先進醫療科技多重資產基金
東方匯理先進醫療科技多重資產基金 (本基金之配息來源可能為本金),5,CITIGROUP GLOBAL MKTS LTD LDN,1336,13.79%,12507526,1250,0.01%,東方投信,東方匯理先進醫療科技多重資產基金
東方匯理創新趨勢多重資產基金 (本基金之配息來源可能為本金),1,CALYON CORP AND INV BANK PARIS,732,4.34%,7323775,732,0.01%,東方投信,東方匯理創新趨勢多重資產基金
東方匯理創新趨勢多重資產基金 (本基金之配息來源可能為本金),2,SG COWEN SEC INC NEW YORK,5208,30.88%,49343428,4935,0.01%,東方投信,東方匯理創新趨勢多重資產基金
東方匯理創新趨勢多重資產基金 (本基金之配息來源可能為本金),3,CITIGROUP GLOBAL MKTS LTD LDN,4765,28.25%,44521736,4765,0.01%,東方投信,東方匯理創新趨勢多重資產基金
東方匯理創新趨勢多重資產基金 (本基金之配息來源可能為本金),4,MORGAN STANLEY BANK AG,1990,11.80%,19893873,1990,0.01%,東方投信,東方匯理創新趨勢多重資產基金
東方匯理創新趨勢多重資產基金 (本基金之配息來源可能為本金),5,SOCIETE GENERALE,107,0.63%,485194,48,0.01%,東方投信,東方匯理創新趨勢多重資產基金
安聯AI收益成長多重資產基金 (本基金有相當比重投資於非投資等級之高風險債券且配息來源可能為本金),1,Barclays Bank PLC,137854,9.60%,2900417543,137854,0.00%,安聯投信,安聯AI收益成長多重資產基金
安聯AI收益成長多重資產基金 (本基金有相當比重投資於非投資等級之高風險債券且配息來源可能為本金),2,摩根大通證券,101973,7.10%,2085981104,101973,0.00%,安聯投信,安聯AI收益成長多重資產基金
安聯AI收益成長多重資產基金 (本基金有相當比重投資於非投資等級之高風險債券且配息來源可能為本金),3,美商高盛亞洲證券有限公司台北分公司,99260,6.91%,2628378550,99260,0.00%,安聯投信,安聯AI收益成長多重資產基金
安聯AI收益成長多重資產基金 (本基金有相當比重投資於非投資等級之高風險債券且配息來源可能為本金),4,美林證券,48504,3.38%,882383369,48504,0.01%,安聯投信,安聯AI收益成長多重資產基金
安聯AI收益成長多重資產基金 (本基金有相當比重投資於非投資等級之高風險債券且配息來源可能為本金),5,WELLS FARGO VAN KASPER,60403,4.21%,775826555,60403,0.01%,安聯投信,安聯AI收益成長多重資產基金
安聯台灣高息成長主動式ETF基金 (本基金之配息來源可能為收益平準金且基金並無保證收益及配息),1,元大證券,6375641,18.60%,7025788815,6375641,0.09%,安聯投信,安聯台灣高息成長主動式ETF基金
安聯台灣高息成長主動式ETF基金 (本基金之配息來源可能為收益平準金且基金並無保證收益及配息),2,國泰綜合證券,3938196,11.49%,4364507889,3938196,0.09%,安聯投信,安聯台灣高息成長主動式ETF基金
安聯台灣高息成長主動式ETF基金 (本基金之配息來源可能為收益平準金且基金並無保證收益及配息),3,富邦證券,3636044,10.61%,4010629080,3636044,0.09%,安聯投信,安聯台灣高息成長主動式ETF基金
安聯台灣高息成長主動式ETF基金 (本基金之配息來源可能為收益平準金且基金並無保證收益及配息),4,凱基證券,3503461,10.22%,3873906231,3503461,0.09%,安聯投信,安聯台灣高息成長主動式ETF基金
安聯台灣高息成長主動式ETF基金 (本基金之配息來源可能為收益平準金且基金並無保證收益及配息),5,永豐金證券,3388912,9.89%,3758052162,3388912,0.09%,安聯投信,安聯台灣高息成長主動式ETF基金
安聯台灣主動式ETF基金 (本基金之配息來源可能為收益平準金且基金並無保證收益及配息),1,元大證券,15032614,16.80%,16469279908,15032614,0.09%,安聯投信,安聯台灣主動式ETF基金
安聯台灣主動式ETF基金 (本基金之配息來源可能為收益平準金且基金並無保證收益及配息),2,富邦證券,10019975,11.20%,10963056773,10019975,0.09%,安聯投信,安聯台灣主動式ETF基金
安聯台灣主動式ETF基金 (本基金之配息來源可能為收益平準金且基金並無保證收益及配息),3,永豐金證券,9951976,11.12%,10883342529,9951976,0.09%,安聯投信,安聯台灣主動式ETF基金
安聯台灣主動式ETF基金 (本基金之配息來源可能為收益平準金且基金並無保證收益及配息),4,凱基證券,8809415,9.84%,9579810802,8809415,0.09%,安聯投信,安聯台灣主動式ETF基金
安聯台灣主動式ETF基金 (本基金之配息來源可能為收益平準金且基金並無保證收益及配息),5,國泰綜合證券,8760610,9.79%,9547422245,8760610,0.09%,安聯投信,安聯台灣主動式ETF基金
安聯美國科技領航主動式ETF基金 (本基金之配息來源可能為收益平準金),1,MORGAN STANLEY ASIA LTD,222426,35.21%,3907161280,222426,0.01%,安聯投信,安聯美國科技領航主動式ETF基金
安聯美國科技領航主動式ETF基金 (本基金之配息來源可能為收益平準金),2,ROBERT W BAIRD CO INC,219229,34.71%,3781086447,219229,0.01%,安聯投信,安聯美國科技領航主動式ETF基金
安聯美國科技領航主動式ETF基金 (本基金之配息來源可能為收益平準金),3,UBS SECURITIES,180599,28.59%,3648901747,180599,0.00%,安聯投信,安聯美國科技領航主動式ETF基金
安聯美國科技領航主動式ETF基金 (本基金之配息來源可能為收益平準金),4,WILLIAM BLAIR & CO,9419,1.49%,110435105,9419,0.01%,安聯投信,安聯美國科技領航主動式ETF基金
安聯美國科技領航主動式ETF基金 (本基金之配息來源可能為收益平準金),5,nan,0,0.00%,0,0,0.00%,安聯投信,安聯美國科技領航主動式ETF基金
安聯全球生技趨勢基金,1,ROBERT W BAIRD CO INC,432577,28.07%,1718749012,432577,0.03%,安聯投信,安聯全球生技趨勢基金
安聯全球生技趨勢基金,2,台灣摩根士丹利證券,391753,25.42%,1399125259,391753,0.03%,安聯投信,安聯全球生技趨勢基金
安聯全球生技趨勢基金,3,WILLIAM BLAIR & CO,358047,23.24%,1370747986,358047,0.03%,安聯投信,安聯全球生技趨勢基金
安聯全球生技趨勢基金,4,新加坡商瑞銀證券台北分公司,348180,22.59%,1121933264,348180,0.03%,安聯投信,安聯全球生技趨勢基金
安聯全球生技趨勢基金,5,花旗環球證券,10422,0.68%,52110062,10422,0.02%,安聯投信,安聯全球生技趨勢基金
安聯台灣大壩基金,1,凱基證券,27974134,21.93%,30710727807,27974134,0.09%,安聯投信,安聯台灣大壩基金
安聯台灣大壩基金,2,富邦證券,15081821,11.82%,16542740357,15081821,0.09%,安聯投信,安聯台灣大壩基金
安聯台灣大壩基金,3,元大證券,14885102,11.67%,16360698346,14885102,0.09%,安聯投信,安聯台灣大壩基金
安聯台灣大壩基金,4,永豐金證券,14140866,11.08%,15559423861,14140866,0.09%,安聯投信,安聯台灣大壩基金
安聯台灣大壩基金,5,國泰綜合證券,11606891,9.10%,12685731406,11606891,0.09%,安聯投信,安聯台灣大壩基金
安聯台灣科技基金,1,凱基證券,77679330,24.55%,85624582462,77679330,0.09%,安聯投信,安聯台灣科技基金
安聯台灣科技基金,2,國泰綜合證券,35926402,11.35%,39522553717,35926402,0.09%,安聯投信,安聯台灣科技基金
安聯台灣科技基金,3,永豐金證券,31690370,10.02%,34841684022,31690370,0.09%,安聯投信,安聯台灣科技基金
安聯台灣科技基金,4,富邦證券,28869239,9.12%,31888311983,28869239,0.09%,安聯投信,安聯台灣科技基金
安聯台灣科技基金,5,元大證券,26199917,8.28%,28841981895,26199917,0.09%,安聯投信,安聯台灣科技基金
安聯中國策略基金,1,花旗環球證券,4007354,61.07%,2003675965,4007354,0.20%,安聯投信,安聯中國策略基金
安聯中國策略基金,2,台灣匯立證券,1444089,22.01%,722044158,1444089,0.20%,安聯投信,安聯中國策略基金
安聯中國策略基金,3,香港商麥格理資本台灣證券分公司,1110181,16.92%,555091154,1110181,0.20%,安聯投信,安聯中國策略基金
安聯中國策略基金,4,nan,0,0.00%,0,0,0.00%,安聯投信,安聯中國策略基金
安聯中國策略基金,5,nan,0,0.00%,0,0,0.00%,安聯投信,安聯中國策略基金
安聯全球油礦金趨勢基金,1,新加坡商瑞銀證券台北分公司,52712,29.37%,236339357,52712,0.02%,安聯投信,安聯全球油礦金趨勢基金
安聯全球油礦金趨勢基金,2,台灣摩根士丹利證券,48854,27.22%,220473960,48854,0.02%,安聯投信,安聯全球油礦金趨勢基金
安聯全球油礦金趨勢基金,3,ROBERT W BAIRD CO INC,42726,23.80%,191619182,42726,0.02%,安聯投信,安聯全球油礦金趨勢基金
安聯全球油礦金趨勢基金,4,WILLIAM BLAIR & CO,8181,4.56%,39750256,8181,0.02%,安聯投信,安聯全球油礦金趨勢基金
安聯全球油礦金趨勢基金,5,花旗環球證券,18446,10.28%,9223000,18446,0.20%,安聯投信,安聯全球油礦金趨勢基金
安聯中國東協基金,1,台灣摩根士丹利證券,279095,14.82%,289170927,279095,0.10%,安聯投信,安聯中國東協基金
安聯中國東協基金,2,INSTINET HONG KONG LTD,83702,4.44%,167412931,83702,0.05%,安聯投信,安聯中國東協基金
安聯中國東協基金,3,花旗環球證券,265274,14.08%,141080211,265274,0.19%,安聯投信,安聯中國東協基金
安聯中國東協基金,4,新加坡商瑞銀證券台北分公司,169057,8.97%,87689294,169057,0.19%,安聯投信,安聯中國東協基金
安聯中國東協基金,5,美林證券,197725,10.50%,85280249,197725,0.23%,安聯投信,安聯中國東協基金
安聯中華新思路基金,1,花旗環球證券,741224,32.35%,375941904,741224,0.20%,安聯投信,安聯中華新思路基金
安聯中華新思路基金,2,群益金鼎證券,256089,11.18%,283790704,256089,0.09%,安聯投信,安聯中華新思路基金
安聯中華新思路基金,3,台灣匯立證券,441096,19.25%,220547714,441096,0.20%,安聯投信,安聯中華新思路基金
安聯中華新思路基金,4,華南永昌綜合證券,111362,4.86%,123432653,111362,0.09%,安聯投信,安聯中華新思路基金
安聯中華新思路基金,5,兆豐證券,95980,4.19%,106771950,95980,0.09%,安聯投信,安聯中華新思路基金
安聯全球綠能趨勢基金,1,台灣摩根士丹利證券,510250,24.20%,2524021672,510250,0.02%,安聯投信,安聯全球綠能趨勢基金
安聯全球綠能趨勢基金,2,ROBERT W BAIRD CO INC,331152,15.70%,2099631502,331152,0.02%,安聯投信,安聯全球綠能趨勢基金
安聯全球綠能趨勢基金,3,新加坡商瑞銀證券台北分公司,353124,16.75%,1285034501,353124,0.03%,安聯投信,安聯全球綠能趨勢基金
安聯全球綠能趨勢基金,4,WILLIAM BLAIR & CO,60817,2.88%,442629425,60817,0.01%,安聯投信,安聯全球綠能趨勢基金
安聯全球綠能趨勢基金,5,美林證券,250299,11.87%,138651607,250299,0.18%,安聯投信,安聯全球綠能趨勢基金
安聯全球股票多元投資風格基金,1,台灣摩根士丹利證券,229022,33.91%,992650272,229022,0.02%,安聯投信,安聯全球股票多元投資風格基金
安聯全球股票多元投資風格基金,2,ROBERT W BAIRD CO INC,70401,10.42%,540723109,70401,0.01%,安聯投信,安聯全球股票多元投資風格基金
安聯全球股票多元投資風格基金,3,新加坡商瑞銀證券台北分公司,121305,17.96%,498485261,121305,0.02%,安聯投信,安聯全球股票多元投資風格基金
安聯全球股票多元投資風格基金,4,台灣匯立證券,56719,8.40%,37812745,56719,0.15%,安聯投信,安聯全球股票多元投資風格基金
安聯全球股票多元投資風格基金,5,INSTINET HONG KONG LTD,18729,2.77%,37465623,18729,0.05%,安聯投信,安聯全球股票多元投資風格基金
安聯全球農金趨勢基金,1,台灣摩根士丹利證券,133655,42.85%,497974071,133655,0.03%,安聯投信,安聯全球農金趨勢基金
安聯全球農金趨勢基金,2,新加坡商瑞銀證券台北分公司,81742,26.20%,329735396,81742,0.02%,安聯投信,安聯全球農金趨勢基金
安聯全球農金趨勢基金,3,ROBERT W BAIRD CO INC,77672,24.90%,179094920,77672,0.04%,安聯投信,安聯全球農金趨勢基金
安聯全球農金趨勢基金,4,WILLIAM BLAIR & CO,8951,2.87%,36732963,8951,0.02%,安聯投信,安聯全球農金趨勢基金
安聯全球農金趨勢基金,5,法銀巴黎證券,2501,0.80%,12501835,2501,0.02%,安聯投信,安聯全球農金趨勢基金
安聯台灣智慧基金,1,凱基證券,24448298,17.86%,26785269966,24448298,0.09%,安聯投信,安聯台灣智慧基金
安聯台灣智慧基金,2,元大證券,13966319,10.20%,15420692095,13966319,0.09%,安聯投信,安聯台灣智慧基金
安聯台灣智慧基金,3,富邦證券,14020324,10.24%,15338265395,14020324,0.09%,安聯投信,安聯台灣智慧基金
安聯台灣智慧基金,4,國泰綜合證券,12038551,8.80%,13285342787,12038551,0.09%,安聯投信,安聯台灣智慧基金
安聯台灣智慧基金,5,永豐金證券,11057302,8.08%,12188312714,11057302,0.09%,安聯投信,安聯台灣智慧基金
安聯收益成長多重資產基金 (本基金有相當比重投資於非投資等級之高風險債券且配息來源可能為本金),1,摩根大通證券,61687,2.20%,1845788423,61687,0.00%,安聯投信,安聯收益成長多重資產基金
安聯收益成長多重資產基金 (本基金有相當比重投資於非投資等級之高風險債券且配息來源可能為本金),2,美林證券,188855,6.74%,3844928603,188855,0.00%,安聯投信,安聯收益成長多重資產基金
安聯收益成長多重資產基金 (本基金有相當比重投資於非投資等級之高風險債券且配息來源可能為本金),3,Barclays Bank PLC,216861,7.74%,3918544551,216861,0.01%,安聯投信,安聯收益成長多重資產基金
安聯收益成長多重資產基金 (本基金有相當比重投資於非投資等級之高風險債券且配息來源可能為本金),4,PIPER Sandler Companies,423860,15.12%,9137513231,423860,0.00%,安聯投信,安聯收益成長多重資產基金
安聯收益成長多重資產基金 (本基金有相當比重投資於非投資等級之高風險債券且配息來源可能為本金),5,花旗環球證券,36847,1.31%,1214920098,36847,0.00%,安聯投信,安聯收益成長多重資產基金
安聯特別收益多重資產基金 (本基金有相當比重投資於非投資等級之高風險債券且配息來源可能為本金),1,美商高盛亞洲證券有限公司台北分公司,122673,100.00%,264081296,122673,0.05%,安聯投信,安聯特別收益多重資產基金
安聯特別收益多重資產基金 (本基金有相當比重投資於非投資等級之高風險債券且配息來源可能為本金),2,台灣摩根士丹利證券,0,0.00%,0,0,0.00%,安聯投信,安聯特別收益多重資產基金
安聯特別收益多重資產基金 (本基金有相當比重投資於非投資等級之高風險債券且配息來源可能為本金),3,BANK OF AMERICA,0,0.00%,50148942,0,0.00%,安聯投信,安聯特別收益多重資產基金
安聯特別收益多重資產基金 (本基金有相當比重投資於非投資等級之高風險債券且配息來源可能為本金),4,Jane Street Europe,0,0.00%,0,0,0.00%,安聯投信,安聯特別收益多重資產基金
安聯特別收益多重資產基金 (本基金有相當比重投資於非投資等級之高風險債券且配息來源可能為本金),5,Barclays Bank PLC,0,0.00%,0,0,0.00%,安聯投信,安聯特別收益多重資產基金
安聯全球新興市場基金,1,台灣摩根士丹利證券,468980,20.88%,602000381,468980,0.08%,安聯投信,安聯全球新興市場基金
安聯全球新興市場基金,2,INSTINET HONG KONG LTD,179454,7.99%,329422874,179454,0.05%,安聯投信,安聯全球新興市場基金
安聯全球新興市場基金,3,花旗環球證券,430786,19.18%,224103408,430786,0.19%,安聯投信,安聯全球新興市場基金
安聯全球新興市場基金,4,新加坡商瑞銀證券台北分公司,142297,6.33%,153363540,142297,0.09%,安聯投信,安聯全球新興市場基金
安聯全球新興市場基金,5,ROBERT W BAIRD CO INC,152014,6.77%,115257302,152014,0.13%,安聯投信,安聯全球新興市場基金
國泰大和日本不動產收息ETF基金 (本基金並無保證收益及配息),1,國泰綜合證券,2644192,37.43%,2644193403,2644192,0.10%,國泰投信,國泰大和日本不動產收息ETF基金
國泰大和日本不動產收息ETF基金 (本基金並無保證收益及配息),2,凱基證券,1894594,26.82%,1894592775,1894594,0.10%,國泰投信,國泰大和日本不動產收息ETF基金
國泰大和日本不動產收息ETF基金 (本基金並無保證收益及配息),3,Daiwa Capital Markets Hong Kong Ltd,1605389,22.72%,1605390535,1605389,0.10%,國泰投信,國泰大和日本不動產收息ETF基金
國泰大和日本不動產收息ETF基金 (本基金並無保證收益及配息),4,富邦證券,920752,13.03%,920751852,920752,0.10%,國泰投信,國泰大和日本不動產收息ETF基金
國泰大和日本不動產收息ETF基金 (本基金並無保證收益及配息),5,nan,0,0.00%,0,0,0.00%,國泰投信,國泰大和日本不動產收息ETF基金
國泰台股動能高息主動式ETF基金 (基金之配息來源可能為收益平準金且並無保證收益及配息),1,國泰綜合證券,10942572,19.69%,12162955550,10942572,0.09%,國泰投信,國泰台股動能高息主動式ETF基金
國泰台股動能高息主動式ETF基金 (基金之配息來源可能為收益平準金且並無保證收益及配息),2,富邦證券,6812186,12.26%,7572283450,6812186,0.09%,國泰投信,國泰台股動能高息主動式ETF基金
國泰台股動能高息主動式ETF基金 (基金之配息來源可能為收益平準金且並無保證收益及配息),3,元大證券,6490817,11.68%,7215609800,6490817,0.09%,國泰投信,國泰台股動能高息主動式ETF基金
國泰台股動能高息主動式ETF基金 (基金之配息來源可能為收益平準金且並無保證收益及配息),4,永豐金證券,4502562,8.10%,5004837550,4502562,0.09%,國泰投信,國泰台股動能高息主動式ETF基金
國泰台股動能高息主動式ETF基金 (基金之配息來源可能為收益平準金且並無保證收益及配息),5,群益金鼎證券,4255729,7.66%,4730363200,4255729,0.09%,國泰投信,國泰台股動能高息主動式ETF基金
國泰全球多元收益傘型基金之全球收益非投資等級債券ETF基金 (基金之配息來源可能為收益平準金),1,Jefferies International Limited,0,0.00%,0,0,0.00%,國泰投信,國泰全球多元收益傘型基金之全球收益非投資等級債券ETF基金
國泰全球多元收益傘型基金之全球收益非投資等級債券ETF基金 (基金之配息來源可能為收益平準金),2,Jane Street,0,0.00%,0,0,0.00%,國泰投信,國泰全球多元收益傘型基金之全球收益非投資等級債券ETF基金
國泰全球多元收益傘型基金之全球收益非投資等級債券ETF基金 (基金之配息來源可能為收益平準金),3,nan,0,0.00%,0,0,0.00%,國泰投信,國泰全球多元收益傘型基金之全球收益非投資等級債券ETF基金
國泰全球多元收益傘型基金之全球收益非投資等級債券ETF基金 (基金之配息來源可能為收益平準金),4,nan,0,0.00%,0,0,0.00%,國泰投信,國泰全球多元收益傘型基金之全球收益非投資等級債券ETF基金
國泰全球多元收益傘型基金之全球收益非投資等級債券ETF基金 (基金之配息來源可能為收益平準金),5,nan,0,0.00%,0,0,0.00%,國泰投信,國泰全球多元收益傘型基金之全球收益非投資等級債券ETF基金
國泰小龍基金,1,國泰綜合證券,16204431,18.65%,18008197600,16204431,0.09%,國泰投信,國泰小龍基金
國泰小龍基金,2,富邦證券,13290113,15.29%,14770006000,13290113,0.09%,國泰投信,國泰小龍基金
國泰小龍基金,3,永豐金證券,11214104,12.90%,12462205700,11214104,0.09%,國泰投信,國泰小龍基金
國泰小龍基金,4,群益金鼎證券,9258190,10.65%,10289371101,9258190,0.09%,國泰投信,國泰小龍基金
國泰小龍基金,5,元大證券,6456007,7.43%,7179824400,6456007,0.09%,國泰投信,國泰小龍基金
國泰科技生化基金,1,國泰綜合證券,4574079,15.22%,5084483300,4574079,0.09%,國泰投信,國泰科技生化基金
國泰科技生化基金,2,富邦證券,2578472,8.58%,2866218900,2578472,0.09%,國泰投信,國泰科技生化基金
國泰科技生化基金,3,元大證券,2368802,7.88%,2633955800,2368802,0.09%,國泰投信,國泰科技生化基金
國泰科技生化基金,4,永豐金證券,2220811,7.39%,2468768860,2220811,0.09%,國泰投信,國泰科技生化基金
國泰科技生化基金,5,群益金鼎證券,1981680,6.59%,2202976500,1981680,0.09%,國泰投信,國泰科技生化基金
國泰國泰基金 (基金之配息來源可能為本金),1,國泰綜合證券,7124466,14.46%,7919116692,7124466,0.09%,國泰投信,國泰國泰基金
國泰國泰基金 (基金之配息來源可能為本金),2,富邦證券,3822102,7.76%,4248267000,3822102,0.09%,國泰投信,國泰國泰基金
國泰國泰基金 (基金之配息來源可能為本金),3,群益金鼎證券,3446839,6.99%,3831208300,3446839,0.09%,國泰投信,國泰國泰基金
國泰國泰基金 (基金之配息來源可能為本金),4,台新證券,3391586,6.88%,3769654000,3391586,0.09%,國泰投信,國泰國泰基金
國泰國泰基金 (基金之配息來源可能為本金),5,元大證券,3261249,6.62%,3630686500,3261249,0.09%,國泰投信,國泰國泰基金
國泰中小成長基金 (基金之配息來源可能為本金),1,國泰綜合證券,8169462,14.87%,9080719300,8169462,0.09%,國泰投信,國泰中小成長基金
國泰中小成長基金 (基金之配息來源可能為本金),2,富邦證券,4984107,9.07%,5540061400,4984107,0.09%,國泰投信,國泰中小成長基金
國泰中小成長基金 (基金之配息來源可能為本金),3,元大證券,3756794,6.84%,4179558600,3756794,0.09%,國泰投信,國泰中小成長基金
國泰中小成長基金 (基金之配息來源可能為本金),4,台新證券,3714317,6.76%,4129146100,3714317,0.09%,國泰投信,國泰中小成長基金
國泰中小成長基金 (基金之配息來源可能為本金),5,永豐金證券,3255401,5.93%,3619043800,3255401,0.09%,國泰投信,國泰中小成長基金
國泰大中華基金,1,國泰綜合證券,14529395,21.55%,16146893231,14529395,0.09%,國泰投信,國泰大中華基金
國泰大中華基金,2,富邦證券,8712242,12.92%,9682564300,8712242,0.09%,國泰投信,國泰大中華基金
國泰大中華基金,3,元大證券,8076917,11.98%,8977227500,8076917,0.09%,國泰投信,國泰大中華基金
國泰大中華基金,4,永豐金證券,6183562,9.17%,6872173100,6183562,0.09%,國泰投信,國泰大中華基金
國泰大中華基金,5,群益金鼎證券,5336891,7.92%,5931564300,5336891,0.09%,國泰投信,國泰大中華基金
國泰中港台基金,1,國泰海通證券,767328,22.32%,697567263,767328,0.11%,國泰投信,國泰中港台基金
國泰中港台基金,2,申萬宏源證券,446688,12.99%,638127857,446688,0.07%,國泰投信,國泰中港台基金
國泰中港台基金,3,興業證券,478172,13.91%,478160361,478172,0.10%,國泰投信,國泰中港台基金
國泰中港台基金,4,統一綜合證券,114466,3.33%,334240295,114466,0.03%,國泰投信,國泰中港台基金
國泰中港台基金,5,中信證券,373109,10.85%,310924175,373109,0.12%,國泰投信,國泰中港台基金
國泰新興市場基金,1,國泰綜合證券,353371,19.40%,428648663,353371,0.08%,國泰投信,國泰新興市場基金
國泰新興市場基金,2,Daiwa Capital Markets Hong Kong,333682,18.32%,258057239,333682,0.13%,國泰投信,國泰新興市場基金
國泰新興市場基金,3,富邦證券,93443,5.13%,118277201,93443,0.08%,國泰投信,國泰新興市場基金
國泰新興市場基金,4,招商證券(香港)有限公司,105330,5.78%,110868770,105330,0.10%,國泰投信,國泰新興市場基金
國泰新興市場基金,5,興證國際,162426,8.92%,108282269,162426,0.15%,國泰投信,國泰新興市場基金
國泰中國內需增長基金,1,國泰綜合證券,3870285,10.25%,4210419139,3870285,0.09%,國泰投信,國泰中國內需增長基金
國泰中國內需增長基金,2,海通證券,3402655,9.02%,3092086028,3402655,0.11%,國泰投信,國泰中國內需增長基金
國泰中國內需增長基金,3,Sinolink Securities Co.， Ltd,3819546,10.12%,2545425930,3819546,0.15%,國泰投信,國泰中國內需增長基金
國泰中國內需增長基金,4,中信證券,3203226,8.49%,2252075490,3203226,0.14%,國泰投信,國泰中國內需增長基金
國泰中國內需增長基金,5,興業證券,2232104,5.91%,2231397489,2232104,0.10%,國泰投信,國泰中國內需增長基金
國泰中國新興戰略基金,1,國泰綜合證券,1484036,12.09%,2142929369,1484036,0.07%,國泰投信,國泰中國新興戰略基金
國泰中國新興戰略基金,2,申萬宏源證券,725587,5.91%,1036544707,725587,0.07%,國泰投信,國泰中國新興戰略基金
國泰中國新興戰略基金,3,興業證券,1019082,8.30%,1019071366,1019082,0.10%,國泰投信,國泰中國新興戰略基金
國泰中國新興戰略基金,4,統一綜合證券,224728,1.83%,959782797,224728,0.02%,國泰投信,國泰中國新興戰略基金
國泰中國新興戰略基金,5,中信證券,995686,8.11%,829737698,995686,0.12%,國泰投信,國泰中國新興戰略基金
國泰收益傘型基金之全球多重收益平衡基金 (本基金有相當比重投資於非投資等級之高風險債券且配息來源可能為本金),1,Sub Manager-CCAM,3474807,84.76%,11582724127,3474807,0.03%,國泰投信,國泰收益傘型基金之全球多重收益平衡基金
國泰收益傘型基金之全球多重收益平衡基金 (本基金有相當比重投資於非投資等級之高風險債券且配息來源可能為本金),2,國泰綜合證券,436047,10.64%,485919560,436047,0.09%,國泰投信,國泰收益傘型基金之全球多重收益平衡基金
國泰收益傘型基金之全球多重收益平衡基金 (本基金有相當比重投資於非投資等級之高風險債券且配息來源可能為本金),3,富邦證券,90180,2.20%,100654500,90180,0.09%,國泰投信,國泰收益傘型基金之全球多重收益平衡基金
國泰收益傘型基金之全球多重收益平衡基金 (本基金有相當比重投資於非投資等級之高風險債券且配息來源可能為本金),4,UOB KAY HIAN,41377,1.01%,31828329,41377,0.13%,國泰投信,國泰收益傘型基金之全球多重收益平衡基金
國泰收益傘型基金之全球多重收益平衡基金 (本基金有相當比重投資於非投資等級之高風險債券且配息來源可能為本金),5,元大證券,27088,0.66%,30114000,27088,0.09%,國泰投信,國泰收益傘型基金之全球多重收益平衡基金
國泰亞洲成長基金,1,Toyo Securities Asia Ltd.,780660,18.61%,520671520,780660,0.15%,國泰投信,國泰亞洲成長基金
國泰亞洲成長基金,2,Okasan International (Asia) Limited,718092,17.12%,478926617,718092,0.15%,國泰投信,國泰亞洲成長基金
國泰亞洲成長基金,3,Daiwa Capital Markets Hong Kong,489402,11.67%,340310539,489402,0.14%,國泰投信,國泰亞洲成長基金
國泰亞洲成長基金,4,國泰綜合證券,288860,6.89%,332854094,288860,0.09%,國泰投信,國泰亞洲成長基金
國泰亞洲成長基金,5,元大證券,328742,7.84%,276817852,328742,0.12%,國泰投信,國泰亞洲成長基金
國泰富時中國A50基金,1,國泰綜合證券,506993,24.91%,506995955,506993,0.10%,國泰投信,國泰富時中國A50基金
國泰富時中國A50基金,2,國泰君安證券(香港),430699,21.16%,430692972,430699,0.10%,國泰投信,國泰富時中國A50基金
國泰富時中國A50基金,3,富邦證券,258079,12.68%,286754162,258079,0.09%,國泰投信,國泰富時中國A50基金
國泰富時中國A50基金,4,中國國際金融香港證券,300155,14.75%,250128638,300155,0.12%,國泰投信,國泰富時中國A50基金
國泰富時中國A50基金,5,康和綜合證券,228127,11.21%,228134486,228127,0.10%,國泰投信,國泰富時中國A50基金
國泰亞太入息平衡基金 (本基金有相當比重投資於非投資等級之高風險債券，基金並無保證收益及配息且配息來源可能為本金),1,Okasan International (Asia) Limited,650230,21.11%,433717306,650230,0.15%,國泰投信,國泰亞太入息平衡基金
國泰亞太入息平衡基金 (本基金有相當比重投資於非投資等級之高風險債券，基金並無保證收益及配息且配息來源可能為本金),2,Toyo Securities Asia Ltd.,634294,20.59%,423006188,634294,0.15%,國泰投信,國泰亞太入息平衡基金
國泰亞太入息平衡基金 (本基金有相當比重投資於非投資等級之高風險債券，基金並無保證收益及配息且配息來源可能為本金),3,國泰綜合證券,239032,7.76%,273298372,239032,0.09%,國泰投信,國泰亞太入息平衡基金
國泰亞太入息平衡基金 (本基金有相當比重投資於非投資等級之高風險債券，基金並無保證收益及配息且配息來源可能為本金),4,美林證券,234077,7.60%,215766971,234077,0.11%,國泰投信,國泰亞太入息平衡基金
國泰亞太入息平衡基金 (本基金有相當比重投資於非投資等級之高風險債券，基金並無保證收益及配息且配息來源可能為本金),5,Daiwa Capital Markets Hong Kong,263169,8.54%,184044773,263169,0.14%,國泰投信,國泰亞太入息平衡基金
國泰日本ETF傘型基金之日經225基金,1,國泰綜合證券,39702,28.03%,39701606,39702,0.10%,國泰投信,國泰日本ETF傘型基金之日經225基金
國泰日本ETF傘型基金之日經225基金,2,凱基證券,32606,23.02%,32608404,32606,0.10%,國泰投信,國泰日本ETF傘型基金之日經225基金
國泰日本ETF傘型基金之日經225基金,3,元大證券,27437,19.37%,27437640,27437,0.10%,國泰投信,國泰日本ETF傘型基金之日經225基金
國泰日本ETF傘型基金之日經225基金,4,Daiwa Capital Markets Hong Kong Ltd,19644,13.87%,19664053,19644,0.10%,國泰投信,國泰日本ETF傘型基金之日經225基金
國泰日本ETF傘型基金之日經225基金,5,兆豐證券,14459,10.21%,18080362,14459,0.08%,國泰投信,國泰日本ETF傘型基金之日經225基金
國泰美國ETF傘型基金之道瓊工業平均指數基金,1,國泰綜合證券,11901,23.21%,168429481,11901,0.01%,國泰投信,國泰美國ETF傘型基金之道瓊工業平均指數基金
國泰美國ETF傘型基金之道瓊工業平均指數基金,2,凱基證券,8830,17.22%,144715472,8830,0.01%,國泰投信,國泰美國ETF傘型基金之道瓊工業平均指數基金
國泰美國ETF傘型基金之道瓊工業平均指數基金,3,元大證券,7837,15.28%,117018517,7837,0.01%,國泰投信,國泰美國ETF傘型基金之道瓊工業平均指數基金
國泰美國ETF傘型基金之道瓊工業平均指數基金,4,玉山綜合證券,10214,19.92%,94696106,10214,0.01%,國泰投信,國泰美國ETF傘型基金之道瓊工業平均指數基金
國泰美國ETF傘型基金之道瓊工業平均指數基金,5,兆豐證券,11223,21.88%,82224429,11223,0.01%,國泰投信,國泰美國ETF傘型基金之道瓊工業平均指數基金
國泰美國債券ETF傘型基金之20年期(以上)美國公債指數基金 (基金之配息來源可能為收益平準金),1,富邦證券,0,0.00%,0,0,0.00%,國泰投信,國泰美國債券ETF傘型基金之20年期(以上)美國公債指數基金
國泰美國債券ETF傘型基金之20年期(以上)美國公債指數基金 (基金之配息來源可能為收益平準金),2,元大證券,0,0.00%,0,0,0.00%,國泰投信,國泰美國債券ETF傘型基金之20年期(以上)美國公債指數基金
國泰美國債券ETF傘型基金之20年期(以上)美國公債指數基金 (基金之配息來源可能為收益平準金),3,Jane Street,0,0.00%,0,0,0.00%,國泰投信,國泰美國債券ETF傘型基金之20年期(以上)美國公債指數基金
國泰美國債券ETF傘型基金之20年期(以上)美國公債指數基金 (基金之配息來源可能為收益平準金),4,國泰綜合證券,0,0.00%,0,0,0.00%,國泰投信,國泰美國債券ETF傘型基金之20年期(以上)美國公債指數基金
國泰美國債券ETF傘型基金之20年期(以上)美國公債指數基金 (基金之配息來源可能為收益平準金),5,nan,0,0.00%,0,0,0.00%,國泰投信,國泰美國債券ETF傘型基金之20年期(以上)美國公債指數基金
國泰低波動ETF傘型基金之臺灣低波動股利精選30基金 (本基金並無保證收益及配息),1,國泰綜合證券,458298,25.42%,512203550,458298,0.09%,國泰投信,國泰低波動ETF傘型基金之臺灣低波動股利精選30基金
國泰低波動ETF傘型基金之臺灣低波動股利精選30基金 (本基金並無保證收益及配息),2,凱基證券,293569,16.29%,328020750,293569,0.09%,國泰投信,國泰低波動ETF傘型基金之臺灣低波動股利精選30基金
國泰低波動ETF傘型基金之臺灣低波動股利精選30基金 (本基金並無保證收益及配息),3,元大證券,263990,14.65%,295006400,263990,0.09%,國泰投信,國泰低波動ETF傘型基金之臺灣低波動股利精選30基金
國泰低波動ETF傘型基金之臺灣低波動股利精選30基金 (本基金並無保證收益及配息),4,群益金鼎證券,214148,11.88%,239630400,214148,0.09%,國泰投信,國泰低波動ETF傘型基金之臺灣低波動股利精選30基金
國泰低波動ETF傘型基金之臺灣低波動股利精選30基金 (本基金並無保證收益及配息),5,兆豐證券,167713,9.30%,187273900,167713,0.09%,國泰投信,國泰低波動ETF傘型基金之臺灣低波動股利精選30基金
國泰低波動ETF傘型基金之美國標普500低波動高股息基金 (本基金並無保證收益及配息),1,國泰綜合證券,22348,27.34%,57841365,22348,0.04%,國泰投信,國泰低波動ETF傘型基金之美國標普500低波動高股息基金
國泰低波動ETF傘型基金之美國標普500低波動高股息基金 (本基金並無保證收益及配息),2,凱基證券,10398,12.72%,45942699,10398,0.02%,國泰投信,國泰低波動ETF傘型基金之美國標普500低波動高股息基金
國泰低波動ETF傘型基金之美國標普500低波動高股息基金 (本基金並無保證收益及配息),3,華南永昌綜合證券,15506,18.97%,32505191,15506,0.05%,國泰投信,國泰低波動ETF傘型基金之美國標普500低波動高股息基金
國泰低波動ETF傘型基金之美國標普500低波動高股息基金 (本基金並無保證收益及配息),4,玉山綜合證券,11235,13.74%,30429268,11235,0.04%,國泰投信,國泰低波動ETF傘型基金之美國標普500低波動高股息基金
國泰低波動ETF傘型基金之美國標普500低波動高股息基金 (本基金並無保證收益及配息),5,兆豐證券,12759,15.61%,28418643,12759,0.04%,國泰投信,國泰低波動ETF傘型基金之美國標普500低波動高股息基金
國泰全球基礎建設基金 (基金之配息來源可能為本金),1,元大證券,70947,8.55%,185681193,70947,0.04%,國泰投信,國泰全球基礎建設基金
國泰全球基礎建設基金 (基金之配息來源可能為本金),2,統一綜合證券,45582,5.49%,177737468,45582,0.03%,國泰投信,國泰全球基礎建設基金
國泰全球基礎建設基金 (基金之配息來源可能為本金),3,富邦證券,61958,7.46%,151697778,61958,0.04%,國泰投信,國泰全球基礎建設基金
國泰全球基礎建設基金 (基金之配息來源可能為本金),4,國泰綜合證券,52326,6.30%,145916234,52326,0.04%,國泰投信,國泰全球基礎建設基金
國泰全球基礎建設基金 (基金之配息來源可能為本金),5,Cantor Fitzgerald Europe CTM,14503,1.75%,120631798,14503,0.01%,國泰投信,國泰全球基礎建設基金
國泰息收ETF傘型基金之10年期(以上)BBB美元息收公司債券基金 (基金之配息來源可能為收益平準金且本基金並無保證收益及配息),1,Jane Street,0,0.00%,0,0,0.00%,國泰投信,國泰息收ETF傘型基金之10年期(以上)BBB美元息收公司債券基金
國泰息收ETF傘型基金之10年期(以上)BBB美元息收公司債券基金 (基金之配息來源可能為收益平準金且本基金並無保證收益及配息),2,國泰綜合證券,0,0.00%,0,0,0.00%,國泰投信,國泰息收ETF傘型基金之10年期(以上)BBB美元息收公司債券基金
國泰息收ETF傘型基金之10年期(以上)BBB美元息收公司債券基金 (基金之配息來源可能為收益平準金且本基金並無保證收益及配息),3,元大證券,0,0.00%,0,0,0.00%,國泰投信,國泰息收ETF傘型基金之10年期(以上)BBB美元息收公司債券基金
國泰息收ETF傘型基金之10年期(以上)BBB美元息收公司債券基金 (基金之配息來源可能為收益平準金且本基金並無保證收益及配息),4,BARCLAYS,0,0.00%,0,0,0.00%,國泰投信,國泰息收ETF傘型基金之10年期(以上)BBB美元息收公司債券基金
國泰息收ETF傘型基金之10年期(以上)BBB美元息收公司債券基金 (基金之配息來源可能為收益平準金且本基金並無保證收益及配息),5,CITI GROUP,0,0.00%,0,0,0.00%,國泰投信,國泰息收ETF傘型基金之10年期(以上)BBB美元息收公司債券基金
國泰息收ETF傘型基金之優選1-5年美元非投資等級債券基金 (本基金並無保證收益及配息),1,Jane Street,0,0.00%,0,0,0.00%,國泰投信,國泰息收ETF傘型基金之優選1-5年美元非投資等級債券基金
國泰息收ETF傘型基金之優選1-5年美元非投資等級債券基金 (本基金並無保證收益及配息),2,元大證券,0,0.00%,0,0,0.00%,國泰投信,國泰息收ETF傘型基金之優選1-5年美元非投資等級債券基金
國泰息收ETF傘型基金之優選1-5年美元非投資等級債券基金 (本基金並無保證收益及配息),3,Jefferies International Limited,0,0.00%,0,0,0.00%,國泰投信,國泰息收ETF傘型基金之優選1-5年美元非投資等級債券基金
國泰息收ETF傘型基金之優選1-5年美元非投資等級債券基金 (本基金並無保證收益及配息),4,國泰綜合證券,0,0.00%,0,0,0.00%,國泰投信,國泰息收ETF傘型基金之優選1-5年美元非投資等級債券基金
國泰息收ETF傘型基金之優選1-5年美元非投資等級債券基金 (本基金並無保證收益及配息),5,nan,0,0.00%,0,0,0.00%,國泰投信,國泰息收ETF傘型基金之優選1-5年美元非投資等級債券基金
國泰息收ETF傘型基金之新興市場5年期(以上)美元息收投資等級債券基金 (基金之配息來源可能為收益平準金且本基金並無保證收益及配息),1,Jane Street,0,0.00%,0,0,0.00%,國泰投信,國泰息收ETF傘型基金之新興市場5年期(以上)美元息收投資等級債券基金
國泰息收ETF傘型基金之新興市場5年期(以上)美元息收投資等級債券基金 (基金之配息來源可能為收益平準金且本基金並無保證收益及配息),2,BARCLAYS,0,0.00%,0,0,0.00%,國泰投信,國泰息收ETF傘型基金之新興市場5年期(以上)美元息收投資等級債券基金
國泰息收ETF傘型基金之新興市場5年期(以上)美元息收投資等級債券基金 (基金之配息來源可能為收益平準金且本基金並無保證收益及配息),3,國泰綜合證券,0,0.00%,0,0,0.00%,國泰投信,國泰息收ETF傘型基金之新興市場5年期(以上)美元息收投資等級債券基金
國泰息收ETF傘型基金之新興市場5年期(以上)美元息收投資等級債券基金 (基金之配息來源可能為收益平準金且本基金並無保證收益及配息),4,nan,0,0.00%,0,0,0.00%,國泰投信,國泰息收ETF傘型基金之新興市場5年期(以上)美元息收投資等級債券基金
國泰息收ETF傘型基金之新興市場5年期(以上)美元息收投資等級債券基金 (基金之配息來源可能為收益平準金且本基金並無保證收益及配息),5,nan,0,0.00%,0,0,0.00%,國泰投信,國泰息收ETF傘型基金之新興市場5年期(以上)美元息收投資等級債券基金
國泰趨勢ETF傘型基金之納斯達克全球人工智慧及機器人基金,1,國泰綜合證券,74124,25.66%,160610674,74124,0.05%,國泰投信,國泰趨勢ETF傘型基金之納斯達克全球人工智慧及機器人基金
國泰趨勢ETF傘型基金之納斯達克全球人工智慧及機器人基金,2,凱基證券,27339,9.47%,126274943,27339,0.02%,國泰投信,國泰趨勢ETF傘型基金之納斯達克全球人工智慧及機器人基金
國泰趨勢ETF傘型基金之納斯達克全球人工智慧及機器人基金,3,玉山綜合證券,38571,13.35%,90722987,38571,0.04%,國泰投信,國泰趨勢ETF傘型基金之納斯達克全球人工智慧及機器人基金
國泰趨勢ETF傘型基金之納斯達克全球人工智慧及機器人基金,4,兆豐證券,43430,15.04%,78857185,43430,0.06%,國泰投信,國泰趨勢ETF傘型基金之納斯達克全球人工智慧及機器人基金
國泰趨勢ETF傘型基金之納斯達克全球人工智慧及機器人基金,5,Toyo Securities Asia Ltd.,55788,19.32%,55808733,55788,0.10%,國泰投信,國泰趨勢ETF傘型基金之納斯達克全球人工智慧及機器人基金
國泰趨勢ETF傘型基金之臺韓科技基金,1,富邦證券,2233380,17.34%,2482625455,2233380,0.09%,國泰投信,國泰趨勢ETF傘型基金之臺韓科技基金
國泰趨勢ETF傘型基金之臺韓科技基金,2,玉山綜合證券,2355735,18.28%,2437050426,2355735,0.10%,國泰投信,國泰趨勢ETF傘型基金之臺韓科技基金
國泰趨勢ETF傘型基金之臺韓科技基金,3,國泰綜合證券,2085972,16.19%,2319535200,2085972,0.09%,國泰投信,國泰趨勢ETF傘型基金之臺韓科技基金
國泰趨勢ETF傘型基金之臺韓科技基金,4,兆豐證券,1669675,12.96%,2163030392,1669675,0.08%,國泰投信,國泰趨勢ETF傘型基金之臺韓科技基金
國泰趨勢ETF傘型基金之臺韓科技基金,5,Daiwa Capital Markets Hong Kong Ltd,714533,5.55%,1429164989,714533,0.05%,國泰投信,國泰趨勢ETF傘型基金之臺韓科技基金
國泰趨勢ETF傘型基金之富時新興市場基金,1,國泰綜合證券,22202,29.59%,23326778,22202,0.10%,國泰投信,國泰趨勢ETF傘型基金之富時新興市場基金
國泰趨勢ETF傘型基金之富時新興市場基金,2,兆豐證券,17811,23.74%,17593516,17811,0.10%,國泰投信,國泰趨勢ETF傘型基金之富時新興市場基金
國泰趨勢ETF傘型基金之富時新興市場基金,3,玉山綜合證券,8958,11.94%,9990350,8958,0.09%,國泰投信,國泰趨勢ETF傘型基金之富時新興市場基金
國泰趨勢ETF傘型基金之富時新興市場基金,4,凱基證券,8562,11.41%,9575050,8562,0.09%,國泰投信,國泰趨勢ETF傘型基金之富時新興市場基金
國泰趨勢ETF傘型基金之富時新興市場基金,5,富邦證券,7954,10.60%,8925444,7954,0.09%,國泰投信,國泰趨勢ETF傘型基金之富時新興市場基金
國泰10年期以上A等級美元公司債券ETF基金 (基金之配息來源可能為收益平準金),1,元大證券,0,0.00%,0,0,0.00%,國泰投信,國泰10年期以上A等級美元公司債券ETF基金
國泰10年期以上A等級美元公司債券ETF基金 (基金之配息來源可能為收益平準金),2,Jane Street,0,0.00%,0,0,0.00%,國泰投信,國泰10年期以上A等級美元公司債券ETF基金
國泰10年期以上A等級美元公司債券ETF基金 (基金之配息來源可能為收益平準金),3,國泰綜合證券,0,0.00%,0,0,0.00%,國泰投信,國泰10年期以上A等級美元公司債券ETF基金
國泰10年期以上A等級美元公司債券ETF基金 (基金之配息來源可能為收益平準金),4,BARCLAYS,0,0.00%,0,0,0.00%,國泰投信,國泰10年期以上A等級美元公司債券ETF基金
國泰10年期以上A等級美元公司債券ETF基金 (基金之配息來源可能為收益平準金),5,JP MORGAN CHASE,0,0.00%,0,0,0.00%,國泰投信,國泰10年期以上A等級美元公司債券ETF基金
國泰標普北美科技ETF基金,1,國泰綜合證券,102354,26.63%,900206858,102354,0.01%,國泰投信,國泰標普北美科技ETF基金
國泰標普北美科技ETF基金,2,凱基證券,60880,15.84%,786188767,60880,0.01%,國泰投信,國泰標普北美科技ETF基金
國泰標普北美科技ETF基金,3,Daiwa Capital Markets Hong Kong Ltd,77428,20.14%,712179726,77428,0.01%,國泰投信,國泰標普北美科技ETF基金
國泰標普北美科技ETF基金,4,兆豐證券,86095,22.40%,597854522,86095,0.01%,國泰投信,國泰標普北美科技ETF基金
國泰標普北美科技ETF基金,5,State Street Global Markets， LLC,57634,14.99%,340335547,57634,0.02%,國泰投信,國泰標普北美科技ETF基金
國泰旗艦產業ETF傘型基金之15年期以上A等級公用事業產業債券基金,1,Jane Street,0,0.00%,0,0,0.00%,國泰投信,國泰旗艦產業ETF傘型基金之15年期以上A等級公用事業產業債券基金
國泰旗艦產業ETF傘型基金之15年期以上A等級公用事業產業債券基金,2,nan,0,0.00%,0,0,0.00%,國泰投信,國泰旗艦產業ETF傘型基金之15年期以上A等級公用事業產業債券基金
國泰旗艦產業ETF傘型基金之15年期以上A等級公用事業產業債券基金,3,nan,0,0.00%,0,0,0.00%,國泰投信,國泰旗艦產業ETF傘型基金之15年期以上A等級公用事業產業債券基金
國泰旗艦產業ETF傘型基金之15年期以上A等級公用事業產業債券基金,4,nan,0,0.00%,0,0,0.00%,國泰投信,國泰旗艦產業ETF傘型基金之15年期以上A等級公用事業產業債券基金
國泰旗艦產業ETF傘型基金之15年期以上A等級公用事業產業債券基金,5,nan,0,0.00%,0,0,0.00%,國泰投信,國泰旗艦產業ETF傘型基金之15年期以上A等級公用事業產業債券基金
國泰旗艦產業ETF傘型基金之15年期以上A等級科技產業債券基金,1,Jane Street,0,0.00%,0,0,0.00%,國泰投信,國泰旗艦產業ETF傘型基金之15年期以上A等級科技產業債券基金
國泰旗艦產業ETF傘型基金之15年期以上A等級科技產業債券基金,2,國泰綜合證券,0,0.00%,0,0,0.00%,國泰投信,國泰旗艦產業ETF傘型基金之15年期以上A等級科技產業債券基金
國泰旗艦產業ETF傘型基金之15年期以上A等級科技產業債券基金,3,nan,0,0.00%,0,0,0.00%,國泰投信,國泰旗艦產業ETF傘型基金之15年期以上A等級科技產業債券基金
國泰旗艦產業ETF傘型基金之15年期以上A等級科技產業債券基金,4,nan,0,0.00%,0,0,0.00%,國泰投信,國泰旗艦產業ETF傘型基金之15年期以上A等級科技產業債券基金
國泰旗艦產業ETF傘型基金之15年期以上A等級科技產業債券基金,5,nan,0,0.00%,0,0,0.00%,國泰投信,國泰旗艦產業ETF傘型基金之15年期以上A等級科技產業債券基金
國泰旗艦產業ETF傘型基金之7-10年A等級金融產業債券基金,1,Jane Street,0,0.00%,0,0,0.00%,國泰投信,國泰旗艦產業ETF傘型基金之7-10年A等級金融產業債券基金
國泰旗艦產業ETF傘型基金之7-10年A等級金融產業債券基金,2,國泰綜合證券,0,0.00%,0,0,0.00%,國泰投信,國泰旗艦產業ETF傘型基金之7-10年A等級金融產業債券基金
國泰旗艦產業ETF傘型基金之7-10年A等級金融產業債券基金,3,元大證券,0,0.00%,0,0,0.00%,國泰投信,國泰旗艦產業ETF傘型基金之7-10年A等級金融產業債券基金
國泰旗艦產業ETF傘型基金之7-10年A等級金融產業債券基金,4,CITI GROUP,0,0.00%,0,0,0.00%,國泰投信,國泰旗艦產業ETF傘型基金之7-10年A等級金融產業債券基金
國泰旗艦產業ETF傘型基金之7-10年A等級金融產業債券基金,5,BARCLAYS,0,0.00%,0,0,0.00%,國泰投信,國泰旗艦產業ETF傘型基金之7-10年A等級金融產業債券基金
國泰大三元ETF傘型基金之15年期以上A等級醫療保健產業債券基金,1,Jane Street,0,0.00%,0,0,0.00%,國泰投信,國泰大三元ETF傘型基金之15年期以上A等級醫療保健產業債券基金
國泰大三元ETF傘型基金之15年期以上A等級醫療保健產業債券基金,2,國泰綜合證券,0,0.00%,0,0,0.00%,國泰投信,國泰大三元ETF傘型基金之15年期以上A等級醫療保健產業債券基金
國泰大三元ETF傘型基金之15年期以上A等級醫療保健產業債券基金,3,nan,0,0.00%,0,0,0.00%,國泰投信,國泰大三元ETF傘型基金之15年期以上A等級醫療保健產業債券基金
國泰大三元ETF傘型基金之15年期以上A等級醫療保健產業債券基金,4,nan,0,0.00%,0,0,0.00%,國泰投信,國泰大三元ETF傘型基金之15年期以上A等級醫療保健產業債券基金
國泰大三元ETF傘型基金之15年期以上A等級醫療保健產業債券基金,5,nan,0,0.00%,0,0,0.00%,國泰投信,國泰大三元ETF傘型基金之15年期以上A等級醫療保健產業債券基金
國泰大三元ETF傘型基金之美國費城半導體基金,1,國泰綜合證券,1712049,22.75%,22717492955,1712049,0.01%,國泰投信,國泰大三元ETF傘型基金之美國費城半導體基金
國泰大三元ETF傘型基金之美國費城半導體基金,2,凱基證券,1747256,23.22%,17833416916,1747256,0.01%,國泰投信,國泰大三元ETF傘型基金之美國費城半導體基金
國泰大三元ETF傘型基金之美國費城半導體基金,3,華南永昌綜合證券,1684586,22.39%,15780003485,1684586,0.01%,國泰投信,國泰大三元ETF傘型基金之美國費城半導體基金
國泰大三元ETF傘型基金之美國費城半導體基金,4,玉山綜合證券,1208342,16.06%,13403581051,1208342,0.01%,國泰投信,國泰大三元ETF傘型基金之美國費城半導體基金
國泰大三元ETF傘型基金之美國費城半導體基金,5,第一金證券,825003,10.97%,9036132952,825003,0.01%,國泰投信,國泰大三元ETF傘型基金之美國費城半導體基金
國泰美國收益傘型基金之美國短期公債ETF基金,1,富邦證券,0,0.00%,0,0,0.00%,國泰投信,國泰美國收益傘型基金之美國短期公債ETF基金
國泰美國收益傘型基金之美國短期公債ETF基金,2,Jane Street,0,0.00%,0,0,0.00%,國泰投信,國泰美國收益傘型基金之美國短期公債ETF基金
國泰美國收益傘型基金之美國短期公債ETF基金,3,元大證券,0,0.00%,0,0,0.00%,國泰投信,國泰美國收益傘型基金之美國短期公債ETF基金
國泰美國收益傘型基金之美國短期公債ETF基金,4,國泰綜合證券,0,0.00%,0,0,0.00%,國泰投信,國泰美國收益傘型基金之美國短期公債ETF基金
國泰美國收益傘型基金之美國短期公債ETF基金,5,凱基證券,0,0.00%,0,0,0.00%,國泰投信,國泰美國收益傘型基金之美國短期公債ETF基金
國泰美國收益傘型基金之美國多重收益平衡基金 (本基金有相當比重投資於非投資等級之高風險債券且配息來源可能為本金),1,BERN-US,1054160,26.58%,3513745004,1054160,0.03%,國泰投信,國泰美國收益傘型基金之美國多重收益平衡基金
國泰美國收益傘型基金之美國多重收益平衡基金 (本基金有相當比重投資於非投資等級之高風險債券且配息來源可能為本金),2,CGML_LN,924751,23.31%,3082318807,924751,0.03%,國泰投信,國泰美國收益傘型基金之美國多重收益平衡基金
國泰美國收益傘型基金之美國多重收益平衡基金 (本基金有相當比重投資於非投資等級之高風險債券且配息來源可能為本金),3,BOASEC-NY,768030,19.36%,2560118473,768030,0.03%,國泰投信,國泰美國收益傘型基金之美國多重收益平衡基金
國泰美國收益傘型基金之美國多重收益平衡基金 (本基金有相當比重投資於非投資等級之高風險債券且配息來源可能為本金),4,HSBC-HK,574953,14.49%,1916556913,574953,0.03%,國泰投信,國泰美國收益傘型基金之美國多重收益平衡基金
國泰美國收益傘型基金之美國多重收益平衡基金 (本基金有相當比重投資於非投資等級之高風險債券且配息來源可能為本金),5,UBS-NY,523176,13.19%,1743812696,523176,0.03%,國泰投信,國泰美國收益傘型基金之美國多重收益平衡基金
國泰網路資安ETF基金,1,國泰綜合證券,54496,27.01%,114663622,54496,0.05%,國泰投信,國泰網路資安ETF基金
國泰網路資安ETF基金,2,凱基證券,22682,11.24%,99571188,22682,0.02%,國泰投信,國泰網路資安ETF基金
國泰網路資安ETF基金,3,玉山綜合證券,41074,20.36%,77681072,41074,0.05%,國泰投信,國泰網路資安ETF基金
國泰網路資安ETF基金,4,兆豐證券,42973,21.30%,60471295,42973,0.07%,國泰投信,國泰網路資安ETF基金
國泰網路資安ETF基金,5,第一金證券,29920,14.83%,57466426,29920,0.05%,國泰投信,國泰網路資安ETF基金
國泰台灣高股息傘型基金之台灣ESG永續高股息ETF基金 (基金之配息來源可能為收益平準金且本基金並無保證收益及配息),1,國泰綜合證券,108995675,25.40%,121224050150,108995675,0.09%,國泰投信,國泰台灣高股息傘型基金之台灣ESG永續高股息ETF基金
國泰台灣高股息傘型基金之台灣ESG永續高股息ETF基金 (基金之配息來源可能為收益平準金且本基金並無保證收益及配息),2,富邦證券,42577943,9.92%,47370937000,42577943,0.09%,國泰投信,國泰台灣高股息傘型基金之台灣ESG永續高股息ETF基金
國泰台灣高股息傘型基金之台灣ESG永續高股息ETF基金 (基金之配息來源可能為收益平準金且本基金並無保證收益及配息),3,元大證券,38935603,9.07%,43315226850,38935603,0.09%,國泰投信,國泰台灣高股息傘型基金之台灣ESG永續高股息ETF基金
國泰台灣高股息傘型基金之台灣ESG永續高股息ETF基金 (基金之配息來源可能為收益平準金且本基金並無保證收益及配息),4,永豐金證券,37019129,8.63%,41197793900,37019129,0.09%,國泰投信,國泰台灣高股息傘型基金之台灣ESG永續高股息ETF基金
國泰台灣高股息傘型基金之台灣ESG永續高股息ETF基金 (基金之配息來源可能為收益平準金且本基金並無保證收益及配息),5,凱基證券,35484837,8.27%,39493400000,35484837,0.09%,國泰投信,國泰台灣高股息傘型基金之台灣ESG永續高股息ETF基金
國泰台灣高股息傘型基金之台灣高股息基金 (本基金並無保證收益及配息),1,國泰綜合證券,15422422,16.01%,17142045225,15422422,0.09%,國泰投信,國泰台灣高股息傘型基金之台灣高股息基金
國泰台灣高股息傘型基金之台灣高股息基金 (本基金並無保證收益及配息),2,富邦證券,10465120,10.86%,11630424600,10465120,0.09%,國泰投信,國泰台灣高股息傘型基金之台灣高股息基金
國泰台灣高股息傘型基金之台灣高股息基金 (本基金並無保證收益及配息),3,永豐金證券,10179498,10.57%,11312972110,10179498,0.09%,國泰投信,國泰台灣高股息傘型基金之台灣高股息基金
國泰台灣高股息傘型基金之台灣高股息基金 (本基金並無保證收益及配息),4,群益金鼎證券,9116290,9.46%,10131695060,9116290,0.09%,國泰投信,國泰台灣高股息傘型基金之台灣高股息基金
國泰台灣高股息傘型基金之台灣高股息基金 (本基金並無保證收益及配息),5,凱基證券,8777964,9.11%,9755532600,8777964,0.09%,國泰投信,國泰台灣高股息傘型基金之台灣高股息基金
國泰台灣科技龍頭ETF基金,1,國泰綜合證券,15618000,25.19%,17355568000,15618000,0.09%,國泰投信,國泰台灣科技龍頭ETF基金
國泰台灣科技龍頭ETF基金,2,永豐金證券,8978803,14.48%,9978541000,8978803,0.09%,國泰投信,國泰台灣科技龍頭ETF基金
國泰台灣科技龍頭ETF基金,3,凱基證券,8355310,13.48%,9285545900,8355310,0.09%,國泰投信,國泰台灣科技龍頭ETF基金
國泰台灣科技龍頭ETF基金,4,元大證券,7197772,11.61%,7998878250,7197772,0.09%,國泰投信,國泰台灣科技龍頭ETF基金
國泰台灣科技龍頭ETF基金,5,群益金鼎證券,5347862,8.63%,5943134400,5347862,0.09%,國泰投信,國泰台灣科技龍頭ETF基金
國泰全球智能電動車ETF基金,1,國泰綜合證券,2016051,44.10%,2547309950,2016051,0.08%,國泰投信,國泰全球智能電動車ETF基金
國泰全球智能電動車ETF基金,2,凱基證券,802253,17.55%,1900268607,802253,0.04%,國泰投信,國泰全球智能電動車ETF基金
國泰全球智能電動車ETF基金,3,華南永昌綜合證券,439581,9.62%,1527486289,439581,0.03%,國泰投信,國泰全球智能電動車ETF基金
國泰全球智能電動車ETF基金,4,玉山綜合證券,403910,8.84%,1312430335,403910,0.03%,國泰投信,國泰全球智能電動車ETF基金
國泰全球智能電動車ETF基金,5,兆豐證券,525976,11.51%,1157530226,525976,0.05%,國泰投信,國泰全球智能電動車ETF基金
國泰全球基因免疫與醫療革命ETF基金,1,國泰綜合證券,139918,24.85%,347301314,139918,0.04%,國泰投信,國泰全球基因免疫與醫療革命ETF基金
國泰全球基因免疫與醫療革命ETF基金,2,凱基證券,57293,10.18%,240392962,57293,0.02%,國泰投信,國泰全球基因免疫與醫療革命ETF基金
國泰全球基因免疫與醫療革命ETF基金,3,華南永昌綜合證券,92317,16.40%,197188837,92317,0.05%,國泰投信,國泰全球基因免疫與醫療革命ETF基金
國泰全球基因免疫與醫療革命ETF基金,4,元大證券,43476,7.72%,179902428,43476,0.02%,國泰投信,國泰全球基因免疫與醫療革命ETF基金
國泰全球基因免疫與醫療革命ETF基金,5,玉山綜合證券,85074,15.11%,163534080,85074,0.05%,國泰投信,國泰全球基因免疫與醫療革命ETF基金
國泰美國ESG基金,1,Daiwa Capital Markets Hong Kong,101554,13.70%,408570082,101554,0.02%,國泰投信,國泰美國ESG基金
國泰美國ESG基金,2,Jefferies Hong Kong Limited,39148,5.28%,342984445,39148,0.01%,國泰投信,國泰美國ESG基金
國泰美國ESG基金,3,統一綜合證券,46209,6.23%,298705250,46209,0.02%,國泰投信,國泰美國ESG基金
國泰美國ESG基金,4,J.P. Morgan Securities Plc,75628,10.20%,252042506,75628,0.03%,國泰投信,國泰美國ESG基金
國泰美國ESG基金,5,華南永昌證券複委託,62638,8.45%,247962820,62638,0.03%,國泰投信,國泰美國ESG基金
國泰全球數位支付服務ETF基金,1,國泰綜合證券,2189279,36.38%,3999173179,2189279,0.05%,國泰投信,國泰全球數位支付服務ETF基金
國泰全球數位支付服務ETF基金,2,凱基證券,977344,16.24%,3364243873,977344,0.03%,國泰投信,國泰全球數位支付服務ETF基金
國泰全球數位支付服務ETF基金,3,玉山綜合證券,939795,15.62%,2655147048,939795,0.04%,國泰投信,國泰全球數位支付服務ETF基金
國泰全球數位支付服務ETF基金,4,兆豐證券,1128225,18.75%,2290673232,1128225,0.05%,國泰投信,國泰全球數位支付服務ETF基金
國泰全球數位支付服務ETF基金,5,富邦證券,493585,8.20%,1628681250,493585,0.03%,國泰投信,國泰全球數位支付服務ETF基金
國泰全球品牌50ETF基金 (本基金之配息來源可能為收益平準金),1,國泰綜合證券,224409,24.73%,1083451910,224409,0.02%,國泰投信,國泰全球品牌50ETF基金
國泰全球品牌50ETF基金 (本基金之配息來源可能為收益平準金),2,凱基證券,150241,16.55%,840098180,150241,0.02%,國泰投信,國泰全球品牌50ETF基金
國泰全球品牌50ETF基金 (本基金之配息來源可能為收益平準金),3,玉山綜合證券,169782,18.71%,707327510,169782,0.02%,國泰投信,國泰全球品牌50ETF基金
國泰全球品牌50ETF基金 (本基金之配息來源可能為收益平準金),4,兆豐證券,118286,13.03%,584908020,118286,0.02%,國泰投信,國泰全球品牌50ETF基金
國泰全球品牌50ETF基金 (本基金之配息來源可能為收益平準金),5,第一金證券,123732,13.63%,540565990,123732,0.02%,國泰投信,國泰全球品牌50ETF基金
國泰台灣領袖 50 ETF 基金 (基金之配息來源可能為收益平準金),1,國泰綜合證券,2478590,25.69%,2754618462,2478590,0.09%,國泰投信,國泰台灣領袖 50 ETF 基金
國泰台灣領袖 50 ETF 基金 (基金之配息來源可能為收益平準金),2,富邦證券,1599016,16.57%,1777029664,1599016,0.09%,國泰投信,國泰台灣領袖 50 ETF 基金
國泰台灣領袖 50 ETF 基金 (基金之配息來源可能為收益平準金),3,凱基證券,1211054,12.55%,1346249947,1211054,0.09%,國泰投信,國泰台灣領袖 50 ETF 基金
國泰台灣領袖 50 ETF 基金 (基金之配息來源可能為收益平準金),4,元大證券,1190767,12.34%,1323591750,1190767,0.09%,國泰投信,國泰台灣領袖 50 ETF 基金
國泰台灣領袖 50 ETF 基金 (基金之配息來源可能為收益平準金),5,玉山綜合證券,922596,9.56%,1025672862,922596,0.09%,國泰投信,國泰台灣領袖 50 ETF 基金
國泰10年以上投資級金融債券ETF基金 (基金之配息來源可能為收益平準金),1,Jane Street,0,0.00%,0,0,0.00%,國泰投信,國泰10年以上投資級金融債券ETF基金
國泰10年以上投資級金融債券ETF基金 (基金之配息來源可能為收益平準金),2,元大證券,0,0.00%,0,0,0.00%,國泰投信,國泰10年以上投資級金融債券ETF基金
國泰10年以上投資級金融債券ETF基金 (基金之配息來源可能為收益平準金),3,國泰綜合證券,0,0.00%,0,0,0.00%,國泰投信,國泰10年以上投資級金融債券ETF基金
國泰10年以上投資級金融債券ETF基金 (基金之配息來源可能為收益平準金),4,CITI GROUP,0,0.00%,0,0,0.00%,國泰投信,國泰10年以上投資級金融債券ETF基金
國泰10年以上投資級金融債券ETF基金 (基金之配息來源可能為收益平準金),5,BARCLAYS,0,0.00%,0,0,0.00%,國泰投信,國泰10年以上投資級金融債券ETF基金
富達台灣成長基金,1,新加坡商瑞銀證券股份有限公司,1149555,9.62%,1436949657,1149555,0.08%,富達投信,富達台灣成長基金
富達台灣成長基金,2,BNP PARIBAS HK BRANCH (OR),1143033,9.56%,1428795440,1143033,0.08%,富達投信,富達台灣成長基金
富達台灣成長基金,3,香港商麥格理資本台灣證券分公司,1115100,9.33%,1393871387,1115100,0.08%,富達投信,富達台灣成長基金
富達台灣成長基金,4,美林證券,1098122,9.19%,1372654767,1098122,0.08%,富達投信,富達台灣成長基金
富達台灣成長基金,5,元大證券,1092771,9.14%,1365961918,1092771,0.08%,富達投信,富達台灣成長基金
富達智慧醫療多重資產收益基金 (本基金有相當比重投資於非投資等級之高風險債券且配息來源可能為本金或收益平準金),1,BNP PARIBAS LONDON BRANCH,0,0.00%,0,0,0.00%,富達投信,富達智慧醫療多重資產收益基金
富達智慧醫療多重資產收益基金 (本基金有相當比重投資於非投資等級之高風險債券且配息來源可能為本金或收益平準金),2,FIRST UNION SECURITIES INC,0,0.00%,0,0,0.00%,富達投信,富達智慧醫療多重資產收益基金
富達智慧醫療多重資產收益基金 (本基金有相當比重投資於非投資等級之高風險債券且配息來源可能為本金或收益平準金),3,JEFFERIES LLC,3703,5.61%,81538787,2732,0.00%,富達投信,富達智慧醫療多重資產收益基金
富達智慧醫療多重資產收益基金 (本基金有相當比重投資於非投資等級之高風險債券且配息來源可能為本金或收益平準金),4,JP MORGAN SEC ASIA PRIVATE LTD,4558,6.91%,77512148,3929,0.01%,富達投信,富達智慧醫療多重資產收益基金
富達智慧醫療多重資產收益基金 (本基金有相當比重投資於非投資等級之高風險債券且配息來源可能為本金或收益平準金),5,GOLDMAN SACHS AND CO,3327,5.04%,49413880,2755,0.01%,富達投信,富達智慧醫療多重資產收益基金
富達未來通訊多重資產收益基金 (本基金有相當比重投資於非投資等級之高風險債券且配息來源可能為本金或收益平準金),1,JEFFERIES LLC,5907,4.08%,160099319,5481,0.00%,富達投信,富達未來通訊多重資產收益基金
富達未來通訊多重資產收益基金 (本基金有相當比重投資於非投資等級之高風險債券且配息來源可能為本金或收益平準金),2,JP MORGAN SEC ASIA PRIVATE LTD,8563,5.91%,124275118,7675,0.01%,富達投信,富達未來通訊多重資產收益基金
富達未來通訊多重資產收益基金 (本基金有相當比重投資於非投資等級之高風險債券且配息來源可能為本金或收益平準金),3,GOLDMAN SACHS AND CO,2091,1.44%,30272383,948,0.00%,富達投信,富達未來通訊多重資產收益基金
富達未來通訊多重資產收益基金 (本基金有相當比重投資於非投資等級之高風險債券且配息來源可能為本金或收益平準金),4,"""COWEN AND COMPANY LLC""",1536,1.06%,47194010,1103,0.00%,富達投信,富達未來通訊多重資產收益基金
富達未來通訊多重資產收益基金 (本基金有相當比重投資於非投資等級之高風險債券且配息來源可能為本金或收益平準金),5,群益金鼎證券,1679,1.16%,63948902,1679,0.00%,富達投信,富達未來通訊多重資產收益基金
富達永續減碳商機多重資產收益基金 (本基金有相當比重投資於非投資等級之高風險債券且配息來源可能為本金或收益平準金),1,JANE STREET FINANCIAL LIMITED,37344,31.33%,0,0,0.00%,富達投信,富達永續減碳商機多重資產收益基金
富達永續減碳商機多重資產收益基金 (本基金有相當比重投資於非投資等級之高風險債券且配息來源可能為本金或收益平準金),2,INVESTMENT TECH GRP LTD,13997,11.74%,0,0,0.00%,富達投信,富達永續減碳商機多重資產收益基金
富達永續減碳商機多重資產收益基金 (本基金有相當比重投資於非投資等級之高風險債券且配息來源可能為本金或收益平準金),3,台灣摩根士丹利證券,6677,5.60%,26708927,6677,0.02%,富達投信,富達永續減碳商機多重資產收益基金
富達永續減碳商機多重資產收益基金 (本基金有相當比重投資於非投資等級之高風險債券且配息來源可能為本金或收益平準金),4,GOLDMAN SACHS INTERNATIONAL,7283,6.11%,19838271,7283,0.04%,富達投信,富達永續減碳商機多重資產收益基金
富達永續減碳商機多重資產收益基金 (本基金有相當比重投資於非投資等級之高風險債券且配息來源可能為本金或收益平準金),5,JEFFERIES LLC,3866,3.24%,18850251,3866,0.02%,富達投信,富達永續減碳商機多重資產收益基金
富達永續全球股票收益基金 (本基金之配息來源可能為本金或收益平準金且並無保證收益及配息),1,JEFFERIES LLC,1317,9.32%,10612824,1317,0.01%,富達投信,富達永續全球股票收益基金
富達永續全球股票收益基金 (本基金之配息來源可能為本金或收益平準金且並無保證收益及配息),2,JP MORGAN SECURITIES LTD,2492,17.64%,9970754,2492,0.02%,富達投信,富達永續全球股票收益基金
富達永續全球股票收益基金 (本基金之配息來源可能為本金或收益平準金且並無保證收益及配息),3,"""MORGAN STANLEY AND CO INC NY""",373,2.64%,7647666,373,0.00%,富達投信,富達永續全球股票收益基金
富達永續全球股票收益基金 (本基金之配息來源可能為本金或收益平準金且並無保證收益及配息),4,UBS AG LONDON,1776,12.57%,7106817,1776,0.02%,富達投信,富達永續全球股票收益基金
富達永續全球股票收益基金 (本基金之配息來源可能為本金或收益平準金且並無保證收益及配息),5,"""COWEN AND COMPANY LLC""",271,1.92%,6272147,271,0.00%,富達投信,富達永續全球股票收益基金
德銀遠東DWS台灣旗艦基金,1,摩根大通證券,72056,22.24%,144255500,72056,0.05%,德銀投信,德銀遠東DWS台灣旗艦基金
德銀遠東DWS台灣旗艦基金,2,新加坡商瑞銀證券台北分公司,64149,19.80%,128517000,64149,0.05%,德銀投信,德銀遠東DWS台灣旗艦基金
德銀遠東DWS台灣旗艦基金,3,台灣摩根士丹利證券,61331,18.93%,122736000,61331,0.05%,德銀投信,德銀遠東DWS台灣旗艦基金
德銀遠東DWS台灣旗艦基金,4,美林證券,60462,18.66%,120912500,60462,0.05%,德銀投信,德銀遠東DWS台灣旗艦基金
德銀遠東DWS台灣旗艦基金,5,美商高盛亞洲證券有限公司台北分公司,60152,18.56%,120300000,60152,0.05%,德銀投信,德銀遠東DWS台灣旗艦基金
德銀遠東DWS全球原物料能源基金,1,群益金鼎證券,30688,19.82%,156873193,30688,0.02%,德銀投信,德銀遠東DWS全球原物料能源基金
德銀遠東DWS全球原物料能源基金,2,Morgan Stanley Europe SE,18724,12.09%,134520051,18724,0.01%,德銀投信,德銀遠東DWS全球原物料能源基金
德銀遠東DWS全球原物料能源基金,3,Citigroup Global Markets Europe AG,20810,13.44%,114848260,20810,0.02%,德銀投信,德銀遠東DWS全球原物料能源基金
德銀遠東DWS全球原物料能源基金,4,UBS Securities LLC,17085,11.03%,92367154,17085,0.02%,德銀投信,德銀遠東DWS全球原物料能源基金
德銀遠東DWS全球原物料能源基金,5,J.P. MORGAN CHASE & CO.,17352,11.21%,92113576,17352,0.02%,德銀投信,德銀遠東DWS全球原物料能源基金
凱基全球10年期以上美元A級公司債券ETF基金 (本基金之配息來源可能為收益平準金),1,Jane Street Financial Limited,0,0.00%,0,0,0.00%,凱基投信,凱基全球10年期以上美元A級公司債券ETF基金
凱基全球10年期以上美元A級公司債券ETF基金 (本基金之配息來源可能為收益平準金),2,凱基證券,0,0.00%,0,0,0.00%,凱基投信,凱基全球10年期以上美元A級公司債券ETF基金
凱基全球10年期以上美元A級公司債券ETF基金 (本基金之配息來源可能為收益平準金),3,元大證券,0,0.00%,0,0,0.00%,凱基投信,凱基全球10年期以上美元A級公司債券ETF基金
凱基全球10年期以上美元A級公司債券ETF基金 (本基金之配息來源可能為收益平準金),4,永豐金證券,0,0.00%,0,0,0.00%,凱基投信,凱基全球10年期以上美元A級公司債券ETF基金
凱基全球10年期以上美元A級公司債券ETF基金 (本基金之配息來源可能為收益平準金),5,nan,0,0.00%,0,0,0.00%,凱基投信,凱基全球10年期以上美元A級公司債券ETF基金
凱基優選台灣 AI 50 ETF基金 (本基金之配息來源可能為收益平準金),1,凱基證券,1212754,29.35%,1343423640,1212754,0.09%,凱基投信,凱基優選台灣 AI 50 ETF基金
凱基優選台灣 AI 50 ETF基金 (本基金之配息來源可能為收益平準金),2,永豐金證券,355750,8.61%,395913250,355750,0.09%,凱基投信,凱基優選台灣 AI 50 ETF基金
凱基優選台灣 AI 50 ETF基金 (本基金之配息來源可能為收益平準金),3,台新證券,311952,7.55%,343194950,311952,0.09%,凱基投信,凱基優選台灣 AI 50 ETF基金
凱基優選台灣 AI 50 ETF基金 (本基金之配息來源可能為收益平準金),4,國泰綜合證券,304077,7.36%,335150150,304077,0.09%,凱基投信,凱基優選台灣 AI 50 ETF基金
凱基優選台灣 AI 50 ETF基金 (本基金之配息來源可能為收益平準金),5,統一綜合證券,285748,6.91%,318574100,285748,0.09%,凱基投信,凱基優選台灣 AI 50 ETF基金
凱基美國Top股債平衡ETF基金,1,凱基證券,374830,48.28%,312358693,374830,0.12%,凱基投信,凱基美國Top股債平衡ETF基金
凱基美國Top股債平衡ETF基金,2,永豐金證券,54396,7.01%,45328665,54396,0.12%,凱基投信,凱基美國Top股債平衡ETF基金
凱基美國Top股債平衡ETF基金,3,國泰綜合證券,71698,9.24%,59748585,71698,0.12%,凱基投信,凱基美國Top股債平衡ETF基金
凱基美國Top股債平衡ETF基金,4,元大證券,52246,6.73%,43539681,52246,0.12%,凱基投信,凱基美國Top股債平衡ETF基金
凱基美國Top股債平衡ETF基金,5,統一綜合證券,87350,11.25%,72789383,87350,0.12%,凱基投信,凱基美國Top股債平衡ETF基金
凱基雙核收息債股平衡ETF基金 (本基金之配息來源可能為收益平準金且基金並無保證收益及配息),1,Jane Street Financial Limited,0,0.00%,0,0,0.00%,凱基投信,凱基雙核收息債股平衡ETF基金
凱基雙核收息債股平衡ETF基金 (本基金之配息來源可能為收益平準金且基金並無保證收益及配息),2,凱基證券,240702,27.94%,259131400,240702,0.09%,凱基投信,凱基雙核收息債股平衡ETF基金
凱基雙核收息債股平衡ETF基金 (本基金之配息來源可能為收益平準金且基金並無保證收益及配息),3,永豐金證券,24654,2.86%,27231000,24654,0.09%,凱基投信,凱基雙核收息債股平衡ETF基金
凱基雙核收息債股平衡ETF基金 (本基金之配息來源可能為收益平準金且基金並無保證收益及配息),4,元大證券,35821,4.16%,37071300,35821,0.10%,凱基投信,凱基雙核收息債股平衡ETF基金
凱基雙核收息債股平衡ETF基金 (本基金之配息來源可能為收益平準金且基金並無保證收益及配息),5,富邦證券,55961,6.50%,62180000,55961,0.09%,凱基投信,凱基雙核收息債股平衡ETF基金
凱基台灣TOP 50 ETF基金,1,凱基證券,65152748,29.35%,69177158100,65152748,0.09%,凱基投信,凱基台灣TOP 50 ETF基金
凱基台灣TOP 50 ETF基金,2,群益金鼎證券,20448137,9.21%,22024789450,20448137,0.09%,凱基投信,凱基台灣TOP 50 ETF基金
凱基台灣TOP 50 ETF基金,3,富邦證券,19187486,8.64%,20622240500,19187486,0.09%,凱基投信,凱基台灣TOP 50 ETF基金
凱基台灣TOP 50 ETF基金,4,統一綜合證券,18212452,8.20%,19602016850,18212452,0.09%,凱基投信,凱基台灣TOP 50 ETF基金
凱基台灣TOP 50 ETF基金,5,永豐金證券,15952140,7.19%,17032969700,15952140,0.09%,凱基投信,凱基台灣TOP 50 ETF基金
凱基台灣主動式ETF基金,1,凱基證券,11040940,29.43%,12272435500,11040940,0.09%,凱基投信,凱基台灣主動式ETF基金
凱基台灣主動式ETF基金,2,統一綜合證券,3338993,8.90%,3711851500,3338993,0.09%,凱基投信,凱基台灣主動式ETF基金
凱基台灣主動式ETF基金,3,國泰綜合證券,3072843,8.19%,3414953500,3072843,0.09%,凱基投信,凱基台灣主動式ETF基金
凱基台灣主動式ETF基金,4,富邦證券,2797013,7.46%,3108555000,2797013,0.09%,凱基投信,凱基台灣主動式ETF基金
凱基台灣主動式ETF基金,5,永豐金證券,2635724,7.03%,2929341500,2635724,0.09%,凱基投信,凱基台灣主動式ETF基金
凱基開創基金,1,凱基證券,573680,29.09%,614476400,573680,0.09%,凱基投信,凱基開創基金
凱基開創基金,2,犇亞證券,223440,11.33%,243415900,223440,0.09%,凱基投信,凱基開創基金
凱基開創基金,3,元大證券,173244,8.78%,185120500,173244,0.09%,凱基投信,凱基開創基金
凱基開創基金,4,臺銀綜合證券,155353,7.88%,162680500,155353,0.10%,凱基投信,凱基開創基金
凱基開創基金,5,兆豐證券,146427,7.42%,155424500,146427,0.09%,凱基投信,凱基開創基金
凱基台灣精五門基金,1,凱基證券,1907069,28.87%,2047101277,1907069,0.09%,凱基投信,凱基台灣精五門基金
凱基台灣精五門基金,2,犇亞證券,690781,10.46%,723702000,690781,0.10%,凱基投信,凱基台灣精五門基金
凱基台灣精五門基金,3,永豐金證券,631458,9.56%,693351000,631458,0.09%,凱基投信,凱基台灣精五門基金
凱基台灣精五門基金,4,臺銀綜合證券,458490,6.94%,488631500,458490,0.09%,凱基投信,凱基台灣精五門基金
凱基台灣精五門基金,5,康和綜合證券,470465,7.12%,482632400,470465,0.10%,凱基投信,凱基台灣精五門基金
凱基新興市場中小基金,1,凱基證券,532736,44.53%,392566503,532736,0.14%,凱基投信,凱基新興市場中小基金
凱基新興市場中小基金,2,國泰綜合證券,67328,5.63%,49363983,67328,0.14%,凱基投信,凱基新興市場中小基金
凱基新興市場中小基金,3,統一綜合證券,49259,4.12%,42074629,49259,0.12%,凱基投信,凱基新興市場中小基金
凱基新興市場中小基金,4,富邦證券,48827,4.08%,38559996,48827,0.13%,凱基投信,凱基新興市場中小基金
凱基新興市場中小基金,5,群益金鼎證券,56621,4.73%,38421868,56621,0.15%,凱基投信,凱基新興市場中小基金
凱基雲端趨勢基金,1,凱基證券,659628,44.62%,548068424,656873,0.12%,凱基投信,凱基雲端趨勢基金
凱基雲端趨勢基金,2,永豐金證券,114635,7.76%,109040758,114635,0.11%,凱基投信,凱基雲端趨勢基金
凱基雲端趨勢基金,3,統一綜合證券,93879,6.35%,87978228,93879,0.11%,凱基投信,凱基雲端趨勢基金
凱基雲端趨勢基金,4,富邦證券,93984,6.36%,82680277,92410,0.11%,凱基投信,凱基雲端趨勢基金
凱基雲端趨勢基金,5,中信證券,97196,6.58%,76067954,97196,0.13%,凱基投信,凱基雲端趨勢基金
凱基醫院及長照產業基金,1,凱基證券,177594,47.83%,147993726,177594,0.12%,凱基投信,凱基醫院及長照產業基金
凱基醫院及長照產業基金,2,中信證券,25567,6.89%,21306131,25567,0.12%,凱基投信,凱基醫院及長照產業基金
凱基醫院及長照產業基金,3,元大證券,18966,5.11%,15804289,18966,0.12%,凱基投信,凱基醫院及長照產業基金
凱基醫院及長照產業基金,4,State Street Corporation,18233,4.91%,15194035,18233,0.12%,凱基投信,凱基醫院及長照產業基金
凱基醫院及長照產業基金,5,台新證券,16780,4.52%,13984031,16780,0.12%,凱基投信,凱基醫院及長照產業基金
凱基台商天下基金,1,凱基證券,344187,37.90%,278498631,344187,0.12%,凱基投信,凱基台商天下基金
凱基台商天下基金,2,國票綜合證券,70542,7.77%,76332300,70542,0.09%,凱基投信,凱基台商天下基金
凱基台商天下基金,3,兆豐證券,82434,9.08%,74957224,82434,0.11%,凱基投信,凱基台商天下基金
凱基台商天下基金,4,第一金證券,42444,4.67%,45773000,42444,0.09%,凱基投信,凱基台商天下基金
凱基台商天下基金,5,康和綜合證券,36650,4.04%,38892000,36650,0.09%,凱基投信,凱基台商天下基金
凱基全球息收ETF傘型基金之凱基10年期以上新興市場BBB美元主權債及類主權債券ETF基金 (本基金之配息來源可能為收益平準金),1,Jane Street Financial Limited,0,0.00%,0,0,0.00%,凱基投信,凱基全球息收ETF傘型基金之凱基10年期以上新興市場BBB美元主權債及類主權債券ETF基金
凱基全球息收ETF傘型基金之凱基10年期以上新興市場BBB美元主權債及類主權債券ETF基金 (本基金之配息來源可能為收益平準金),2,凱基證券,0,0.00%,0,0,0.00%,凱基投信,凱基全球息收ETF傘型基金之凱基10年期以上新興市場BBB美元主權債及類主權債券ETF基金
凱基全球息收ETF傘型基金之凱基10年期以上新興市場BBB美元主權債及類主權債券ETF基金 (本基金之配息來源可能為收益平準金),3,nan,0,0.00%,0,0,0.00%,凱基投信,凱基全球息收ETF傘型基金之凱基10年期以上新興市場BBB美元主權債及類主權債券ETF基金
凱基全球息收ETF傘型基金之凱基10年期以上新興市場BBB美元主權債及類主權債券ETF基金 (本基金之配息來源可能為收益平準金),4,nan,0,0.00%,0,0,0.00%,凱基投信,凱基全球息收ETF傘型基金之凱基10年期以上新興市場BBB美元主權債及類主權債券ETF基金
凱基全球息收ETF傘型基金之凱基10年期以上新興市場BBB美元主權債及類主權債券ETF基金 (本基金之配息來源可能為收益平準金),5,nan,0,0.00%,0,0,0.00%,凱基投信,凱基全球息收ETF傘型基金之凱基10年期以上新興市場BBB美元主權債及類主權債券ETF基金
凱基全球息收ETF傘型基金之凱基10年期以上科技業公司債券ETF基金 (本基金之配息來源可能為收益平準金),1,Jane Street Financial Limited,0,0.00%,0,0,0.00%,凱基投信,凱基全球息收ETF傘型基金之凱基10年期以上科技業公司債券ETF基金
凱基全球息收ETF傘型基金之凱基10年期以上科技業公司債券ETF基金 (本基金之配息來源可能為收益平準金),2,凱基證券,0,0.00%,0,0,0.00%,凱基投信,凱基全球息收ETF傘型基金之凱基10年期以上科技業公司債券ETF基金
凱基全球息收ETF傘型基金之凱基10年期以上科技業公司債券ETF基金 (本基金之配息來源可能為收益平準金),3,nan,0,0.00%,0,0,0.00%,凱基投信,凱基全球息收ETF傘型基金之凱基10年期以上科技業公司債券ETF基金
凱基全球息收ETF傘型基金之凱基10年期以上科技業公司債券ETF基金 (本基金之配息來源可能為收益平準金),4,nan,0,0.00%,0,0,0.00%,凱基投信,凱基全球息收ETF傘型基金之凱基10年期以上科技業公司債券ETF基金
凱基全球息收ETF傘型基金之凱基10年期以上科技業公司債券ETF基金 (本基金之配息來源可能為收益平準金),5,nan,0,0.00%,0,0,0.00%,凱基投信,凱基全球息收ETF傘型基金之凱基10年期以上科技業公司債券ETF基金
凱基多元收益ETF傘型基金之凱基15年期以上AAA至A級美元公司債券ETF基金 (本基金之配息來源可能為收益平準金),1,凱基證券,0,0.00%,0,0,0.00%,凱基投信,凱基多元收益ETF傘型基金之凱基15年期以上AAA至A級美元公司債券ETF基金
凱基多元收益ETF傘型基金之凱基15年期以上AAA至A級美元公司債券ETF基金 (本基金之配息來源可能為收益平準金),2,Jane Street Financial Limited,0,0.00%,0,0,0.00%,凱基投信,凱基多元收益ETF傘型基金之凱基15年期以上AAA至A級美元公司債券ETF基金
凱基多元收益ETF傘型基金之凱基15年期以上AAA至A級美元公司債券ETF基金 (本基金之配息來源可能為收益平準金),3,nan,0,0.00%,0,0,0.00%,凱基投信,凱基多元收益ETF傘型基金之凱基15年期以上AAA至A級美元公司債券ETF基金
凱基多元收益ETF傘型基金之凱基15年期以上AAA至A級美元公司債券ETF基金 (本基金之配息來源可能為收益平準金),4,nan,0,0.00%,0,0,0.00%,凱基投信,凱基多元收益ETF傘型基金之凱基15年期以上AAA至A級美元公司債券ETF基金
凱基多元收益ETF傘型基金之凱基15年期以上AAA至A級美元公司債券ETF基金 (本基金之配息來源可能為收益平準金),5,nan,0,0.00%,0,0,0.00%,凱基投信,凱基多元收益ETF傘型基金之凱基15年期以上AAA至A級美元公司債券ETF基金
凱基多元收益ETF傘型基金之凱基20年期以上美元金融債券ETF基金 (本基金之配息來源可能為收益平準金),1,凱基證券,0,0.00%,0,0,0.00%,凱基投信,凱基多元收益ETF傘型基金之凱基20年期以上美元金融債券ETF基金
凱基多元收益ETF傘型基金之凱基20年期以上美元金融債券ETF基金 (本基金之配息來源可能為收益平準金),2,Jane Street Financial Limited,0,0.00%,0,0,0.00%,凱基投信,凱基多元收益ETF傘型基金之凱基20年期以上美元金融債券ETF基金
凱基多元收益ETF傘型基金之凱基20年期以上美元金融債券ETF基金 (本基金之配息來源可能為收益平準金),3,元大證券,0,0.00%,0,0,0.00%,凱基投信,凱基多元收益ETF傘型基金之凱基20年期以上美元金融債券ETF基金
凱基多元收益ETF傘型基金之凱基20年期以上美元金融債券ETF基金 (本基金之配息來源可能為收益平準金),4,nan,0,0.00%,0,0,0.00%,凱基投信,凱基多元收益ETF傘型基金之凱基20年期以上美元金融債券ETF基金
凱基多元收益ETF傘型基金之凱基20年期以上美元金融債券ETF基金 (本基金之配息來源可能為收益平準金),5,nan,0,0.00%,0,0,0.00%,凱基投信,凱基多元收益ETF傘型基金之凱基20年期以上美元金融債券ETF基金
凱基多元收益ETF傘型基金之凱基25年期以上美國公債ETF基金 (本基金之配息來源可能為收益平準金),1,凱基證券,0,0.00%,0,0,0.00%,凱基投信,凱基多元收益ETF傘型基金之凱基25年期以上美國公債ETF基金
凱基多元收益ETF傘型基金之凱基25年期以上美國公債ETF基金 (本基金之配息來源可能為收益平準金),2,元大證券,0,0.00%,0,0,0.00%,凱基投信,凱基多元收益ETF傘型基金之凱基25年期以上美國公債ETF基金
凱基多元收益ETF傘型基金之凱基25年期以上美國公債ETF基金 (本基金之配息來源可能為收益平準金),3,富邦證券,0,0.00%,0,0,0.00%,凱基投信,凱基多元收益ETF傘型基金之凱基25年期以上美國公債ETF基金
凱基多元收益ETF傘型基金之凱基25年期以上美國公債ETF基金 (本基金之配息來源可能為收益平準金),4,Jane Street Financial Limited,0,0.00%,0,0,0.00%,凱基投信,凱基多元收益ETF傘型基金之凱基25年期以上美國公債ETF基金
凱基多元收益ETF傘型基金之凱基25年期以上美國公債ETF基金 (本基金之配息來源可能為收益平準金),5,nan,0,0.00%,0,0,0.00%,凱基投信,凱基多元收益ETF傘型基金之凱基25年期以上美國公債ETF基金
凱基精選美元債券ETF傘型基金之凱基15年期以上美元投資等級精選公司債券ETF基金 (本基金之配息來源可能為收益平準金),1,Jane Street Financial Limited,0,0.00%,0,0,0.00%,凱基投信,凱基精選美元債券ETF傘型基金之凱基15年期以上美元投資等級精選公司債券ETF基金
凱基精選美元債券ETF傘型基金之凱基15年期以上美元投資等級精選公司債券ETF基金 (本基金之配息來源可能為收益平準金),2,凱基證券,0,0.00%,0,0,0.00%,凱基投信,凱基精選美元債券ETF傘型基金之凱基15年期以上美元投資等級精選公司債券ETF基金
凱基精選美元債券ETF傘型基金之凱基15年期以上美元投資等級精選公司債券ETF基金 (本基金之配息來源可能為收益平準金),3,nan,0,0.00%,0,0,0.00%,凱基投信,凱基精選美元債券ETF傘型基金之凱基15年期以上美元投資等級精選公司債券ETF基金
凱基精選美元債券ETF傘型基金之凱基15年期以上美元投資等級精選公司債券ETF基金 (本基金之配息來源可能為收益平準金),4,nan,0,0.00%,0,0,0.00%,凱基投信,凱基精選美元債券ETF傘型基金之凱基15年期以上美元投資等級精選公司債券ETF基金
凱基精選美元債券ETF傘型基金之凱基15年期以上美元投資等級精選公司債券ETF基金 (本基金之配息來源可能為收益平準金),5,nan,0,0.00%,0,0,0.00%,凱基投信,凱基精選美元債券ETF傘型基金之凱基15年期以上美元投資等級精選公司債券ETF基金
凱基精選美元債券ETF傘型基金之凱基20年期以上AAA至AA級大型美元公司債券ETF基金 (本基金之配息來源可能為收益平準金),1,元大證券,0,0.00%,0,0,0.00%,凱基投信,凱基精選美元債券ETF傘型基金之凱基20年期以上AAA至AA級大型美元公司債券ETF基金
凱基精選美元債券ETF傘型基金之凱基20年期以上AAA至AA級大型美元公司債券ETF基金 (本基金之配息來源可能為收益平準金),2,Jane Street Financial Limited,0,0.00%,0,0,0.00%,凱基投信,凱基精選美元債券ETF傘型基金之凱基20年期以上AAA至AA級大型美元公司債券ETF基金
凱基精選美元債券ETF傘型基金之凱基20年期以上AAA至AA級大型美元公司債券ETF基金 (本基金之配息來源可能為收益平準金),3,國泰綜合證券,0,0.00%,0,0,0.00%,凱基投信,凱基精選美元債券ETF傘型基金之凱基20年期以上AAA至AA級大型美元公司債券ETF基金
凱基精選美元債券ETF傘型基金之凱基20年期以上AAA至AA級大型美元公司債券ETF基金 (本基金之配息來源可能為收益平準金),4,富邦證券,0,0.00%,0,0,0.00%,凱基投信,凱基精選美元債券ETF傘型基金之凱基20年期以上AAA至AA級大型美元公司債券ETF基金
凱基精選美元債券ETF傘型基金之凱基20年期以上AAA至AA級大型美元公司債券ETF基金 (本基金之配息來源可能為收益平準金),5,nan,0,0.00%,0,0,0.00%,凱基投信,凱基精選美元債券ETF傘型基金之凱基20年期以上AAA至AA級大型美元公司債券ETF基金
凱基臺灣多元收益多重資產基金,1,凱基證券,112342,27.95%,37489400,36180,0.10%,凱基投信,凱基臺灣多元收益多重資產基金
凱基臺灣多元收益多重資產基金,2,宏遠證券,45492,11.32%,12821050,12478,0.10%,凱基投信,凱基臺灣多元收益多重資產基金
凱基臺灣多元收益多重資產基金,3,臺銀綜合證券,38644,9.62%,12591750,12105,0.10%,凱基投信,凱基臺灣多元收益多重資產基金
凱基臺灣多元收益多重資產基金,4,玉山綜合證券,39081,9.72%,11415700,11140,0.10%,凱基投信,凱基臺灣多元收益多重資產基金
凱基臺灣多元收益多重資產基金,5,犇亞證券,37407,9.31%,11856650,11426,0.10%,凱基投信,凱基臺灣多元收益多重資產基金
凱基收益成長多重資產基金 (本基金有相當比重投資於非投資等級之高風險債券且配息來源可能為本金),1,美林證券,359453,21.40%,1106610298,174591,0.02%,凱基投信,凱基收益成長多重資產基金
凱基收益成長多重資產基金 (本基金有相當比重投資於非投資等級之高風險債券且配息來源可能為本金),2,花旗環球證券,291250,17.34%,1127045534,60446,0.01%,凱基投信,凱基收益成長多重資產基金
凱基收益成長多重資產基金 (本基金有相當比重投資於非投資等級之高風險債券且配息來源可能為本金),3,摩根士丹利,295424,17.59%,1264471154,94064,0.01%,凱基投信,凱基收益成長多重資產基金
凱基收益成長多重資產基金 (本基金有相當比重投資於非投資等級之高風險債券且配息來源可能為本金),4,摩根大通證券,409671,24.39%,1109027057,122801,0.01%,凱基投信,凱基收益成長多重資產基金
凱基收益成長多重資產基金 (本基金有相當比重投資於非投資等級之高風險債券且配息來源可能為本金),5,高盛,125645,7.48%,1263989297,72907,0.01%,凱基投信,凱基收益成長多重資產基金
凱基未來世代關鍵收息多重資產基金 (本基金之配息來源可能為本金),1,凱基證券,838355,49.08%,621759476,802282,0.13%,凱基投信,凱基未來世代關鍵收息多重資產基金
凱基未來世代關鍵收息多重資產基金 (本基金之配息來源可能為本金),2,國泰綜合證券,114545,6.71%,84768911,105883,0.12%,凱基投信,凱基未來世代關鍵收息多重資產基金
凱基未來世代關鍵收息多重資產基金 (本基金之配息來源可能為本金),3,富邦證券,115932,6.79%,81091643,109456,0.13%,凱基投信,凱基未來世代關鍵收息多重資產基金
凱基未來世代關鍵收息多重資產基金 (本基金之配息來源可能為本金),4,元大證券,101346,5.93%,73160892,98823,0.14%,凱基投信,凱基未來世代關鍵收息多重資產基金
凱基未來世代關鍵收息多重資產基金 (本基金之配息來源可能為本金),5,群益金鼎證券,89107,5.22%,71905872,89107,0.12%,凱基投信,凱基未來世代關鍵收息多重資產基金
凱基環球傘型基金之凱基 15 年期以上美元 BBB 級 ESG 永續公司債券 ETF 基金 (本基金之配息來源可能為收益平準金),1,凱基證券,0,0.00%,0,0,0.00%,凱基投信,凱基環球傘型基金之凱基 15 年期以上美元 BBB 級 ESG 永續公司債券 ETF 基金
凱基環球傘型基金之凱基 15 年期以上美元 BBB 級 ESG 永續公司債券 ETF 基金 (本基金之配息來源可能為收益平準金),2,Jane Street Financial Limited,0,0.00%,0,0,0.00%,凱基投信,凱基環球傘型基金之凱基 15 年期以上美元 BBB 級 ESG 永續公司債券 ETF 基金
凱基環球傘型基金之凱基 15 年期以上美元 BBB 級 ESG 永續公司債券 ETF 基金 (本基金之配息來源可能為收益平準金),3,永豐金證券,0,0.00%,0,0,0.00%,凱基投信,凱基環球傘型基金之凱基 15 年期以上美元 BBB 級 ESG 永續公司債券 ETF 基金
凱基環球傘型基金之凱基 15 年期以上美元 BBB 級 ESG 永續公司債券 ETF 基金 (本基金之配息來源可能為收益平準金),4,國泰綜合證券,0,0.00%,0,0,0.00%,凱基投信,凱基環球傘型基金之凱基 15 年期以上美元 BBB 級 ESG 永續公司債券 ETF 基金
凱基環球傘型基金之凱基 15 年期以上美元 BBB 級 ESG 永續公司債券 ETF 基金 (本基金之配息來源可能為收益平準金),5,富邦證券,0,0.00%,0,0,0.00%,凱基投信,凱基環球傘型基金之凱基 15 年期以上美元 BBB 級 ESG 永續公司債券 ETF 基金
凱基環球趨勢基金,1,凱基證券,425821,48.51%,340506764,421775,0.12%,凱基投信,凱基環球趨勢基金
凱基環球趨勢基金,2,中信證券,66236,7.54%,54451099,65344,0.12%,凱基投信,凱基環球趨勢基金
凱基環球趨勢基金,3,兆豐證券,44184,5.03%,36580346,44184,0.12%,凱基投信,凱基環球趨勢基金
凱基環球趨勢基金,4,中信證券,42331,4.82%,32678946,42331,0.13%,凱基投信,凱基環球趨勢基金
凱基環球趨勢基金,5,State Street Corporation,38925,4.43%,32437035,38925,0.12%,凱基投信,凱基環球趨勢基金
凱基未來移動基金,1,凱基證券,175189,47.06%,133466000,168494,0.13%,凱基投信,凱基未來移動基金
凱基未來移動基金,2,國泰綜合證券,23734,6.38%,20814161,23734,0.11%,凱基投信,凱基未來移動基金
凱基未來移動基金,3,統一綜合證券,19753,5.31%,18413266,19753,0.11%,凱基投信,凱基未來移動基金
凱基未來移動基金,4,群益金鼎證券,20767,5.58%,14991047,16788,0.11%,凱基投信,凱基未來移動基金
凱基未來移動基金,5,UOB Kay Hian,20646,5.55%,15773303,20646,0.13%,凱基投信,凱基未來移動基金
凱基台灣優選高股息30 ETF基金 (本基金之配息來源可能為收益平準金且基金並無保證收益及配息),1,凱基證券,10895502,29.29%,11628612100,10895502,0.09%,凱基投信,凱基台灣優選高股息30 ETF基金
凱基台灣優選高股息30 ETF基金 (本基金之配息來源可能為收益平準金且基金並無保證收益及配息),2,富邦證券,3128579,8.41%,3365061350,3128579,0.09%,凱基投信,凱基台灣優選高股息30 ETF基金
凱基台灣優選高股息30 ETF基金 (本基金之配息來源可能為收益平準金且基金並無保證收益及配息),3,統一綜合證券,2859707,7.69%,3064533550,2859707,0.09%,凱基投信,凱基台灣優選高股息30 ETF基金
凱基台灣優選高股息30 ETF基金 (本基金之配息來源可能為收益平準金且基金並無保證收益及配息),4,群益金鼎證券,2753639,7.40%,2948701500,2753639,0.09%,凱基投信,凱基台灣優選高股息30 ETF基金
凱基台灣優選高股息30 ETF基金 (本基金之配息來源可能為收益平準金且基金並無保證收益及配息),5,國泰綜合證券,2276739,6.12%,2434144400,2276739,0.09%,凱基投信,凱基台灣優選高股息30 ETF基金
凱基未來樂活多重資產基金 (本基金有相當比重投資於非投資等級之高風險債券且配息來源可能為本金),1,凱基證券,1685600,48.92%,873402123,1048076,0.12%,凱基投信,凱基未來樂活多重資產基金
凱基未來樂活多重資產基金 (本基金有相當比重投資於非投資等級之高風險債券且配息來源可能為本金),2,國泰綜合證券,268975,7.81%,116497993,139790,0.12%,凱基投信,凱基未來樂活多重資產基金
凱基未來樂活多重資產基金 (本基金有相當比重投資於非投資等級之高風險債券且配息來源可能為本金),3,永豐金證券,310614,9.01%,139424803,167309,0.12%,凱基投信,凱基未來樂活多重資產基金
凱基未來樂活多重資產基金 (本基金有相當比重投資於非投資等級之高風險債券且配息來源可能為本金),4,統一綜合證券,305633,8.87%,147516120,177019,0.12%,凱基投信,凱基未來樂活多重資產基金
凱基未來樂活多重資產基金 (本基金有相當比重投資於非投資等級之高風險債券且配息來源可能為本金),5,富邦證券,236419,6.86%,121350661,145619,0.12%,凱基投信,凱基未來樂活多重資產基金
凱基全球菁英55 ETF基金,1,凱基證券,2530968,49.52%,2037349089,2530968,0.12%,凱基投信,凱基全球菁英55 ETF基金
凱基全球菁英55 ETF基金,2,永豐金證券,455026,8.90%,363175966,455026,0.13%,凱基投信,凱基全球菁英55 ETF基金
凱基全球菁英55 ETF基金,3,統一綜合證券,437726,8.56%,361488113,437726,0.12%,凱基投信,凱基全球菁英55 ETF基金
凱基全球菁英55 ETF基金,4,國泰綜合證券,385738,7.55%,319513776,385738,0.12%,凱基投信,凱基全球菁英55 ETF基金
凱基全球菁英55 ETF基金,5,富邦證券,315361,6.17%,262801090,315361,0.12%,凱基投信,凱基全球菁英55 ETF基金
凱基實質收息多重資產基金 (本基金之配息來源可能為本金),1,凱基證券,311336,49.77%,192150550,257673,0.13%,凱基投信,凱基實質收息多重資產基金
凱基實質收息多重資產基金 (本基金之配息來源可能為本金),2,State Street Corporation,54514,8.71%,45429579,54514,0.12%,凱基投信,凱基實質收息多重資產基金
凱基實質收息多重資產基金 (本基金之配息來源可能為本金),3,永豐金證券,40522,6.48%,24964375,31068,0.12%,凱基投信,凱基實質收息多重資產基金
凱基實質收息多重資產基金 (本基金之配息來源可能為本金),4,兆豐證券,31549,5.04%,19167739,23649,0.12%,凱基投信,凱基實質收息多重資產基金
凱基實質收息多重資產基金 (本基金之配息來源可能為本金),5,統一綜合證券,29035,4.64%,13277675,15934,0.12%,凱基投信,凱基實質收息多重資產基金
凱基台灣優選30 ETF基金 (本基金之配息來源可能為收益平準金),1,凱基證券,437120,29.19%,479745500,437120,0.09%,凱基投信,凱基台灣優選30 ETF基金
凱基台灣優選30 ETF基金 (本基金之配息來源可能為收益平準金),2,兆豐證券,168502,11.25%,184727300,168502,0.09%,凱基投信,凱基台灣優選30 ETF基金
凱基台灣優選30 ETF基金 (本基金之配息來源可能為收益平準金),3,中信證券,141257,9.43%,155618400,141257,0.09%,凱基投信,凱基台灣優選30 ETF基金
凱基台灣優選30 ETF基金 (本基金之配息來源可能為收益平準金),4,玉山綜合證券,127794,8.53%,140665450,127794,0.09%,凱基投信,凱基台灣優選30 ETF基金
凱基台灣優選30 ETF基金 (本基金之配息來源可能為收益平準金),5,統一綜合證券,94307,6.30%,105697050,94307,0.09%,凱基投信,凱基台灣優選30 ETF基金
凱基美國優選收益非投資等級債券ETF基金 (本基金之配息來源可能為收益平準金),1,凱基證券,0,0.00%,0,0,0.00%,凱基投信,凱基美國優選收益非投資等級債券ETF基金
凱基美國優選收益非投資等級債券ETF基金 (本基金之配息來源可能為收益平準金),2,Jane Street Financial Limited,0,0.00%,0,0,0.00%,凱基投信,凱基美國優選收益非投資等級債券ETF基金
凱基美國優選收益非投資等級債券ETF基金 (本基金之配息來源可能為收益平準金),3,Jefferies International Limited,0,0.00%,0,0,0.00%,凱基投信,凱基美國優選收益非投資等級債券ETF基金
凱基美國優選收益非投資等級債券ETF基金 (本基金之配息來源可能為收益平準金),4,nan,0,0.00%,0,0,0.00%,凱基投信,凱基美國優選收益非投資等級債券ETF基金
凱基美國優選收益非投資等級債券ETF基金 (本基金之配息來源可能為收益平準金),5,nan,0,0.00%,0,0,0.00%,凱基投信,凱基美國優選收益非投資等級債券ETF基金
施羅德美國成長多重資產基金 (本基金有相當比重投資於非投資等級之高風險債券),1,MERRILL LYNCH AND CO INC NY,2791,19.39%,62898960,2657,0.00%,施羅德投信,施羅德美國成長多重資產基金
施羅德美國成長多重資產基金 (本基金有相當比重投資於非投資等級之高風險債券),2,BANK OF MONTREAL,0,0.00%,0,0,0.00%,施羅德投信,施羅德美國成長多重資產基金
施羅德美國成長多重資產基金 (本基金有相當比重投資於非投資等級之高風險債券),3,群益金鼎證券,4462,31.00%,100936344,4431,0.00%,施羅德投信,施羅德美國成長多重資產基金
施羅德美國成長多重資產基金 (本基金有相當比重投資於非投資等級之高風險債券),4,GOLDMAN SACHS AND CO NEW YORK,3512,24.40%,81090863,3478,0.00%,施羅德投信,施羅德美國成長多重資產基金
施羅德美國成長多重資產基金 (本基金有相當比重投資於非投資等級之高風險債券),5,CITADEL,0,0.00%,0,0,0.00%,施羅德投信,施羅德美國成長多重資產基金
施羅德台美雙利多重資產基金 (本基金有相當比重投資於非投資等級之高風險債券且配息來源可能為本金),1,MERRILL LYNCH AND CO INC NY,0,0.00%,0,0,0.00%,施羅德投信,施羅德台美雙利多重資產基金
施羅德台美雙利多重資產基金 (本基金有相當比重投資於非投資等級之高風險債券且配息來源可能為本金),2,元大證券,439513,16.26%,517206500,439513,0.08%,施羅德投信,施羅德台美雙利多重資產基金
施羅德台美雙利多重資產基金 (本基金有相當比重投資於非投資等級之高風險債券且配息來源可能為本金),3,國泰綜合證券,381946,14.13%,477672475,381946,0.08%,施羅德投信,施羅德台美雙利多重資產基金
施羅德台美雙利多重資產基金 (本基金有相當比重投資於非投資等級之高風險債券且配息來源可能為本金),4,永豐金證券,367671,13.60%,432680479,367671,0.08%,施羅德投信,施羅德台美雙利多重資產基金
施羅德台美雙利多重資產基金 (本基金有相當比重投資於非投資等級之高風險債券且配息來源可能為本金),5,國票綜合證券,354949,13.13%,417628000,354949,0.08%,施羅德投信,施羅德台美雙利多重資產基金
施羅德台灣樂活中小基金,1,國泰綜合證券,948130,13.37%,1185462615,948130,0.08%,施羅德投信,施羅德台灣樂活中小基金
施羅德台灣樂活中小基金,2,大和國泰證券,990868,13.97%,1166145420,990868,0.08%,施羅德投信,施羅德台灣樂活中小基金
施羅德台灣樂活中小基金,3,元大證券,985052,13.89%,1159357000,985052,0.08%,施羅德投信,施羅德台灣樂活中小基金
施羅德台灣樂活中小基金,4,國票綜合證券,828850,11.69%,975309440,828850,0.08%,施羅德投信,施羅德台灣樂活中小基金
施羅德台灣樂活中小基金,5,永豐金證券,777099,10.96%,914375080,777099,0.08%,施羅德投信,施羅德台灣樂活中小基金
施羅德全週期成長多重資產基金 (本基金有相當比重投資於非投資等級之高風險債券且基金之配息來源可能為本金),1,MERRILL LYNCH AND CO INC NY,8782,4.55%,155026974,7596,0.00%,施羅德投信,施羅德全週期成長多重資產基金
施羅德全週期成長多重資產基金 (本基金有相當比重投資於非投資等級之高風險債券且基金之配息來源可能為本金),2,SCHRODER INV MGM,0,0.00%,0,0,0.00%,施羅德投信,施羅德全週期成長多重資產基金
施羅德全週期成長多重資產基金 (本基金有相當比重投資於非投資等級之高風險債券且基金之配息來源可能為本金),3,CITADEL,0,0.00%,0,0,0.00%,施羅德投信,施羅德全週期成長多重資產基金
施羅德全週期成長多重資產基金 (本基金有相當比重投資於非投資等級之高風險債券且基金之配息來源可能為本金),4,GOLDMAN SACHS INTERNATIONAL LONDON,31038,16.08%,227842882,31038,0.01%,施羅德投信,施羅德全週期成長多重資產基金
施羅德全週期成長多重資產基金 (本基金有相當比重投資於非投資等級之高風險債券且基金之配息來源可能為本金),5,NOMURA INTL PLC LONDON,0,0.00%,0,0,0.00%,施羅德投信,施羅德全週期成長多重資產基金
街口台灣基金,1,永豐金證券,622171,19.21%,691909602,622171,0.09%,街口投信,街口台灣基金
街口台灣基金,2,台新證券,451693,13.94%,502058510,451693,0.09%,街口投信,街口台灣基金
街口台灣基金,3,凱基證券,282363,8.72%,313853145,282363,0.09%,街口投信,街口台灣基金
街口台灣基金,4,國票綜合證券,233963,7.22%,260116633,233963,0.09%,街口投信,街口台灣基金
街口台灣基金,5,群益金鼎證券,204827,6.32%,227671850,204827,0.09%,街口投信,街口台灣基金
街口全球時尚精品基金,1,凱基證券,26964,10.26%,29990800,26964,0.09%,街口投信,街口全球時尚精品基金
街口全球時尚精品基金,2,OKASAN,44503,16.93%,29667345,44503,0.15%,街口投信,街口全球時尚精品基金
街口全球時尚精品基金,3,統一綜合證券,32795,12.48%,27327828,32795,0.12%,街口投信,街口全球時尚精品基金
街口全球時尚精品基金,4,國泰綜合證券,31531,12.00%,24543508,31531,0.13%,街口投信,街口全球時尚精品基金
街口全球時尚精品基金,5,富邦證券,30548,11.62%,22397777,30548,0.14%,街口投信,街口全球時尚精品基金
街口中小型基金,1,永豐金證券,419033,20.11%,465747385,419033,0.09%,街口投信,街口中小型基金
街口中小型基金,2,台新證券,364343,17.49%,404882050,364343,0.09%,街口投信,街口中小型基金
街口中小型基金,3,中信證券,155980,7.49%,173350625,155980,0.09%,街口投信,街口中小型基金
街口中小型基金,4,凱基證券,155092,7.44%,172368250,155092,0.09%,街口投信,街口中小型基金
街口中小型基金,5,國票綜合證券,125856,6.04%,139855500,125856,0.09%,街口投信,街口中小型基金
富蘭克林華美臺灣ESG永續高息ETF基金,1,永豐金證券,1593285,17.75%,1992445240,1593285,0.08%,富蘭克林華美投信,富蘭克林華美臺灣ESG永續高息ETF基金
富蘭克林華美臺灣ESG永續高息ETF基金,2,凱基證券,1190347,13.26%,1488665050,1190347,0.08%,富蘭克林華美投信,富蘭克林華美臺灣ESG永續高息ETF基金
富蘭克林華美臺灣ESG永續高息ETF基金,3,富邦證券,1024626,11.42%,1464124500,1024626,0.07%,富蘭克林華美投信,富蘭克林華美臺灣ESG永續高息ETF基金
富蘭克林華美臺灣ESG永續高息ETF基金,4,中信證券,866853,9.66%,1239192800,866853,0.07%,富蘭克林華美投信,富蘭克林華美臺灣ESG永續高息ETF基金
富蘭克林華美臺灣ESG永續高息ETF基金,5,兆豐證券,736743,8.21%,1228547150,736743,0.06%,富蘭克林華美投信,富蘭克林華美臺灣ESG永續高息ETF基金
富蘭克林華美20年期以上BBB投資級美元公司債ETF基金 (本基金之配息來源可能為收益平準金),1,JANE STREET,0,0.00%,0,0,0.00%,富蘭克林華美投信,富蘭克林華美20年期以上BBB投資級美元公司債ETF基金
富蘭克林華美20年期以上BBB投資級美元公司債ETF基金 (本基金之配息來源可能為收益平準金),2,國泰綜合證券,0,0.00%,0,0,0.00%,富蘭克林華美投信,富蘭克林華美20年期以上BBB投資級美元公司債ETF基金
富蘭克林華美20年期以上BBB投資級美元公司債ETF基金 (本基金之配息來源可能為收益平準金),3,中信證券,0,0.00%,0,0,0.00%,富蘭克林華美投信,富蘭克林華美20年期以上BBB投資級美元公司債ETF基金
富蘭克林華美20年期以上BBB投資級美元公司債ETF基金 (本基金之配息來源可能為收益平準金),4,nan,0,0.00%,0,0,0.00%,富蘭克林華美投信,富蘭克林華美20年期以上BBB投資級美元公司債ETF基金
富蘭克林華美20年期以上BBB投資級美元公司債ETF基金 (本基金之配息來源可能為收益平準金),5,nan,0,0.00%,0,0,0.00%,富蘭克林華美投信,富蘭克林華美20年期以上BBB投資級美元公司債ETF基金
富蘭克林華美10年期以上投資級美元金融債ETF基金 (本基金之配息來源可能為收益平準金),1,JANE STREET,0,0.00%,0,0,0.00%,富蘭克林華美投信,富蘭克林華美10年期以上投資級美元金融債ETF基金
富蘭克林華美10年期以上投資級美元金融債ETF基金 (本基金之配息來源可能為收益平準金),2,國泰綜合證券,0,0.00%,0,0,0.00%,富蘭克林華美投信,富蘭克林華美10年期以上投資級美元金融債ETF基金
富蘭克林華美10年期以上投資級美元金融債ETF基金 (本基金之配息來源可能為收益平準金),3,nan,0,0.00%,0,0,0.00%,富蘭克林華美投信,富蘭克林華美10年期以上投資級美元金融債ETF基金
富蘭克林華美10年期以上投資級美元金融債ETF基金 (本基金之配息來源可能為收益平準金),4,nan,0,0.00%,0,0,0.00%,富蘭克林華美投信,富蘭克林華美10年期以上投資級美元金融債ETF基金
富蘭克林華美10年期以上投資級美元金融債ETF基金 (本基金之配息來源可能為收益平準金),5,nan,0,0.00%,0,0,0.00%,富蘭克林華美投信,富蘭克林華美10年期以上投資級美元金融債ETF基金
富蘭克林華美美國收益多重資產基金 (本基金有相當比重投資於非投資等級之高風險債券且基金之配息來源可能為本金),1,MIZUHO SECURITIES USA INC,0,0.00%,0,0,0.00%,富蘭克林華美投信,富蘭克林華美美國收益多重資產基金
富蘭克林華美美國收益多重資產基金 (本基金有相當比重投資於非投資等級之高風險債券且基金之配息來源可能為本金),2,NOMURA SECURITIES INTERNA,0,0.00%,0,0,0.00%,富蘭克林華美投信,富蘭克林華美美國收益多重資產基金
富蘭克林華美美國收益多重資產基金 (本基金有相當比重投資於非投資等級之高風險債券且基金之配息來源可能為本金),3,TD COWEN,273732,72.71%,2341034208,273732,0.01%,富蘭克林華美投信,富蘭克林華美美國收益多重資產基金
富蘭克林華美美國收益多重資產基金 (本基金有相當比重投資於非投資等級之高風險債券且基金之配息來源可能為本金),4,群益金鼎證券,0,0.00%,0,0,0.00%,富蘭克林華美投信,富蘭克林華美美國收益多重資產基金
富蘭克林華美美國收益多重資產基金 (本基金有相當比重投資於非投資等級之高風險債券且基金之配息來源可能為本金),5,BTIG LLC,70041,18.60%,735770747,70041,0.01%,富蘭克林華美投信,富蘭克林華美美國收益多重資產基金
富蘭克林華美第一富基金,1,元大證券,2020309,18.54%,2525779322,2020309,0.08%,富蘭克林華美投信,富蘭克林華美第一富基金
富蘭克林華美第一富基金,2,永豐金證券,1418110,13.02%,1772893500,1418110,0.08%,富蘭克林華美投信,富蘭克林華美第一富基金
富蘭克林華美第一富基金,3,富邦證券,1141479,10.48%,1631272950,1141479,0.07%,富蘭克林華美投信,富蘭克林華美第一富基金
富蘭克林華美第一富基金,4,凱基證券,1219526,11.19%,1524612000,1219526,0.08%,富蘭克林華美投信,富蘭克林華美第一富基金
富蘭克林華美第一富基金,5,國票綜合證券,1007179,9.24%,1439357000,1007179,0.07%,富蘭克林華美投信,富蘭克林華美第一富基金
富蘭克林華美中華基金,1,國泰海通證券,144291,13.55%,143118550,144291,0.10%,富蘭克林華美投信,富蘭克林華美中華基金
富蘭克林華美中華基金,2,永豐金證券,168513,15.82%,134526438,168513,0.13%,富蘭克林華美投信,富蘭克林華美中華基金
富蘭克林華美中華基金,3,凱基證券,159090,14.94%,104932663,159090,0.15%,富蘭克林華美投信,富蘭克林華美中華基金
富蘭克林華美中華基金,4,國信證券,102758,9.65%,98413365,102758,0.10%,富蘭克林華美投信,富蘭克林華美中華基金
富蘭克林華美中華基金,5,統一綜合證券,93262,8.76%,92377782,93262,0.10%,富蘭克林華美投信,富蘭克林華美中華基金
富蘭克林華美中國消費基金,1,永豐金證券,898414,15.96%,815569367,898414,0.11%,富蘭克林華美投信,富蘭克林華美中國消費基金
富蘭克林華美中國消費基金,2,富邦證券,726749,12.91%,694211396,726749,0.10%,富蘭克林華美投信,富蘭克林華美中國消費基金
富蘭克林華美中國消費基金,3,國泰海通證券,613228,10.89%,600708994,613228,0.10%,富蘭克林華美投信,富蘭克林華美中國消費基金
富蘭克林華美中國消費基金,4,國泰綜合證券,430450,7.64%,472914869,430450,0.09%,富蘭克林華美投信,富蘭克林華美中國消費基金
富蘭克林華美中國消費基金,5,興業證券,417071,7.41%,417054000,417071,0.10%,富蘭克林華美投信,富蘭克林華美中國消費基金
富蘭克林華美台股傘型基金之高科技基金,1,元大證券,488071,14.17%,610220230,488071,0.08%,富蘭克林華美投信,富蘭克林華美台股傘型基金之高科技基金
富蘭克林華美台股傘型基金之高科技基金,2,永豐金證券,417288,12.11%,521736350,417288,0.08%,富蘭克林華美投信,富蘭克林華美台股傘型基金之高科技基金
富蘭克林華美台股傘型基金之高科技基金,3,中信證券,344459,10.00%,492240378,344459,0.07%,富蘭克林華美投信,富蘭克林華美台股傘型基金之高科技基金
富蘭克林華美台股傘型基金之高科技基金,4,國票綜合證券,322278,9.36%,460577390,322278,0.07%,富蘭克林華美投信,富蘭克林華美台股傘型基金之高科技基金
富蘭克林華美台股傘型基金之高科技基金,5,統一綜合證券,309936,9.00%,442946450,309936,0.07%,富蘭克林華美投信,富蘭克林華美台股傘型基金之高科技基金
富蘭克林華美中國傘型基金之中國A股基金,1,國泰海通證券,1361706,19.42%,1350000140,1361706,0.10%,富蘭克林華美投信,富蘭克林華美中國傘型基金之中國A股基金
富蘭克林華美中國傘型基金之中國A股基金,2,國信證券,819987,11.69%,785327989,819987,0.10%,富蘭克林華美投信,富蘭克林華美中國傘型基金之中國A股基金
富蘭克林華美中國傘型基金之中國A股基金,3,興業證券,778610,11.10%,778061630,778610,0.10%,富蘭克林華美投信,富蘭克林華美中國傘型基金之中國A股基金
富蘭克林華美中國傘型基金之中國A股基金,4,中信證券,684781,9.77%,643761665,684781,0.11%,富蘭克林華美投信,富蘭克林華美中國傘型基金之中國A股基金
富蘭克林華美中國傘型基金之中國A股基金,5,統一綜合證券,597823,8.53%,383527038,597823,0.16%,富蘭克林華美投信,富蘭克林華美中國傘型基金之中國A股基金
富蘭克林華美全球成長基金,1,國票綜合證券,142283,13.25%,203382200,142283,0.07%,富蘭克林華美投信,富蘭克林華美全球成長基金
富蘭克林華美全球成長基金,2,國泰綜合證券,215506,20.06%,155589904,215506,0.14%,富蘭克林華美投信,富蘭克林華美全球成長基金
富蘭克林華美全球成長基金,3,統一綜合證券,132961,12.38%,125449882,132961,0.11%,富蘭克林華美投信,富蘭克林華美全球成長基金
富蘭克林華美全球成長基金,4,華南永昌綜合證券,105194,9.79%,105196478,105194,0.10%,富蘭克林華美投信,富蘭克林華美全球成長基金
富蘭克林華美全球成長基金,5,永豐金證券,146764,13.66%,97843950,146764,0.15%,富蘭克林華美投信,富蘭克林華美全球成長基金
富蘭克林華美多重資產收益基金 (本基金有相當比重投資於非投資等級之高風險債券且基金之配息來源可能為本金),1,永豐金證券,3129866,18.19%,2328895096,3129866,0.13%,富蘭克林華美投信,富蘭克林華美多重資產收益基金
富蘭克林華美多重資產收益基金 (本基金有相當比重投資於非投資等級之高風險債券且基金之配息來源可能為本金),2,國泰綜合證券,1717872,9.98%,1759491045,1717872,0.10%,富蘭克林華美投信,富蘭克林華美多重資產收益基金
富蘭克林華美多重資產收益基金 (本基金有相當比重投資於非投資等級之高風險債券且基金之配息來源可能為本金),3,統一綜合證券,1606671,9.34%,1746368971,1606671,0.09%,富蘭克林華美投信,富蘭克林華美多重資產收益基金
富蘭克林華美多重資產收益基金 (本基金有相當比重投資於非投資等級之高風險債券且基金之配息來源可能為本金),4,元大證券,1378843,8.01%,1720110833,1378843,0.08%,富蘭克林華美投信,富蘭克林華美多重資產收益基金
富蘭克林華美多重資產收益基金 (本基金有相當比重投資於非投資等級之高風險債券且基金之配息來源可能為本金),5,凱基證券,1704888,9.91%,1547650015,1704888,0.11%,富蘭克林華美投信,富蘭克林華美多重資產收益基金
富蘭克林華美亞太平衡基金 (本基金有相當比重投資於非投資等級之高風險債券且基金之配息來源可能為本金),1,國泰綜合證券,458678,13.24%,381381585,458678,0.12%,富蘭克林華美投信,富蘭克林華美亞太平衡基金
富蘭克林華美亞太平衡基金 (本基金有相當比重投資於非投資等級之高風險債券且基金之配息來源可能為本金),2,中信證券,195651,5.65%,217340310,195651,0.09%,富蘭克林華美投信,富蘭克林華美亞太平衡基金
富蘭克林華美亞太平衡基金 (本基金有相當比重投資於非投資等級之高風險債券且基金之配息來源可能為本金),3,永豐金證券,496222,14.33%,368172033,496222,0.13%,富蘭克林華美投信,富蘭克林華美亞太平衡基金
富蘭克林華美亞太平衡基金 (本基金有相當比重投資於非投資等級之高風險債券且基金之配息來源可能為本金),4,富邦證券,481502,13.90%,299924796,481502,0.16%,富蘭克林華美投信,富蘭克林華美亞太平衡基金
富蘭克林華美亞太平衡基金 (本基金有相當比重投資於非投資等級之高風險債券且基金之配息來源可能為本金),5,凱基證券,450745,13.01%,251706224,450745,0.18%,富蘭克林華美投信,富蘭克林華美亞太平衡基金
富蘭克林華美全球醫療保健基金,1,國泰綜合證券,101255,17.29%,92722054,101255,0.11%,富蘭克林華美投信,富蘭克林華美全球醫療保健基金
富蘭克林華美全球醫療保健基金,2,富邦證券,134804,23.01%,86956051,134804,0.16%,富蘭克林華美投信,富蘭克林華美全球醫療保健基金
富蘭克林華美全球醫療保健基金,3,元大證券,66782,11.40%,81706770,66782,0.08%,富蘭克林華美投信,富蘭克林華美全球醫療保健基金
富蘭克林華美全球醫療保健基金,4,統一綜合證券,81465,13.91%,81463828,81465,0.10%,富蘭克林華美投信,富蘭克林華美全球醫療保健基金
富蘭克林華美全球醫療保健基金,5,華南永昌綜合證券,49818,8.50%,49818050,49818,0.10%,富蘭克林華美投信,富蘭克林華美全球醫療保健基金
富蘭克林華美新世界股票基金,1,永豐金證券,655369,16.47%,492243210,655369,0.13%,富蘭克林華美投信,富蘭克林華美新世界股票基金
富蘭克林華美新世界股票基金,2,統一綜合證券,405763,10.20%,420886666,405763,0.10%,富蘭克林華美投信,富蘭克林華美新世界股票基金
富蘭克林華美新世界股票基金,3,國泰綜合證券,483007,12.14%,417598461,483007,0.12%,富蘭克林華美投信,富蘭克林華美新世界股票基金
富蘭克林華美新世界股票基金,4,元大證券,295464,7.43%,367177211,295464,0.08%,富蘭克林華美投信,富蘭克林華美新世界股票基金
富蘭克林華美新世界股票基金,5,中信證券,374320,9.41%,361851936,374320,0.10%,富蘭克林華美投信,富蘭克林華美新世界股票基金
富蘭克林華美特別股收益基金 (本基金之配息來源可能為本金),1,中信證券,288304,13.79%,284395630,288304,0.10%,富蘭克林華美投信,富蘭克林華美特別股收益基金
富蘭克林華美特別股收益基金 (本基金之配息來源可能為本金),2,國泰綜合證券,244046,11.67%,244044649,244046,0.10%,富蘭克林華美投信,富蘭克林華美特別股收益基金
富蘭克林華美特別股收益基金 (本基金之配息來源可能為本金),3,永豐金證券,529326,25.31%,352885039,529326,0.15%,富蘭克林華美投信,富蘭克林華美特別股收益基金
富蘭克林華美特別股收益基金 (本基金之配息來源可能為本金),4,華南永昌綜合證券,223875,10.71%,223873843,223875,0.10%,富蘭克林華美投信,富蘭克林華美特別股收益基金
富蘭克林華美特別股收益基金 (本基金之配息來源可能為本金),5,元大證券,181147,8.66%,221863804,181147,0.08%,富蘭克林華美投信,富蘭克林華美特別股收益基金
富蘭克林華美AI新科技基金,1,國泰綜合證券,1153456,14.27%,1143450432,1153456,0.10%,富蘭克林華美投信,富蘭克林華美AI新科技基金
富蘭克林華美AI新科技基金,2,統一綜合證券,1013140,12.54%,1083448501,1013140,0.09%,富蘭克林華美投信,富蘭克林華美AI新科技基金
富蘭克林華美AI新科技基金,3,永豐金證券,1409173,17.44%,1026269604,1409173,0.14%,富蘭克林華美投信,富蘭克林華美AI新科技基金
富蘭克林華美AI新科技基金,4,元大證券,795416,9.84%,986759348,795416,0.08%,富蘭克林華美投信,富蘭克林華美AI新科技基金
富蘭克林華美AI新科技基金,5,凱基證券,828453,10.25%,842348839,828453,0.10%,富蘭克林華美投信,富蘭克林華美AI新科技基金
富蘭克林華美全球潔淨能源ETF基金,1,國泰綜合證券,105262,11.77%,105261873,105262,0.10%,富蘭克林華美投信,富蘭克林華美全球潔淨能源ETF基金
富蘭克林華美全球潔淨能源ETF基金,2,永豐金證券,195335,21.84%,104507487,195335,0.19%,富蘭克林華美投信,富蘭克林華美全球潔淨能源ETF基金
富蘭克林華美全球潔淨能源ETF基金,3,富邦證券,195523,21.86%,88549587,195523,0.22%,富蘭克林華美投信,富蘭克林華美全球潔淨能源ETF基金
富蘭克林華美全球潔淨能源ETF基金,4,中信證券,140034,15.65%,81376855,140034,0.17%,富蘭克林華美投信,富蘭克林華美全球潔淨能源ETF基金
富蘭克林華美全球潔淨能源ETF基金,5,凱基證券,77592,8.67%,77175678,77592,0.10%,富蘭克林華美投信,富蘭克林華美全球潔淨能源ETF基金
富蘭克林華美生技基金,1,中信證券,107376,20.32%,102370691,107376,0.10%,富蘭克林華美投信,富蘭克林華美生技基金
富蘭克林華美生技基金,2,統一綜合證券,69157,13.08%,69157895,69157,0.10%,富蘭克林華美投信,富蘭克林華美生技基金
富蘭克林華美生技基金,3,富邦證券,75362,14.26%,62082202,75362,0.12%,富蘭克林華美投信,富蘭克林華美生技基金
富蘭克林華美生技基金,4,元大證券,44726,8.46%,52346017,44726,0.09%,富蘭克林華美投信,富蘭克林華美生技基金
富蘭克林華美生技基金,5,國泰綜合證券,49667,9.40%,49626660,49667,0.10%,富蘭克林華美投信,富蘭克林華美生技基金
富蘭克林華美臺灣Smart ETF基金,1,永豐金證券,2386466,31.82%,2984320370,2386466,0.08%,富蘭克林華美投信,富蘭克林華美臺灣Smart ETF基金
富蘭克林華美臺灣Smart ETF基金,2,富邦證券,1476765,19.69%,2110352070,1476765,0.07%,富蘭克林華美投信,富蘭克林華美臺灣Smart ETF基金
富蘭克林華美臺灣Smart ETF基金,3,凱基證券,1418656,18.92%,1774262942,1418656,0.08%,富蘭克林華美投信,富蘭克林華美臺灣Smart ETF基金
富蘭克林華美臺灣Smart ETF基金,4,中信證券,574940,7.67%,821557300,574940,0.07%,富蘭克林華美投信,富蘭克林華美臺灣Smart ETF基金
富蘭克林華美臺灣Smart ETF基金,5,兆豐證券,332129,4.43%,553846830,332129,0.06%,富蘭克林華美投信,富蘭克林華美臺灣Smart ETF基金
富蘭克林華美全球基礎建設收益基金 (本基金之配息來源可能為本金),1,永豐金證券,666219,17.57%,444145952,666219,0.15%,富蘭克林華美投信,富蘭克林華美全球基礎建設收益基金
富蘭克林華美全球基礎建設收益基金 (本基金之配息來源可能為本金),2,中信證券,1263237,33.32%,406835643,1263237,0.31%,富蘭克林華美投信,富蘭克林華美全球基礎建設收益基金
富蘭克林華美全球基礎建設收益基金 (本基金之配息來源可能為本金),3,統一綜合證券,309656,8.17%,309655922,309656,0.10%,富蘭克林華美投信,富蘭克林華美全球基礎建設收益基金
富蘭克林華美全球基礎建設收益基金 (本基金之配息來源可能為本金),4,國泰綜合證券,379843,10.02%,305140954,379843,0.12%,富蘭克林華美投信,富蘭克林華美全球基礎建設收益基金
富蘭克林華美全球基礎建設收益基金 (本基金之配息來源可能為本金),5,富邦證券,417062,11.00%,219059089,417062,0.19%,富蘭克林華美投信,富蘭克林華美全球基礎建設收益基金
台新日本半導體ETF基金 (基金之配息來源可能為收益平準金),1,台新證券,1535080,30.63%,1918846756,1535080,0.08%,台新投信,台新日本半導體ETF基金
台新日本半導體ETF基金 (基金之配息來源可能為收益平準金),2,兆豐證券,869749,17.35%,1087185558,869749,0.08%,台新投信,台新日本半導體ETF基金
台新日本半導體ETF基金 (基金之配息來源可能為收益平準金),3,統一綜合證券,516630,10.31%,645787726,516630,0.08%,台新投信,台新日本半導體ETF基金
台新日本半導體ETF基金 (基金之配息來源可能為收益平準金),4,凱基證券,446030,8.90%,557536938,446030,0.08%,台新投信,台新日本半導體ETF基金
台新日本半導體ETF基金 (基金之配息來源可能為收益平準金),5,永豐金證券,331262,6.61%,414087333,331262,0.08%,台新投信,台新日本半導體ETF基金
台新美日台半導體基金,1,台新證券,1226435,18.78%,1459755799,1226435,0.08%,台新投信,台新美日台半導體基金
台新美日台半導體基金,2,中信證券,1078697,16.51%,1078703093,1078697,0.10%,台新投信,台新美日台半導體基金
台新美日台半導體基金,3,統一綜合證券,896424,13.72%,889975922,896424,0.10%,台新投信,台新美日台半導體基金
台新美日台半導體基金,4,元大證券,955547,14.63%,786530052,955547,0.12%,台新投信,台新美日台半導體基金
台新美日台半導體基金,5,永豐金證券,751520,11.50%,751521069,751520,0.10%,台新投信,台新美日台半導體基金
台新臺灣AI優息動能ETF基金,1,台新證券,222572,21.50%,222992700,222572,0.10%,台新投信,台新臺灣AI優息動能ETF基金
台新臺灣AI優息動能ETF基金,2,兆豐證券,159350,15.39%,159999900,159350,0.10%,台新投信,台新臺灣AI優息動能ETF基金
台新臺灣AI優息動能ETF基金,3,中信證券,112741,10.89%,112998200,112741,0.10%,台新投信,台新臺灣AI優息動能ETF基金
台新臺灣AI優息動能ETF基金,4,國泰綜合證券,111222,10.74%,111492400,111222,0.10%,台新投信,台新臺灣AI優息動能ETF基金
台新臺灣AI優息動能ETF基金,5,第一金證券,111098,10.73%,111466400,111098,0.10%,台新投信,台新臺灣AI優息動能ETF基金
台新20年期以上BBB美元投資等級公司債ETF基金,1,Jane Street,0,0.00%,0,0,0.00%,台新投信,台新20年期以上BBB美元投資等級公司債ETF基金
台新20年期以上BBB美元投資等級公司債ETF基金,2,永豐金證券,0,0.00%,0,0,0.00%,台新投信,台新20年期以上BBB美元投資等級公司債ETF基金
台新20年期以上BBB美元投資等級公司債ETF基金,3,元大證券,0,0.00%,0,0,0.00%,台新投信,台新20年期以上BBB美元投資等級公司債ETF基金
台新20年期以上BBB美元投資等級公司債ETF基金,4,Susquehanna Financial Group LLLP,0,0.00%,0,0,0.00%,台新投信,台新20年期以上BBB美元投資等級公司債ETF基金
台新20年期以上BBB美元投資等級公司債ETF基金,5,凱基證券,0,0.00%,0,0,0.00%,台新投信,台新20年期以上BBB美元投資等級公司債ETF基金
台新10年期以上特選全球BBB美元投資等級公司債券ETF基金,1,Susquehanna Financial Group LLLP,0,0.00%,0,0,0.00%,台新投信,台新10年期以上特選全球BBB美元投資等級公司債券ETF基金
台新10年期以上特選全球BBB美元投資等級公司債券ETF基金,2,Jane Street,0,0.00%,0,0,0.00%,台新投信,台新10年期以上特選全球BBB美元投資等級公司債券ETF基金
台新10年期以上特選全球BBB美元投資等級公司債券ETF基金,3,nan,0,0.00%,0,0,0.00%,台新投信,台新10年期以上特選全球BBB美元投資等級公司債券ETF基金
台新10年期以上特選全球BBB美元投資等級公司債券ETF基金,4,nan,0,0.00%,0,0,0.00%,台新投信,台新10年期以上特選全球BBB美元投資等級公司債券ETF基金
台新10年期以上特選全球BBB美元投資等級公司債券ETF基金,5,nan,0,0.00%,0,0,0.00%,台新投信,台新10年期以上特選全球BBB美元投資等級公司債券ETF基金
台新美國電力基建息收ETF基金,1,台新證券,3236517,30.01%,4045648259,3236517,0.08%,台新投信,台新美國電力基建息收ETF基金
台新美國電力基建息收ETF基金,2,兆豐證券,1847950,17.14%,2309936699,1847950,0.08%,台新投信,台新美國電力基建息收ETF基金
台新美國電力基建息收ETF基金,3,凱基證券,1583726,14.69%,1979658401,1583726,0.08%,台新投信,台新美國電力基建息收ETF基金
台新美國電力基建息收ETF基金,4,富邦證券,1579730,14.65%,1974661319,1579730,0.08%,台新投信,台新美國電力基建息收ETF基金
台新美國電力基建息收ETF基金,5,永豐金證券,1336529,12.39%,1670659763,1336529,0.08%,台新投信,台新美國電力基建息收ETF基金
台新全球傘型基金之台新標普500 ETF基金 (基金之配息來源可能為收益平準金),1,台新證券,32535,48.14%,40668730,32535,0.08%,台新投信,台新全球傘型基金之台新標普500 ETF基金
台新全球傘型基金之台新標普500 ETF基金 (基金之配息來源可能為收益平準金),2,富邦證券,13189,19.52%,16486905,13189,0.08%,台新投信,台新全球傘型基金之台新標普500 ETF基金
台新全球傘型基金之台新標普500 ETF基金 (基金之配息來源可能為收益平準金),3,群益金鼎證券,12272,18.16%,15338551,12272,0.08%,台新投信,台新全球傘型基金之台新標普500 ETF基金
台新全球傘型基金之台新標普500 ETF基金 (基金之配息來源可能為收益平準金),4,兆豐證券,8161,12.08%,10200904,8161,0.08%,台新投信,台新全球傘型基金之台新標普500 ETF基金
台新全球傘型基金之台新標普500 ETF基金 (基金之配息來源可能為收益平準金),5,國泰綜合證券,754,1.12%,7950960,754,0.01%,台新投信,台新全球傘型基金之台新標普500 ETF基金
台新全球傘型基金之標普科技精選 ETF 基金 (基金之配息來源可能為收益平準金),1,台新證券,36839,31.10%,46050769,36839,0.08%,台新投信,台新全球傘型基金之標普科技精選 ETF 基金
台新全球傘型基金之標普科技精選 ETF 基金 (基金之配息來源可能為收益平準金),2,富邦證券,32607,27.53%,40758675,32607,0.08%,台新投信,台新全球傘型基金之標普科技精選 ETF 基金
台新全球傘型基金之標普科技精選 ETF 基金 (基金之配息來源可能為收益平準金),3,兆豐證券,28716,24.24%,35896521,28716,0.08%,台新投信,台新全球傘型基金之標普科技精選 ETF 基金
台新全球傘型基金之標普科技精選 ETF 基金 (基金之配息來源可能為收益平準金),4,群益金鼎證券,17327,14.63%,21659714,17327,0.08%,台新投信,台新全球傘型基金之標普科技精選 ETF 基金
台新全球傘型基金之標普科技精選 ETF 基金 (基金之配息來源可能為收益平準金),5,國泰綜合證券,2185,1.84%,17296834,2185,0.01%,台新投信,台新全球傘型基金之標普科技精選 ETF 基金
台新全球傘型基金之台新收益領航多重資產基金 (本基金有相當比重投資於非投資等級之高風險債券且配息來源可能為本金),1,Cantor,69693,3.35%,766141586,69693,0.01%,台新投信,台新全球傘型基金之台新收益領航多重資產基金
台新全球傘型基金之台新收益領航多重資產基金 (本基金有相當比重投資於非投資等級之高風險債券且配息來源可能為本金),2,國泰綜合證券,29527,1.42%,263037541,29527,0.01%,台新投信,台新全球傘型基金之台新收益領航多重資產基金
台新全球傘型基金之台新收益領航多重資產基金 (本基金有相當比重投資於非投資等級之高風險債券且配息來源可能為本金),3,台新證券,543754,26.11%,679693626,543754,0.08%,台新投信,台新全球傘型基金之台新收益領航多重資產基金
台新全球傘型基金之台新收益領航多重資產基金 (本基金有相當比重投資於非投資等級之高風險債券且配息來源可能為本金),4,元大證券,413970,19.88%,517462023,413970,0.08%,台新投信,台新全球傘型基金之台新收益領航多重資產基金
台新全球傘型基金之台新收益領航多重資產基金 (本基金有相當比重投資於非投資等級之高風險債券且配息來源可能為本金),5,富邦證券,388297,18.65%,485371561,388297,0.08%,台新投信,台新全球傘型基金之台新收益領航多重資產基金
台新全球龍頭成長主動式ETF基金,1,台新證券,159798,27.14%,195787119,159798,0.08%,台新投信,台新全球龍頭成長主動式ETF基金
台新全球龍頭成長主動式ETF基金,2,統一綜合證券,113100,19.21%,141375194,113100,0.08%,台新投信,台新全球龍頭成長主動式ETF基金
台新全球龍頭成長主動式ETF基金,3,富邦證券,96653,16.41%,106193965,96653,0.09%,台新投信,台新全球龍頭成長主動式ETF基金
台新全球龍頭成長主動式ETF基金,4,Goldman Sachs,11274,1.91%,90228645,11274,0.01%,台新投信,台新全球龍頭成長主動式ETF基金
台新全球龍頭成長主動式ETF基金,5,元大證券,71100,12.07%,88874617,71100,0.08%,台新投信,台新全球龍頭成長主動式ETF基金
台新臺灣優勢成長主動式ETF基金 (基金之配息來源可能為收益平準金),1,台新證券,2179043,23.16%,2179468300,2179043,0.10%,台新投信,台新臺灣優勢成長主動式ETF基金
台新臺灣優勢成長主動式ETF基金 (基金之配息來源可能為收益平準金),2,兆豐證券,1177148,12.51%,1177411800,1177148,0.10%,台新投信,台新臺灣優勢成長主動式ETF基金
台新臺灣優勢成長主動式ETF基金 (基金之配息來源可能為收益平準金),3,元大證券,937268,9.96%,937380800,937268,0.10%,台新投信,台新臺灣優勢成長主動式ETF基金
台新臺灣優勢成長主動式ETF基金 (基金之配息來源可能為收益平準金),4,中信證券,909558,9.67%,909656200,909558,0.10%,台新投信,台新臺灣優勢成長主動式ETF基金
台新臺灣優勢成長主動式ETF基金 (基金之配息來源可能為收益平準金),5,凱基證券,844576,8.98%,844676000,844576,0.10%,台新投信,台新臺灣優勢成長主動式ETF基金
台新美國聚焦傘型基金之台新美國優選收益非投資等級債券ETF基金 (本基金之配息來源可能為收益平準金且無保證收益及配息),1,Jane Street,0,0.00%,0,0,0.00%,台新投信,台新美國聚焦傘型基金之台新美國優選收益非投資等級債券ETF基金
台新美國聚焦傘型基金之台新美國優選收益非投資等級債券ETF基金 (本基金之配息來源可能為收益平準金且無保證收益及配息),2,永豐金證券,0,0.00%,0,0,0.00%,台新投信,台新美國聚焦傘型基金之台新美國優選收益非投資等級債券ETF基金
台新美國聚焦傘型基金之台新美國優選收益非投資等級債券ETF基金 (本基金之配息來源可能為收益平準金且無保證收益及配息),3,元大證券,0,0.00%,0,0,0.00%,台新投信,台新美國聚焦傘型基金之台新美國優選收益非投資等級債券ETF基金
台新美國聚焦傘型基金之台新美國優選收益非投資等級債券ETF基金 (本基金之配息來源可能為收益平準金且無保證收益及配息),4,nan,0,0.00%,0,0,0.00%,台新投信,台新美國聚焦傘型基金之台新美國優選收益非投資等級債券ETF基金
台新美國聚焦傘型基金之台新美國優選收益非投資等級債券ETF基金 (本基金之配息來源可能為收益平準金且無保證收益及配息),5,nan,0,0.00%,0,0,0.00%,台新投信,台新美國聚焦傘型基金之台新美國優選收益非投資等級債券ETF基金
台新美國聚焦傘型基金之台新美國標普日常消費品精選行業指數基金,1,台新證券,2810494,31.42%,3513120156,2810494,0.08%,台新投信,台新美國聚焦傘型基金之台新美國標普日常消費品精選行業指數基金
台新美國聚焦傘型基金之台新美國標普日常消費品精選行業指數基金,2,Cantor,506577,5.66%,2177614415,506577,0.02%,台新投信,台新美國聚焦傘型基金之台新美國標普日常消費品精選行業指數基金
台新美國聚焦傘型基金之台新美國標普日常消費品精選行業指數基金,3,永豐金證券,1164544,13.02%,1455678395,1164544,0.08%,台新投信,台新美國聚焦傘型基金之台新美國標普日常消費品精選行業指數基金
台新美國聚焦傘型基金之台新美國標普日常消費品精選行業指數基金,4,凱基證券,1134998,12.69%,1418745680,1134998,0.08%,台新投信,台新美國聚焦傘型基金之台新美國標普日常消費品精選行業指數基金
台新美國聚焦傘型基金之台新美國標普日常消費品精選行業指數基金,5,富邦證券,953698,10.66%,1192121241,953698,0.08%,台新投信,台新美國聚焦傘型基金之台新美國標普日常消費品精選行業指數基金
台新彭博美國成長指數基金,1,台新證券,1261445,35.50%,1576806228,1261445,0.08%,台新投信,台新彭博美國成長指數基金
台新彭博美國成長指數基金,2,Cantor,82340,2.32%,1263714860,82340,0.01%,台新投信,台新彭博美國成長指數基金
台新彭博美國成長指數基金,3,永豐金證券,739055,20.80%,923820973,739055,0.08%,台新投信,台新彭博美國成長指數基金
台新彭博美國成長指數基金,4,凱基證券,671893,18.91%,839864244,671893,0.08%,台新投信,台新彭博美國成長指數基金
台新彭博美國成長指數基金,5,富邦證券,648144,18.24%,810179991,648144,0.08%,台新投信,台新彭博美國成長指數基金
台新全球AI電力基金,1,台新證券,278124,29.05%,347654971,278124,0.08%,台新投信,台新全球AI電力基金
台新全球AI電力基金,2,永豐金證券,188068,19.64%,235085809,188068,0.08%,台新投信,台新全球AI電力基金
台新全球AI電力基金,3,富邦證券,148224,15.48%,185279571,148224,0.08%,台新投信,台新全球AI電力基金
台新全球AI電力基金,4,Goldman Sachs,15304,1.60%,163048806,15304,0.01%,台新投信,台新全球AI電力基金
台新全球AI電力基金,5,TD-COWEN,115716,12.09%,144644964,115716,0.08%,台新投信,台新全球AI電力基金
台新台灣富貴基金,1,台新證券,259949,18.96%,259954300,259949,0.10%,台新投信,台新台灣富貴基金
台新台灣富貴基金,2,富邦證券,209697,15.30%,209697500,209697,0.10%,台新投信,台新台灣富貴基金
台新台灣富貴基金,3,兆豐證券,196683,14.35%,196683500,196683,0.10%,台新投信,台新台灣富貴基金
台新台灣富貴基金,4,永豐金證券,112580,8.21%,112580000,112580,0.10%,台新投信,台新台灣富貴基金
台新台灣富貴基金,5,國票綜合證券,95963,7.00%,95963000,95963,0.10%,台新投信,台新台灣富貴基金
台新大三通基金,1,台新證券,670347,25.51%,670447750,670347,0.10%,台新投信,台新大三通基金
台新大三通基金,2,富邦證券,426573,16.23%,426664067,426573,0.10%,台新投信,台新大三通基金
台新大三通基金,3,兆豐證券,334636,12.73%,334692000,334636,0.10%,台新投信,台新大三通基金
台新大三通基金,4,華南永昌綜合證券,240633,9.16%,240659500,240633,0.10%,台新投信,台新大三通基金
台新大三通基金,5,福邦證券,155496,5.92%,155496500,155496,0.10%,台新投信,台新大三通基金
台新2000高科技基金,1,台新證券,1534985,23.38%,1534995000,1534985,0.10%,台新投信,台新2000高科技基金
台新2000高科技基金,2,富邦證券,1136922,17.32%,1136928500,1136922,0.10%,台新投信,台新2000高科技基金
台新2000高科技基金,3,兆豐證券,969224,14.76%,969229000,969224,0.10%,台新投信,台新2000高科技基金
台新2000高科技基金,4,元大證券,601440,9.16%,601443000,601440,0.10%,台新投信,台新2000高科技基金
台新2000高科技基金,5,國票綜合證券,384130,5.85%,384135250,384130,0.10%,台新投信,台新2000高科技基金
台新高股息平衡基金,1,台新證券,1147228,20.95%,1136970800,1136623,0.10%,台新投信,台新高股息平衡基金
台新高股息平衡基金,2,兆豐證券,894609,16.34%,886947650,886653,0.10%,台新投信,台新高股息平衡基金
台新高股息平衡基金,3,國票綜合證券,495834,9.06%,494499950,494344,0.10%,台新投信,台新高股息平衡基金
台新高股息平衡基金,4,元大證券,477900,8.73%,465107700,465021,0.10%,台新投信,台新高股息平衡基金
台新高股息平衡基金,5,華南永昌綜合證券,420853,7.69%,419577000,419368,0.10%,台新投信,台新高股息平衡基金
台新中國成長基金,1,台新證券,229528,15.60%,229565565,229528,0.10%,台新投信,台新中國成長基金
台新中國成長基金,2,統一綜合證券,205896,13.99%,205895826,205896,0.10%,台新投信,台新中國成長基金
台新中國成長基金,3,國泰綜合證券,201448,13.69%,201448026,201448,0.10%,台新投信,台新中國成長基金
台新中國成長基金,4,Cantor,216346,14.70%,199453196,216346,0.11%,台新投信,台新中國成長基金
台新中國成長基金,5,永豐金證券,169214,11.50%,169213703,169214,0.10%,台新投信,台新中國成長基金
台新中國精選中小基金,1,興業證券,197186,18.50%,164321695,197186,0.12%,台新投信,台新中國精選中小基金
台新中國精選中小基金,2,台新證券,170934,16.04%,162633013,170934,0.11%,台新投信,台新中國精選中小基金
台新中國精選中小基金,3,國金証券,188884,17.72%,157403024,188884,0.12%,台新投信,台新中國精選中小基金
台新中國精選中小基金,4,Cantor,118312,11.10%,104400140,118312,0.11%,台新投信,台新中國精選中小基金
台新中國精選中小基金,5,國泰綜合證券,89159,8.36%,89159179,89159,0.10%,台新投信,台新中國精選中小基金
台新新興傘型基金之台新新興市場機會股票基金,1,富邦證券,20168,26.88%,20107138,20168,0.10%,台新投信,台新新興傘型基金之台新新興市場機會股票基金
台新新興傘型基金之台新新興市場機會股票基金,2,台新證券,17466,23.28%,17465750,17466,0.10%,台新投信,台新新興傘型基金之台新新興市場機會股票基金
台新新興傘型基金之台新新興市場機會股票基金,3,Cantor,6968,9.29%,11815664,6968,0.06%,台新投信,台新新興傘型基金之台新新興市場機會股票基金
台新新興傘型基金之台新新興市場機會股票基金,4,國泰綜合證券,10609,14.14%,8851535,10609,0.12%,台新投信,台新新興傘型基金之台新新興市場機會股票基金
台新新興傘型基金之台新新興市場機會股票基金,5,國票綜合證券,7734,10.31%,7735300,7734,0.10%,台新投信,台新新興傘型基金之台新新興市場機會股票基金
台新印度基金,1,Spark Institutional Equities Private Lim,636477,24.59%,318250787,636477,0.20%,台新投信,台新印度基金
台新印度基金,2,群益金鼎證券,610610,23.59%,305313151,610610,0.20%,台新投信,台新印度基金
台新印度基金,3,Elara Securities,478133,18.47%,239066359,478133,0.20%,台新投信,台新印度基金
台新印度基金,4,Motilal Oswal,468207,18.09%,234109769,468207,0.20%,台新投信,台新印度基金
台新印度基金,5,群益金鼎證券,154030,5.95%,77014979,154030,0.20%,台新投信,台新印度基金
台新中國傘型基金之台新中証消費服務領先指數基金,1,興業證券,665849,23.34%,554870653,665849,0.12%,台新投信,台新中國傘型基金之台新中証消費服務領先指數基金
台新中國傘型基金之台新中証消費服務領先指數基金,2,申萬宏源證券,653203,22.90%,544335579,653203,0.12%,台新投信,台新中國傘型基金之台新中証消費服務領先指數基金
台新中國傘型基金之台新中証消費服務領先指數基金,3,中信證券,620597,21.75%,482426262,620597,0.13%,台新投信,台新中國傘型基金之台新中証消費服務領先指數基金
台新中國傘型基金之台新中証消費服務領先指數基金,4,國泰海通證券,282325,9.90%,352904295,282325,0.08%,台新投信,台新中國傘型基金之台新中証消費服務領先指數基金
台新中國傘型基金之台新中証消費服務領先指數基金,5,國金証券,281562,9.87%,234635133,281562,0.12%,台新投信,台新中國傘型基金之台新中証消費服務領先指數基金
台新全球生技醫療基金,1,富邦證券,369717,27.48%,399561448,369717,0.09%,台新投信,台新全球生技醫療基金
台新全球生技醫療基金,2,中信證券,298749,22.21%,373435388,298749,0.08%,台新投信,台新全球生技醫療基金
台新全球生技醫療基金,3,台新證券,263059,19.55%,328824043,263059,0.08%,台新投信,台新全球生技醫療基金
台新全球生技醫療基金,4,國泰綜合證券,157687,11.72%,308892444,157687,0.05%,台新投信,台新全球生技醫療基金
台新全球生技醫療基金,5,兆豐證券,225334,16.75%,281667215,225334,0.08%,台新投信,台新全球生技醫療基金
台新美國豐收平衡基金 (本基金有相當比重投資於非投資等級之高風險債券且基金之配息來源可能為本金),1,Goldman Sachs,3463,17.63%,63892223,3463,0.01%,台新投信,台新美國豐收平衡基金
台新美國豐收平衡基金 (本基金有相當比重投資於非投資等級之高風險債券且基金之配息來源可能為本金),2,香港摩根士丹利,0,0.00%,0,0,0.00%,台新投信,台新美國豐收平衡基金
台新美國豐收平衡基金 (本基金有相當比重投資於非投資等級之高風險債券且基金之配息來源可能為本金),3,Jane Street,0,0.00%,0,0,0.00%,台新投信,台新美國豐收平衡基金
台新美國豐收平衡基金 (本基金有相當比重投資於非投資等級之高風險債券且基金之配息來源可能為本金),4,Citigroup,0,0.00%,0,0,0.00%,台新投信,台新美國豐收平衡基金
台新美國豐收平衡基金 (本基金有相當比重投資於非投資等級之高風險債券且基金之配息來源可能為本金),5,Citadel,0,0.00%,0,0,0.00%,台新投信,台新美國豐收平衡基金
台新MSCI中國基金,1,統一綜合證券,14093,22.36%,17616649,14093,0.08%,台新投信,台新MSCI中國基金
台新MSCI中國基金,2,富邦證券,13726,21.78%,17156822,13726,0.08%,台新投信,台新MSCI中國基金
台新MSCI中國基金,3,元大證券,12577,19.96%,15721377,12577,0.08%,台新投信,台新MSCI中國基金
台新MSCI中國基金,4,Cantor,10273,16.30%,12841113,10273,0.08%,台新投信,台新MSCI中國基金
台新MSCI中國基金,5,永豐金證券,9091,14.42%,11363909,9091,0.08%,台新投信,台新MSCI中國基金
台新智慧生活基金,1,台新證券,1792150,21.61%,1792150526,1792150,0.10%,台新投信,台新智慧生活基金
台新智慧生活基金,2,富邦證券,1376886,16.60%,1316788219,1376886,0.10%,台新投信,台新智慧生活基金
台新智慧生活基金,3,永豐金證券,943359,11.37%,943365656,943359,0.10%,台新投信,台新智慧生活基金
台新智慧生活基金,4,凱基證券,839170,10.12%,839170810,839170,0.10%,台新投信,台新智慧生活基金
台新智慧生活基金,5,中信證券,817913,9.86%,817919120,817913,0.10%,台新投信,台新智慧生活基金
台新主流基金,1,台新證券,1402928,20.40%,1402946100,1402928,0.10%,台新投信,台新主流基金
台新主流基金,2,富邦證券,1188136,17.28%,1188159500,1188136,0.10%,台新投信,台新主流基金
台新主流基金,3,兆豐證券,779777,11.34%,779808428,779777,0.10%,台新投信,台新主流基金
台新主流基金,4,元大證券,509286,7.41%,509292500,509286,0.10%,台新投信,台新主流基金
台新主流基金,5,群益金鼎證券,438716,6.38%,438717500,438716,0.10%,台新投信,台新主流基金
台新摩根大通新興市場投資等級美元債券ETF基金,1,Jane Street,0,0.00%,0,0,0.00%,台新投信,台新摩根大通新興市場投資等級美元債券ETF基金
台新摩根大通新興市場投資等級美元債券ETF基金,2,nan,0,0.00%,0,0,0.00%,台新投信,台新摩根大通新興市場投資等級美元債券ETF基金
台新摩根大通新興市場投資等級美元債券ETF基金,3,nan,0,0.00%,0,0,0.00%,台新投信,台新摩根大通新興市場投資等級美元債券ETF基金
台新摩根大通新興市場投資等級美元債券ETF基金,4,nan,0,0.00%,0,0,0.00%,台新投信,台新摩根大通新興市場投資等級美元債券ETF基金
台新摩根大通新興市場投資等級美元債券ETF基金,5,nan,0,0.00%,0,0,0.00%,台新投信,台新摩根大通新興市場投資等級美元債券ETF基金
台新全球AI新創產業基金,1,台新證券,1029492,33.09%,1254754815,1029492,0.08%,台新投信,台新全球AI新創產業基金
台新全球AI新創產業基金,2,凱基證券,372751,11.98%,465938102,372751,0.08%,台新投信,台新全球AI新創產業基金
台新全球AI新創產業基金,3,富邦證券,345143,11.09%,383040565,345143,0.09%,台新投信,台新全球AI新創產業基金
台新全球AI新創產業基金,4,群益金鼎證券,309878,9.96%,370083115,309878,0.08%,台新投信,台新全球AI新創產業基金
台新全球AI新創產業基金,5,兆豐證券,338328,10.88%,356370836,338328,0.09%,台新投信,台新全球AI新創產業基金
台新店頭基金,1,台新證券,106251,18.84%,106266600,106251,0.10%,台新投信,台新店頭基金
台新店頭基金,2,富邦證券,83176,14.74%,83178800,83176,0.10%,台新投信,台新店頭基金
台新店頭基金,3,兆豐證券,73936,13.11%,73942500,73936,0.10%,台新投信,台新店頭基金
台新店頭基金,4,犇亞證券,49811,8.83%,49814000,49811,0.10%,台新投信,台新店頭基金
台新店頭基金,5,統一綜合證券,40726,7.22%,40728000,40726,0.10%,台新投信,台新店頭基金
台新全方位收益ETF傘型基金之台新富時15年以上特選產業美元投資等級債券ETF基金,1,Jane Street,0,0.00%,0,0,0.00%,台新投信,台新全方位收益ETF傘型基金之台新富時15年以上特選產業美元投資等級債券ETF基金
台新全方位收益ETF傘型基金之台新富時15年以上特選產業美元投資等級債券ETF基金,2,Susquehanna Financial Group LLLP,0,0.00%,0,0,0.00%,台新投信,台新全方位收益ETF傘型基金之台新富時15年以上特選產業美元投資等級債券ETF基金
台新全方位收益ETF傘型基金之台新富時15年以上特選產業美元投資等級債券ETF基金,3,nan,0,0.00%,0,0,0.00%,台新投信,台新全方位收益ETF傘型基金之台新富時15年以上特選產業美元投資等級債券ETF基金
台新全方位收益ETF傘型基金之台新富時15年以上特選產業美元投資等級債券ETF基金,4,nan,0,0.00%,0,0,0.00%,台新投信,台新全方位收益ETF傘型基金之台新富時15年以上特選產業美元投資等級債券ETF基金
台新全方位收益ETF傘型基金之台新富時15年以上特選產業美元投資等級債券ETF基金,5,nan,0,0.00%,0,0,0.00%,台新投信,台新全方位收益ETF傘型基金之台新富時15年以上特選產業美元投資等級債券ETF基金
台新息收傘型基金之台新美元銀行債券15年期以上ETF基金,1,Jane Street,0,0.00%,0,0,0.00%,台新投信,台新息收傘型基金之台新美元銀行債券15年期以上ETF基金
台新息收傘型基金之台新美元銀行債券15年期以上ETF基金,2,Susquehanna Financial Group LLLP,0,0.00%,0,0,0.00%,台新投信,台新息收傘型基金之台新美元銀行債券15年期以上ETF基金
台新息收傘型基金之台新美元銀行債券15年期以上ETF基金,3,永豐金證券,0,0.00%,0,0,0.00%,台新投信,台新息收傘型基金之台新美元銀行債券15年期以上ETF基金
台新息收傘型基金之台新美元銀行債券15年期以上ETF基金,4,nan,0,0.00%,0,0,0.00%,台新投信,台新息收傘型基金之台新美元銀行債券15年期以上ETF基金
台新息收傘型基金之台新美元銀行債券15年期以上ETF基金,5,nan,0,0.00%,0,0,0.00%,台新投信,台新息收傘型基金之台新美元銀行債券15年期以上ETF基金
台新首選收益傘型基金之台新15年期(以上)美元金融債券ETF基金,1,Jane Street,0,0.00%,0,0,0.00%,台新投信,台新首選收益傘型基金之台新15年期(以上)美元金融債券ETF基金
台新首選收益傘型基金之台新15年期(以上)美元金融債券ETF基金,2,富邦證券,0,0.00%,0,0,0.00%,台新投信,台新首選收益傘型基金之台新15年期(以上)美元金融債券ETF基金
台新首選收益傘型基金之台新15年期(以上)美元金融債券ETF基金,3,Susquehanna Financial Group LLLP,0,0.00%,0,0,0.00%,台新投信,台新首選收益傘型基金之台新15年期(以上)美元金融債券ETF基金
台新首選收益傘型基金之台新15年期(以上)美元金融債券ETF基金,4,nan,0,0.00%,0,0,0.00%,台新投信,台新首選收益傘型基金之台新15年期(以上)美元金融債券ETF基金
台新首選收益傘型基金之台新15年期(以上)美元金融債券ETF基金,5,nan,0,0.00%,0,0,0.00%,台新投信,台新首選收益傘型基金之台新15年期(以上)美元金融債券ETF基金
台新全球特別股收益基金 (本基金之配息來源可能為本金),1,台新證券,7942,28.19%,9927326,7942,0.08%,台新投信,台新全球特別股收益基金
台新全球特別股收益基金 (本基金之配息來源可能為本金),2,富邦證券,6073,21.56%,7590600,6073,0.08%,台新投信,台新全球特別股收益基金
台新全球特別股收益基金 (本基金之配息來源可能為本金),3,華南永昌綜合證券,5978,21.22%,7472842,5978,0.08%,台新投信,台新全球特別股收益基金
台新全球特別股收益基金 (本基金之配息來源可能為本金),4,永豐金證券,5230,18.56%,6536883,5230,0.08%,台新投信,台新全球特別股收益基金
台新全球特別股收益基金 (本基金之配息來源可能為本金),5,Cantor,206,0.73%,3636556,206,0.01%,台新投信,台新全球特別股收益基金
台新SG全球AI機器人精選ETF基金,1,凱基證券,112996,26.26%,141246025,112996,0.08%,台新投信,台新SG全球AI機器人精選ETF基金
台新SG全球AI機器人精選ETF基金,2,台新證券,112216,26.08%,140270407,112216,0.08%,台新投信,台新SG全球AI機器人精選ETF基金
台新SG全球AI機器人精選ETF基金,3,富邦證券,109479,25.45%,136848227,109479,0.08%,台新投信,台新SG全球AI機器人精選ETF基金
台新SG全球AI機器人精選ETF基金,4,永豐金證券,67974,15.80%,84967318,67974,0.08%,台新投信,台新SG全球AI機器人精選ETF基金
台新SG全球AI機器人精選ETF基金,5,道富,16161,3.76%,74119101,16161,0.02%,台新投信,台新SG全球AI機器人精選ETF基金
台新優質收益ETF傘型基金之台新15年期(以上)A-BBB美元電信債券ETF基金,1,Jane Street,0,0.00%,0,0,0.00%,台新投信,台新優質收益ETF傘型基金之台新15年期(以上)A-BBB美元電信債券ETF基金
台新優質收益ETF傘型基金之台新15年期(以上)A-BBB美元電信債券ETF基金,2,Susquehanna Financial Group LLLP,0,0.00%,0,0,0.00%,台新投信,台新優質收益ETF傘型基金之台新15年期(以上)A-BBB美元電信債券ETF基金
台新優質收益ETF傘型基金之台新15年期(以上)A-BBB美元電信債券ETF基金,3,Citigroup Inc,0,0.00%,0,0,0.00%,台新投信,台新優質收益ETF傘型基金之台新15年期(以上)A-BBB美元電信債券ETF基金
台新優質收益ETF傘型基金之台新15年期(以上)A-BBB美元電信債券ETF基金,4,nan,0,0.00%,0,0,0.00%,台新投信,台新優質收益ETF傘型基金之台新15年期(以上)A-BBB美元電信債券ETF基金
台新優質收益ETF傘型基金之台新15年期(以上)A-BBB美元電信債券ETF基金,5,nan,0,0.00%,0,0,0.00%,台新投信,台新優質收益ETF傘型基金之台新15年期(以上)A-BBB美元電信債券ETF基金
台新中國通基金,1,台新證券,1522279,23.13%,1522294003,1522279,0.10%,台新投信,台新中國通基金
台新中國通基金,2,富邦證券,1274182,19.36%,1274256500,1274182,0.10%,台新投信,台新中國通基金
台新中國通基金,3,兆豐證券,975612,14.83%,975672000,975612,0.10%,台新投信,台新中國通基金
台新中國通基金,4,犇亞證券,475485,7.23%,475487500,475485,0.10%,台新投信,台新中國通基金
台新中國通基金,5,元大證券,409262,6.22%,409265500,409262,0.10%,台新投信,台新中國通基金
台新創新科技基金,1,台新證券,460522,17.46%,460528000,460522,0.10%,台新投信,台新創新科技基金
台新創新科技基金,2,富邦證券,427412,16.21%,427421000,427412,0.10%,台新投信,台新創新科技基金
台新創新科技基金,3,元大證券,406580,15.42%,406583000,406580,0.10%,台新投信,台新創新科技基金
台新創新科技基金,4,兆豐證券,384118,14.57%,384131000,384118,0.10%,台新投信,台新創新科技基金
台新創新科技基金,5,華南永昌綜合證券,154802,5.87%,154802000,154802,0.10%,台新投信,台新創新科技基金
台新台灣中小基金,1,台新證券,471248,23.85%,471255200,471248,0.10%,台新投信,台新台灣中小基金
台新台灣中小基金,2,富邦證券,227517,11.51%,227521400,227517,0.10%,台新投信,台新台灣中小基金
台新台灣中小基金,3,永豐金證券,152533,7.72%,152533400,152533,0.10%,台新投信,台新台灣中小基金
台新台灣中小基金,4,國票綜合證券,151333,7.66%,151333000,151333,0.10%,台新投信,台新台灣中小基金
台新台灣中小基金,5,玉山綜合證券,149736,7.58%,149737000,149736,0.10%,台新投信,台新台灣中小基金
台新恒生科技指數基金,1,台新證券,46472,22.39%,46471673,46472,0.10%,台新投信,台新恒生科技指數基金
台新恒生科技指數基金,2,興業證券,45923,22.12%,38269023,45923,0.12%,台新投信,台新恒生科技指數基金
台新恒生科技指數基金,3,兆豐證券,35730,17.21%,35730280,35730,0.10%,台新投信,台新恒生科技指數基金
台新恒生科技指數基金,4,永豐金證券,29575,14.25%,29574982,29575,0.10%,台新投信,台新恒生科技指數基金
台新恒生科技指數基金,5,富邦證券,27571,13.28%,27571334,27571,0.10%,台新投信,台新恒生科技指數基金
台新ESG環保愛地球成長基金,1,台新證券,142096,23.83%,151465672,142096,0.09%,台新投信,台新ESG環保愛地球成長基金
台新ESG環保愛地球成長基金,2,永豐金證券,140390,23.54%,140389922,140390,0.10%,台新投信,台新ESG環保愛地球成長基金
台新ESG環保愛地球成長基金,3,統一綜合證券,96383,16.16%,96383512,96383,0.10%,台新投信,台新ESG環保愛地球成長基金
台新ESG環保愛地球成長基金,4,凱基證券,96141,16.12%,96140833,96141,0.10%,台新投信,台新ESG環保愛地球成長基金
台新ESG環保愛地球成長基金,5,Goldman Sachs,7889,1.32%,86557256,7889,0.01%,台新投信,台新ESG環保愛地球成長基金
台新中國政策趨勢基金,1,台新證券,125688,20.43%,125688305,125688,0.10%,台新投信,台新中國政策趨勢基金
台新中國政策趨勢基金,2,興業證券,135208,21.98%,112673675,135208,0.12%,台新投信,台新中國政策趨勢基金
台新中國政策趨勢基金,3,國金証券,128722,20.93%,107268353,128722,0.12%,台新投信,台新中國政策趨勢基金
台新中國政策趨勢基金,4,國泰綜合證券,44324,7.21%,55179118,44324,0.08%,台新投信,台新中國政策趨勢基金
台新中國政策趨勢基金,5,國泰海通證券,51339,8.35%,51338973,51339,0.10%,台新投信,台新中國政策趨勢基金
台新臺灣全市場半導體精選30ETF基金,1,台新證券,1781074,26.98%,1781113500,1781074,0.10%,台新投信,台新臺灣全市場半導體精選30ETF基金
台新臺灣全市場半導體精選30ETF基金,2,兆豐證券,1449605,21.96%,1449697300,1449605,0.10%,台新投信,台新臺灣全市場半導體精選30ETF基金
台新臺灣全市場半導體精選30ETF基金,3,中信證券,1391135,21.08%,1391270500,1391135,0.10%,台新投信,台新臺灣全市場半導體精選30ETF基金
台新臺灣全市場半導體精選30ETF基金,4,永豐金證券,1259146,19.08%,1259411500,1259146,0.10%,台新投信,台新臺灣全市場半導體精選30ETF基金
台新臺灣全市場半導體精選30ETF基金,5,華南永昌綜合證券,597582,9.05%,597608600,597582,0.10%,台新投信,台新臺灣全市場半導體精選30ETF基金
台新臺灣高股息基金 (本基金並無保證收益及配息),1,台新證券,211942,27.22%,211949080,211942,0.10%,台新投信,台新臺灣高股息基金
台新臺灣高股息基金 (本基金並無保證收益及配息),2,兆豐證券,149908,19.25%,149915100,149908,0.10%,台新投信,台新臺灣高股息基金
台新臺灣高股息基金 (本基金並無保證收益及配息),3,國票綜合證券,149133,19.15%,149140500,149133,0.10%,台新投信,台新臺灣高股息基金
台新臺灣高股息基金 (本基金並無保證收益及配息),4,凱基證券,101969,13.10%,101976900,101969,0.10%,台新投信,台新臺灣高股息基金
台新臺灣高股息基金 (本基金並無保證收益及配息),5,華南永昌綜合證券,99009,12.72%,99014800,99009,0.10%,台新投信,台新臺灣高股息基金
台新全球多重資產基金 (本基金有相當比重投資於非投資等級之高風險債券且基金之配息來源可能為本金),1,香港摩根士丹利,2272,2.61%,25028135,2272,0.01%,台新投信,台新全球多重資產基金
台新全球多重資產基金 (本基金有相當比重投資於非投資等級之高風險債券且基金之配息來源可能為本金),2,永豐金證券,33810,38.87%,33810374,33810,0.10%,台新投信,台新全球多重資產基金
台新全球多重資產基金 (本基金有相當比重投資於非投資等級之高風險債券且基金之配息來源可能為本金),3,Cantor,3600,4.14%,28343919,3600,0.01%,台新投信,台新全球多重資產基金
台新全球多重資產基金 (本基金有相當比重投資於非投資等級之高風險債券且基金之配息來源可能為本金),4,台新證券,20077,23.08%,25095795,20077,0.08%,台新投信,台新全球多重資產基金
台新全球多重資產基金 (本基金有相當比重投資於非投資等級之高風險債券且基金之配息來源可能為本金),5,NOMURA,0,0.00%,0,0,0.00%,台新投信,台新全球多重資產基金
台新臺灣永續高息中小型ETF基金 (基金之配息來源可能為收益平準金),1,台新證券,5273874,26.84%,5277966200,5273874,0.10%,台新投信,台新臺灣永續高息中小型ETF基金
台新臺灣永續高息中小型ETF基金 (基金之配息來源可能為收益平準金),2,兆豐證券,2356754,11.99%,2359230750,2356754,0.10%,台新投信,台新臺灣永續高息中小型ETF基金
台新臺灣永續高息中小型ETF基金 (基金之配息來源可能為收益平準金),3,第一金證券,1852311,9.43%,1854417900,1852311,0.10%,台新投信,台新臺灣永續高息中小型ETF基金
台新臺灣永續高息中小型ETF基金 (基金之配息來源可能為收益平準金),4,凱基證券,1480019,7.53%,1482154100,1480019,0.10%,台新投信,台新臺灣永續高息中小型ETF基金
台新臺灣永續高息中小型ETF基金 (基金之配息來源可能為收益平準金),5,富邦證券,1459259,7.43%,1460848700,1459259,0.10%,台新投信,台新臺灣永續高息中小型ETF基金
台新美國20年期以上A級公司債券ETF基金 (基金之配息來源可能為收益平準金),1,元大證券,0,0.00%,0,0,0.00%,台新投信,台新美國20年期以上A級公司債券ETF基金
台新美國20年期以上A級公司債券ETF基金 (基金之配息來源可能為收益平準金),2,Jane Street,0,0.00%,0,0,0.00%,台新投信,台新美國20年期以上A級公司債券ETF基金
台新美國20年期以上A級公司債券ETF基金 (基金之配息來源可能為收益平準金),3,國泰綜合證券,0,0.00%,0,0,0.00%,台新投信,台新美國20年期以上A級公司債券ETF基金
台新美國20年期以上A級公司債券ETF基金 (基金之配息來源可能為收益平準金),4,Susquehanna Financial Group LLLP,0,0.00%,0,0,0.00%,台新投信,台新美國20年期以上A級公司債券ETF基金
台新美國20年期以上A級公司債券ETF基金 (基金之配息來源可能為收益平準金),5,BARCLAYS,0,0.00%,0,0,0.00%,台新投信,台新美國20年期以上A級公司債券ETF基金
台新臺灣IC設計動能ETF基金 (基金之配息來源可能為收益平準金),1,台新證券,3999668,25.30%,4000290300,3999668,0.10%,台新投信,台新臺灣IC設計動能ETF基金
台新臺灣IC設計動能ETF基金 (基金之配息來源可能為收益平準金),2,兆豐證券,2244948,14.20%,2245479750,2244948,0.10%,台新投信,台新臺灣IC設計動能ETF基金
台新臺灣IC設計動能ETF基金 (基金之配息來源可能為收益平準金),3,凱基證券,1496312,9.47%,1496695900,1496312,0.10%,台新投信,台新臺灣IC設計動能ETF基金
台新臺灣IC設計動能ETF基金 (基金之配息來源可能為收益平準金),4,群益金鼎證券,1383535,8.75%,1383982600,1383535,0.10%,台新投信,台新臺灣IC設計動能ETF基金
台新臺灣IC設計動能ETF基金 (基金之配息來源可能為收益平準金),5,新光證券,1339160,8.47%,1339291550,1339160,0.10%,台新投信,台新臺灣IC設計動能ETF基金
合庫入息優化多重資產基金 (本基金有相當比重投資於非投資等級之高風險債券且配息來源可能為本金),1,合作金庫證券,115909,18.13%,158429984,115909,0.07%,合庫投信,合庫入息優化多重資產基金
合庫入息優化多重資產基金 (本基金有相當比重投資於非投資等級之高風險債券且配息來源可能為本金),2,國泰綜合證券,98770,15.45%,146082935,98770,0.07%,合庫投信,合庫入息優化多重資產基金
合庫入息優化多重資產基金 (本基金有相當比重投資於非投資等級之高風險債券且配息來源可能為本金),3,中信證券,122430,19.15%,133333724,122430,0.09%,合庫投信,合庫入息優化多重資產基金
合庫入息優化多重資產基金 (本基金有相當比重投資於非投資等級之高風險債券且配息來源可能為本金),4,永豐金證券,173656,27.17%,128996345,173656,0.13%,合庫投信,合庫入息優化多重資產基金
合庫入息優化多重資產基金 (本基金有相當比重投資於非投資等級之高風險債券且配息來源可能為本金),5,富邦證券,128453,20.10%,111384532,128453,0.12%,合庫投信,合庫入息優化多重資產基金
合庫AI多重資產基金 (本基金有相當比重投資於非投資等級之高風險債券且配息來源可能為本金),1,合作金庫證券,105797,27.11%,151352791,105797,0.07%,合庫投信,合庫AI多重資產基金
合庫AI多重資產基金 (本基金有相當比重投資於非投資等級之高風險債券且配息來源可能為本金),2,永豐金證券,83014,21.28%,112200676,83014,0.07%,合庫投信,合庫AI多重資產基金
合庫AI多重資產基金 (本基金有相當比重投資於非投資等級之高風險債券且配息來源可能為本金),3,中信證券,48836,12.52%,96357499,48836,0.05%,合庫投信,合庫AI多重資產基金
合庫AI多重資產基金 (本基金有相當比重投資於非投資等級之高風險債券且配息來源可能為本金),4,第一金證券,44635,11.44%,88022010,44635,0.05%,合庫投信,合庫AI多重資產基金
合庫AI多重資產基金 (本基金有相當比重投資於非投資等級之高風險債券且配息來源可能為本金),5,國泰綜合證券,33619,8.62%,66907211,33619,0.05%,合庫投信,合庫AI多重資產基金
合庫核心趨勢多重資產基金 (本基金有相當比重投資於非投資等級之高風險債券且配息來源可能為本金),1,合作金庫證券,188900,21.01%,249407093,188900,0.08%,合庫投信,合庫核心趨勢多重資產基金
合庫核心趨勢多重資產基金 (本基金有相當比重投資於非投資等級之高風險債券且配息來源可能為本金),2,中信證券,182414,20.29%,227704493,182414,0.08%,合庫投信,合庫核心趨勢多重資產基金
合庫核心趨勢多重資產基金 (本基金有相當比重投資於非投資等級之高風險債券且配息來源可能為本金),3,永豐金證券,191155,21.26%,215901987,191155,0.09%,合庫投信,合庫核心趨勢多重資產基金
合庫核心趨勢多重資產基金 (本基金有相當比重投資於非投資等級之高風險債券且配息來源可能為本金),4,國泰綜合證券,168603,18.75%,203187927,168603,0.08%,合庫投信,合庫核心趨勢多重資產基金
合庫核心趨勢多重資產基金 (本基金有相當比重投資於非投資等級之高風險債券且配息來源可能為本金),5,元大證券,147020,16.35%,119542549,147020,0.12%,合庫投信,合庫核心趨勢多重資產基金
合庫AI電力創新多重資產基金 (本基金有相當比重投資於非投資等級之高風險債券且配息來源可能為本金。),1,中信證券,1812803,20.13%,2573144127,1812803,0.07%,合庫投信,合庫AI電力創新多重資產基金
合庫AI電力創新多重資產基金 (本基金有相當比重投資於非投資等級之高風險債券且配息來源可能為本金。),2,合作金庫證券,1646631,18.28%,2331794285,1646631,0.07%,合庫投信,合庫AI電力創新多重資產基金
合庫AI電力創新多重資產基金 (本基金有相當比重投資於非投資等級之高風險債券且配息來源可能為本金。),3,國泰綜合證券,2465880,27.38%,2112121244,2465880,0.12%,合庫投信,合庫AI電力創新多重資產基金
合庫AI電力創新多重資產基金 (本基金有相當比重投資於非投資等級之高風險債券且配息來源可能為本金。),4,永豐金證券,1481830,16.45%,1343361674,1481830,0.11%,合庫投信,合庫AI電力創新多重資產基金
合庫AI電力創新多重資產基金 (本基金有相當比重投資於非投資等級之高風險債券且配息來源可能為本金。),5,元大證券,763263,8.48%,951976364,763263,0.08%,合庫投信,合庫AI電力創新多重資產基金
合庫台灣基金 (本基金之配息來源可能為本金),1,合作金庫證券,556445,22.44%,795858320,556445,0.07%,合庫投信,合庫台灣基金
合庫台灣基金 (本基金之配息來源可能為本金),2,永豐金證券,440859,17.78%,551307715,440859,0.08%,合庫投信,合庫台灣基金
合庫台灣基金 (本基金之配息來源可能為本金),3,元大證券,391578,15.79%,489654800,391578,0.08%,合庫投信,合庫台灣基金
合庫台灣基金 (本基金之配息來源可能為本金),4,凱基證券,285916,11.53%,357553010,285916,0.08%,合庫投信,合庫台灣基金
合庫台灣基金 (本基金之配息來源可能為本金),5,華南永昌綜合證券,243880,9.84%,304979500,243880,0.08%,合庫投信,合庫台灣基金
合庫標普利變特別股收益指數基金 (本基金之配息可能涉及本金),1,國泰綜合證券,12645,18.87%,24439581,12645,0.05%,合庫投信,合庫標普利變特別股收益指數基金
合庫標普利變特別股收益指數基金 (本基金之配息可能涉及本金),2,合作金庫證券,16416,24.50%,22944422,16416,0.07%,合庫投信,合庫標普利變特別股收益指數基金
合庫標普利變特別股收益指數基金 (本基金之配息可能涉及本金),3,凱基證券,23156,34.56%,22871039,23156,0.10%,合庫投信,合庫標普利變特別股收益指數基金
合庫標普利變特別股收益指數基金 (本基金之配息可能涉及本金),4,華南永昌綜合證券,10704,15.98%,21033144,10704,0.05%,合庫投信,合庫標普利變特別股收益指數基金
合庫標普利變特別股收益指數基金 (本基金之配息可能涉及本金),5,香港上海滙豐證券,4080,6.09%,12914524,4080,0.03%,合庫投信,合庫標普利變特別股收益指數基金
合庫AI電動車及車聯網創新基金,1,合作金庫證券,178861,22.59%,253535340,178861,0.07%,合庫投信,合庫AI電動車及車聯網創新基金
合庫AI電動車及車聯網創新基金,2,永豐金證券,175562,22.18%,206313430,175562,0.09%,合庫投信,合庫AI電動車及車聯網創新基金
合庫AI電動車及車聯網創新基金,3,華南永昌綜合證券,135239,17.08%,204082742,135239,0.07%,合庫投信,合庫AI電動車及車聯網創新基金
合庫AI電動車及車聯網創新基金,4,國泰綜合證券,140649,17.77%,201727373,140649,0.07%,合庫投信,合庫AI電動車及車聯網創新基金
合庫AI電動車及車聯網創新基金,5,富邦證券,160958,20.33%,186201709,160958,0.09%,合庫投信,合庫AI電動車及車聯網創新基金
合庫台灣高科技基金,1,合作金庫證券,398713,22.61%,570162980,398713,0.07%,合庫投信,合庫台灣高科技基金
合庫台灣高科技基金,2,國票綜合證券,342045,19.40%,452360850,342045,0.08%,合庫投信,合庫台灣高科技基金
合庫台灣高科技基金,3,第一金證券,299926,17.01%,375080500,299926,0.08%,合庫投信,合庫台灣高科技基金
合庫台灣高科技基金,4,中信證券,215609,12.23%,345200500,215609,0.06%,合庫投信,合庫台灣高科技基金
合庫台灣高科技基金,5,兆豐證券,265752,15.07%,332381750,265752,0.08%,合庫投信,合庫台灣高科技基金
合庫全球醫療照護產業多重資產收益基金 (本基金之配息來源可能為本金),1,合作金庫證券,117283,25.12%,167307813,117283,0.07%,合庫投信,合庫全球醫療照護產業多重資產收益基金
合庫全球醫療照護產業多重資產收益基金 (本基金之配息來源可能為本金),2,國泰綜合證券,83199,17.82%,163587033,83199,0.05%,合庫投信,合庫全球醫療照護產業多重資產收益基金
合庫全球醫療照護產業多重資產收益基金 (本基金之配息來源可能為本金),3,永豐金證券,95192,20.39%,156075101,95192,0.06%,合庫投信,合庫全球醫療照護產業多重資產收益基金
合庫全球醫療照護產業多重資產收益基金 (本基金之配息來源可能為本金),4,富邦證券,99292,21.27%,141515616,99292,0.07%,合庫投信,合庫全球醫療照護產業多重資產收益基金
合庫全球醫療照護產業多重資產收益基金 (本基金之配息來源可能為本金),5,華南永昌綜合證券,71946,15.41%,141295316,71946,0.05%,合庫投信,合庫全球醫療照護產業多重資產收益基金
合庫2032目標日期多重資產收益基金 (本基金之配息來源可能為本金),1,合作金庫證券,123795,21.00%,177069105,123795,0.07%,合庫投信,合庫2032目標日期多重資產收益基金
合庫2032目標日期多重資產收益基金 (本基金之配息來源可能為本金),2,中信證券,80554,13.66%,157289652,80554,0.05%,合庫投信,合庫2032目標日期多重資產收益基金
合庫2032目標日期多重資產收益基金 (本基金之配息來源可能為本金),3,永豐金證券,120534,20.44%,145820815,120534,0.08%,合庫投信,合庫2032目標日期多重資產收益基金
合庫2032目標日期多重資產收益基金 (本基金之配息來源可能為本金),4,國泰綜合證券,74247,12.59%,145002113,74247,0.05%,合庫投信,合庫2032目標日期多重資產收益基金
合庫2032目標日期多重資產收益基金 (本基金之配息來源可能為本金),5,富邦證券,89238,15.14%,124880032,89238,0.07%,合庫投信,合庫2032目標日期多重資產收益基金
合庫全球核心基礎建設收益基金 (本基金之配息來源可能為本金),1,台新證券,39455,17.22%,43988483,39455,0.09%,合庫投信,合庫全球核心基礎建設收益基金
合庫全球核心基礎建設收益基金 (本基金之配息來源可能為本金),2,永豐金證券,49590,21.64%,43503755,49590,0.11%,合庫投信,合庫全球核心基礎建設收益基金
合庫全球核心基礎建設收益基金 (本基金之配息來源可能為本金),3,合作金庫證券,30692,13.39%,43115536,30692,0.07%,合庫投信,合庫全球核心基礎建設收益基金
合庫全球核心基礎建設收益基金 (本基金之配息來源可能為本金),4,國泰綜合證券,58606,25.58%,42441463,58606,0.14%,合庫投信,合庫全球核心基礎建設收益基金
合庫全球核心基礎建設收益基金 (本基金之配息來源可能為本金),5,富邦證券,50808,22.17%,38870379,50808,0.13%,合庫投信,合庫全球核心基礎建設收益基金
大華銀15年期以上BBB投資等級美國公司債券ETF基金 (本基金之配息來源可能為收益平準金),1,JANE STREET FIN LTD,0,0.00%,0,0,0.00%,大華銀投信,大華銀15年期以上BBB投資等級美國公司債券ETF基金
大華銀15年期以上BBB投資等級美國公司債券ETF基金 (本基金之配息來源可能為收益平準金),2,永豐金證券,0,0.00%,0,0,0.00%,大華銀投信,大華銀15年期以上BBB投資等級美國公司債券ETF基金
大華銀15年期以上BBB投資等級美國公司債券ETF基金 (本基金之配息來源可能為收益平準金),3,凱基證券,0,0.00%,0,0,0.00%,大華銀投信,大華銀15年期以上BBB投資等級美國公司債券ETF基金
大華銀15年期以上BBB投資等級美國公司債券ETF基金 (本基金之配息來源可能為收益平準金),4,元大證券,0,0.00%,0,0,0.00%,大華銀投信,大華銀15年期以上BBB投資等級美國公司債券ETF基金
大華銀15年期以上BBB投資等級美國公司債券ETF基金 (本基金之配息來源可能為收益平準金),5,nan,0,0.00%,0,0,0.00%,大華銀投信,大華銀15年期以上BBB投資等級美國公司債券ETF基金
大華銀優化收益15年期以上A級美國公司債券ETF基金 (本基金並無保證收益及配息且配息來源可能為收益平準金),1,JANE STREET FIN LTD,0,0.00%,0,0,0.00%,大華銀投信,大華銀優化收益15年期以上A級美國公司債券ETF基金
大華銀優化收益15年期以上A級美國公司債券ETF基金 (本基金並無保證收益及配息且配息來源可能為收益平準金),2,元大證券,0,0.00%,0,0,0.00%,大華銀投信,大華銀優化收益15年期以上A級美國公司債券ETF基金
大華銀優化收益15年期以上A級美國公司債券ETF基金 (本基金並無保證收益及配息且配息來源可能為收益平準金),3,永豐金證券,0,0.00%,0,0,0.00%,大華銀投信,大華銀優化收益15年期以上A級美國公司債券ETF基金
大華銀優化收益15年期以上A級美國公司債券ETF基金 (本基金並無保證收益及配息且配息來源可能為收益平準金),4,Barclays Bank PLC,0,0.00%,0,0,0.00%,大華銀投信,大華銀優化收益15年期以上A級美國公司債券ETF基金
大華銀優化收益15年期以上A級美國公司債券ETF基金 (本基金並無保證收益及配息且配息來源可能為收益平準金),5,JP Morgan Securities Plc,0,0.00%,0,0,0.00%,大華銀投信,大華銀優化收益15年期以上A級美國公司債券ETF基金
大華銀優化票息20年期以上美國政府債券ETF基金 (本基金並無保證收益及配息且配息來源可能為收益平準金),1,永豐金證券,0,0.00%,0,0,0.00%,大華銀投信,大華銀優化票息20年期以上美國政府債券ETF基金
大華銀優化票息20年期以上美國政府債券ETF基金 (本基金並無保證收益及配息且配息來源可能為收益平準金),2,JANE STREET FIN LTD,0,0.00%,0,0,0.00%,大華銀投信,大華銀優化票息20年期以上美國政府債券ETF基金
大華銀優化票息20年期以上美國政府債券ETF基金 (本基金並無保證收益及配息且配息來源可能為收益平準金),3,凱基證券,0,0.00%,0,0,0.00%,大華銀投信,大華銀優化票息20年期以上美國政府債券ETF基金
大華銀優化票息20年期以上美國政府債券ETF基金 (本基金並無保證收益及配息且配息來源可能為收益平準金),4,nan,0,0.00%,0,0,0.00%,大華銀投信,大華銀優化票息20年期以上美國政府債券ETF基金
大華銀優化票息20年期以上美國政府債券ETF基金 (本基金並無保證收益及配息且配息來源可能為收益平準金),5,nan,0,0.00%,0,0,0.00%,大華銀投信,大華銀優化票息20年期以上美國政府債券ETF基金
大華銀Magnificent 7 Plus美國大型科技ETF基金,1,元大證券,2757556,28.22%,3447795608,2757556,0.08%,大華銀投信,大華銀Magnificent 7 Plus美國大型科技ETF基金
大華銀Magnificent 7 Plus美國大型科技ETF基金,2,群益金鼎證券,1322384,13.53%,1653182525,1322384,0.08%,大華銀投信,大華銀Magnificent 7 Plus美國大型科技ETF基金
大華銀Magnificent 7 Plus美國大型科技ETF基金,3,華南永昌綜合證券,1287377,13.18%,1593283580,1287377,0.08%,大華銀投信,大華銀Magnificent 7 Plus美國大型科技ETF基金
大華銀Magnificent 7 Plus美國大型科技ETF基金,4,中信證券,1196571,12.25%,1490730222,1196571,0.08%,大華銀投信,大華銀Magnificent 7 Plus美國大型科技ETF基金
大華銀Magnificent 7 Plus美國大型科技ETF基金,5,兆豐證券,1009926,10.34%,1247861239,1009926,0.08%,大華銀投信,大華銀Magnificent 7 Plus美國大型科技ETF基金
大華銀韓國KOSPI 50 ETF基金,1,元大證券,774922,17.98%,646543580,774922,0.12%,大華銀投信,大華銀韓國KOSPI 50 ETF基金
大華銀韓國KOSPI 50 ETF基金,2,群益金鼎證券,652906,15.15%,544742914,652906,0.12%,大華銀投信,大華銀韓國KOSPI 50 ETF基金
大華銀韓國KOSPI 50 ETF基金,3,華南永昌綜合證券,642205,14.90%,535400480,642205,0.12%,大華銀投信,大華銀韓國KOSPI 50 ETF基金
大華銀韓國KOSPI 50 ETF基金,4,兆豐證券,625723,14.52%,521920440,625723,0.12%,大華銀投信,大華銀韓國KOSPI 50 ETF基金
大華銀韓國KOSPI 50 ETF基金,5,富邦證券,544651,12.64%,454418646,544651,0.12%,大華銀投信,大華銀韓國KOSPI 50 ETF基金
大華銀台灣優選股利高填息30ETF基金 (本基金並無保證收益及配息且配息來源可能為收益平準金),1,元大證券,44767640,27.59%,55817441106,44767640,0.08%,大華銀投信,大華銀台灣優選股利高填息30ETF基金
大華銀台灣優選股利高填息30ETF基金 (本基金並無保證收益及配息且配息來源可能為收益平準金),2,群益金鼎證券,20912794,12.89%,26092687079,20912794,0.08%,大華銀投信,大華銀台灣優選股利高填息30ETF基金
大華銀台灣優選股利高填息30ETF基金 (本基金並無保證收益及配息且配息來源可能為收益平準金),3,華南永昌綜合證券,16471011,10.15%,20590869797,16471011,0.08%,大華銀投信,大華銀台灣優選股利高填息30ETF基金
大華銀台灣優選股利高填息30ETF基金 (本基金並無保證收益及配息且配息來源可能為收益平準金),4,兆豐證券,11003043,6.78%,13749694008,11003043,0.08%,大華銀投信,大華銀台灣優選股利高填息30ETF基金
大華銀台灣優選股利高填息30ETF基金 (本基金並無保證收益及配息且配息來源可能為收益平準金),5,富邦證券,10893163,6.71%,13604079046,10893163,0.08%,大華銀投信,大華銀台灣優選股利高填息30ETF基金
大華銀六年期美元保本基金 (本基金為保護型保本基金，保本比率為本金之100%，但投資人於基金到期日前提出買回申請，到期前之買回淨值不保證會高於基金保本率或發行價格),1,JP Morgan Securities Plc,0,0.00%,0,0,0.00%,大華銀投信,大華銀六年期美元保本基金
大華銀六年期美元保本基金 (本基金為保護型保本基金，保本比率為本金之100%，但投資人於基金到期日前提出買回申請，到期前之買回淨值不保證會高於基金保本率或發行價格),2,Mizuho Securities Asia(HK),0,0.00%,0,0,0.00%,大華銀投信,大華銀六年期美元保本基金
大華銀六年期美元保本基金 (本基金為保護型保本基金，保本比率為本金之100%，但投資人於基金到期日前提出買回申請，到期前之買回淨值不保證會高於基金保本率或發行價格),3,nan,0,0.00%,0,0,0.00%,大華銀投信,大華銀六年期美元保本基金
大華銀六年期美元保本基金 (本基金為保護型保本基金，保本比率為本金之100%，但投資人於基金到期日前提出買回申請，到期前之買回淨值不保證會高於基金保本率或發行價格),4,nan,0,0.00%,0,0,0.00%,大華銀投信,大華銀六年期美元保本基金
大華銀六年期美元保本基金 (本基金為保護型保本基金，保本比率為本金之100%，但投資人於基金到期日前提出買回申請，到期前之買回淨值不保證會高於基金保本率或發行價格),5,nan,0,0.00%,0,0,0.00%,大華銀投信,大華銀六年期美元保本基金
路博邁台日雙星股票基金 (本基金配息來源可能為本金),1,台灣摩根士丹利證券,4335229,10.95%,4441594855,4335229,0.10%,路博邁投信,路博邁台日雙星股票基金
路博邁台日雙星股票基金 (本基金配息來源可能為本金),2,摩根大通證券,3677075,9.29%,3709152571,3677075,0.10%,路博邁投信,路博邁台日雙星股票基金
路博邁台日雙星股票基金 (本基金配息來源可能為本金),3,新加坡商瑞銀證券台北分公司,3538084,8.94%,3624880760,3538084,0.10%,路博邁投信,路博邁台日雙星股票基金
路博邁台日雙星股票基金 (本基金配息來源可能為本金),4,元大證券,3532627,8.93%,3545842305,3532627,0.10%,路博邁投信,路博邁台日雙星股票基金
路博邁台日雙星股票基金 (本基金配息來源可能為本金),5,永豐金證券,2956195,7.47%,2952189924,2956195,0.10%,路博邁投信,路博邁台日雙星股票基金
路博邁台灣5G股票基金 (基金之配息來源可能為本金),1,台灣摩根士丹利證券,31702629,14.28%,32473850501,31702629,0.10%,路博邁投信,路博邁台灣5G股票基金
路博邁台灣5G股票基金 (基金之配息來源可能為本金),2,新加坡商瑞銀證券台北分公司,27718349,12.49%,28413222366,27718349,0.10%,路博邁投信,路博邁台灣5G股票基金
路博邁台灣5G股票基金 (基金之配息來源可能為本金),3,摩根大通證券,27344687,12.32%,27605200624,27344687,0.10%,路博邁投信,路博邁台灣5G股票基金
路博邁台灣5G股票基金 (基金之配息來源可能為本金),4,元大證券,25593246,11.53%,25735382344,25593246,0.10%,路博邁投信,路博邁台灣5G股票基金
路博邁台灣5G股票基金 (基金之配息來源可能為本金),5,美林證券,16447061,7.41%,17143222959,16447061,0.10%,路博邁投信,路博邁台灣5G股票基金
路博邁收益成長多重資產基金 (本基金得投資於非投資等級之高風險債券且配息來源可能為本金),1,JEFFERIES & CO.,22006,30.89%,610022502,22006,0.00%,路博邁投信,路博邁收益成長多重資產基金
路博邁收益成長多重資產基金 (本基金得投資於非投資等級之高風險債券且配息來源可能為本金),2,Citigroup Inc,9744,13.68%,25524309,9744,0.04%,路博邁投信,路博邁收益成長多重資產基金
路博邁收益成長多重資產基金 (本基金得投資於非投資等級之高風險債券且配息來源可能為本金),3,J.P. Morgan Securities PLC,28361,39.81%,72098778,28361,0.04%,路博邁投信,路博邁收益成長多重資產基金
路博邁收益成長多重資產基金 (本基金得投資於非投資等級之高風險債券且配息來源可能為本金),4,GOLDMAN SACHS & CO,9619,13.50%,59834922,9619,0.02%,路博邁投信,路博邁收益成長多重資產基金
路博邁收益成長多重資產基金 (本基金得投資於非投資等級之高風險債券且配息來源可能為本金),5,BofA Securities Inc.,0,0.00%,0,0,0.00%,路博邁投信,路博邁收益成長多重資產基金
路博邁5G股票基金,1,J.P. Morgan Securities PLC,2778397,7.60%,5732199302,2778397,0.05%,路博邁投信,路博邁5G股票基金
路博邁5G股票基金,2,UBS SECURITIES,2592087,7.09%,4624574185,2592087,0.06%,路博邁投信,路博邁5G股票基金
路博邁5G股票基金,3,Macquarie Group Ltd,2194848,6.00%,3611702920,2194848,0.06%,路博邁投信,路博邁5G股票基金
路博邁5G股票基金,4,JEFFERIES & CO.,1368623,3.74%,3603698846,1368623,0.04%,路博邁投信,路博邁5G股票基金
路博邁5G股票基金,5,Bank of America/MLCO,1487234,4.07%,3408501077,1487234,0.04%,路博邁投信,路博邁5G股票基金
路博邁顛覆式創新股票基金,1,J.P. Morgan Securities PLC,4056,12.20%,93338391,4056,0.00%,路博邁投信,路博邁顛覆式創新股票基金
路博邁顛覆式創新股票基金,2,HSBC,4894,14.72%,93271546,4894,0.01%,路博邁投信,路博邁顛覆式創新股票基金
路博邁顛覆式創新股票基金,3,UBS SECURITIES,4206,12.65%,89236761,4206,0.00%,路博邁投信,路博邁顛覆式創新股票基金
路博邁顛覆式創新股票基金,4,MORGAN STANLEY,4329,13.02%,85876027,4329,0.01%,路博邁投信,路博邁顛覆式創新股票基金
路博邁顛覆式創新股票基金,5,Macquarie Group Ltd,4498,13.53%,63978668,4498,0.01%,路博邁投信,路博邁顛覆式創新股票基金
